{"type":"FeatureCollection","features":[{"type":"Feature","properties":{"objectId":1,"descr":"CUERPO DE BOMBEROS","nombre":"Cuerpo de bomberos","codigo":"","tipologia":"SEGURIDAD","category":"equipamiento-local","source":"GAD Mejía | equipamiento"},"geometry":{"type":"Point","coordinates":[-78.572361,-0.517659]}},{"type":"Feature","properties":{"objectId":1,"descr":"UPC CUTUGLAGUAUPC","nombre":"UPC Mejía","codigo":"","tipologia":"SEGURIDAD","category":"equipamiento-local","source":"GAD Mejía | equipamiento"},"geometry":{"type":"Point","coordinates":[-78.535573,-0.386982]}},{"type":"Feature","properties":{"objectId":2,"descr":"UPC UYUMBICHO","nombre":"UPC Mejía","codigo":"","tipologia":"SEGURIDAD","category":"equipamiento-local","source":"GAD Mejía | equipamiento"},"geometry":{"type":"Point","coordinates":[-78.525722,-0.390992]}},{"type":"Feature","properties":{"objectId":3,"descr":"UPC TAMBILLO","nombre":"UPC Mejía","codigo":"","tipologia":"SEGURIDAD","category":"equipamiento-local","source":"GAD Mejía | equipamiento"},"geometry":{"type":"Point","coordinates":[-78.541547,-0.404601]}},{"type":"Feature","properties":{"objectId":4,"descr":"UPC OBELISCO","nombre":"UPC Mejía","codigo":"","tipologia":"SEGURIDAD","category":"equipamiento-local","source":"GAD Mejía | equipamiento"},"geometry":{"type":"Point","coordinates":[-78.564478,-0.462105]}},{"type":"Feature","properties":{"objectId":5,"descr":"UPC MACHACHI","nombre":"UPC Mejía","codigo":"","tipologia":"SEGURIDAD","category":"equipamiento-local","source":"GAD Mejía | equipamiento"},"geometry":{"type":"Point","coordinates":[-78.578588,-0.525493]}},{"type":"Feature","properties":{"objectId":6,"descr":"UPC EL CHAUPI","nombre":"UPC Mejía","codigo":"","tipologia":"SEGURIDAD","category":"equipamiento-local","source":"GAD Mejía | equipamiento"},"geometry":{"type":"Point","coordinates":[-78.642966,-0.601161]}},{"type":"Feature","properties":{"objectId":7,"descr":"UPC ALOASI","nombre":"UPC Mejía","codigo":"","tipologia":"SEGURIDAD","category":"equipamiento-local","source":"GAD Mejía | equipamiento"},"geometry":{"type":"Point","coordinates":[-78.578171,-0.517809]}},{"type":"Feature","properties":{"objectId":1,"descr":"HOSPITAL BASICO MACHACHI","nombre":"Establecimiento de salud","codigo":"","tipologia":"SALUD","category":"equipamiento-local","source":"GAD Mejía | equipamiento"},"geometry":{"type":"Point","coordinates":[-78.569157,-0.511677]}},{"type":"Feature","properties":{"objectId":2,"descr":"CENTRO DE SALUD ALOASI","nombre":"Establecimiento de salud","codigo":"","tipologia":"SALUD","category":"equipamiento-local","source":"GAD Mejía | equipamiento"},"geometry":{"type":"Point","coordinates":[-78.586277,-0.518436]}},{"type":"Feature","properties":{"objectId":3,"descr":"CENTRO DE SALUD EL CHAUPI","nombre":"Establecimiento de salud","codigo":"","tipologia":"SALUD","category":"equipamiento-local","source":"GAD Mejía | equipamiento"},"geometry":{"type":"Point","coordinates":[-78.64276,-0.601296]}},{"type":"Feature","properties":{"objectId":4,"descr":"PUESTO DE SALUD PUICHIG","nombre":"Establecimiento de salud","codigo":"","tipologia":"SALUD","category":"equipamiento-local","source":"GAD Mejía | equipamiento"},"geometry":{"type":"Point","coordinates":[-78.548724,-0.479156]}},{"type":"Feature","properties":{"objectId":5,"descr":"CENTRO DE SALUD TAMBILLO","nombre":"Establecimiento de salud","codigo":"","tipologia":"SALUD","category":"equipamiento-local","source":"GAD Mejía | equipamiento"},"geometry":{"type":"Point","coordinates":[-78.541745,-0.40432]}},{"type":"Feature","properties":{"objectId":6,"descr":"CENTRO DE SALUD TANDAPI","nombre":"Establecimiento de salud","codigo":"","tipologia":"SALUD","category":"equipamiento-local","source":"GAD Mejía | equipamiento"},"geometry":{"type":"Point","coordinates":[-78.800908,-0.414476]}},{"type":"Feature","properties":{"objectId":7,"descr":"UNIDADES ANIDADAS MACHACHI","nombre":"Establecimiento de salud","codigo":"","tipologia":"SALUD","category":"equipamiento-local","source":"GAD Mejía | equipamiento"},"geometry":{"type":"Point","coordinates":[-78.571606,-0.517102]}},{"type":"Feature","properties":{"objectId":8,"descr":"CENTRO DE SALUD ALOAG","nombre":"Establecimiento de salud","codigo":"","tipologia":"SALUD","category":"equipamiento-local","source":"GAD Mejía | equipamiento"},"geometry":{"type":"Point","coordinates":[-78.583477,-0.465836]}},{"type":"Feature","properties":{"objectId":9,"descr":"CENTRO DE SALUD CUTUGLAGUA","nombre":"Establecimiento de salud","codigo":"","tipologia":"SALUD","category":"equipamiento-local","source":"GAD Mejía | equipamiento"},"geometry":{"type":"Point","coordinates":[-78.548275,-0.36541]}},{"type":"Feature","properties":{"objectId":10,"descr":"CENTRO DE SALUD UYUMBICHO","nombre":"Establecimiento de salud","codigo":"","tipologia":"SALUD","category":"equipamiento-local","source":"GAD Mejía | equipamiento"},"geometry":{"type":"Point","coordinates":[-78.521908,-0.383914]}},{"type":"Feature","properties":{"objectId":11,"descr":"PUESTO DE SALUD LA ESPERIE","nombre":"Establecimiento de salud","codigo":"","tipologia":"SALUD","category":"equipamiento-local","source":"GAD Mejía | equipamiento"},"geometry":{"type":"Point","coordinates":[-78.8545,-0.348958]}},{"type":"Feature","properties":{"objectId":12,"descr":"CENTRO DE SALUD","nombre":"Establecimiento de salud","codigo":"","tipologia":"SALUD","category":"equipamiento-local","source":"GAD Mejía | equipamiento"},"geometry":{"type":"Point","coordinates":[-78.565779,-0.515754]}},{"type":"Feature","properties":{"objectId":13,"descr":"CENTRO DE SALUD","nombre":"Establecimiento de salud","codigo":"","tipologia":"SALUD","category":"equipamiento-local","source":"GAD Mejía | equipamiento"},"geometry":{"type":"Point","coordinates":[-78.568668,-0.513052]}},{"type":"Feature","properties":{"objectId":1,"descr":"IGLESIA CHAUPI","nombre":"Iglesia","codigo":"","tipologia":"CULTO","category":"equipamiento-local","source":"GAD Mejía | equipamiento"},"geometry":{"type":"Point","coordinates":[-78.642934,-0.601831]}},{"type":"Feature","properties":{"objectId":2,"descr":"IGLESIA ALOASI","nombre":"Iglesia","codigo":"","tipologia":"CULTO","category":"equipamiento-local","source":"GAD Mejía | equipamiento"},"geometry":{"type":"Point","coordinates":[-78.585158,-0.519012]}},{"type":"Feature","properties":{"objectId":3,"descr":"IGLESIA MACHACHI","nombre":"Iglesia","codigo":"","tipologia":"CULTO","category":"equipamiento-local","source":"GAD Mejía | equipamiento"},"geometry":{"type":"Point","coordinates":[-78.566655,-0.512231]}},{"type":"Feature","properties":{"objectId":4,"descr":"IGLESIA TAMBILLO","nombre":"Iglesia","codigo":"","tipologia":"CULTO","category":"equipamiento-local","source":"GAD Mejía | equipamiento"},"geometry":{"type":"Point","coordinates":[-78.545381,-0.405352]}},{"type":"Feature","properties":{"objectId":5,"descr":"IGLESIA UYUMBICHO","nombre":"Iglesia","codigo":"","tipologia":"CULTO","category":"equipamiento-local","source":"GAD Mejía | equipamiento"},"geometry":{"type":"Point","coordinates":[-78.52165,-0.384671]}},{"type":"Feature","properties":{"objectId":6,"descr":"IGLESIA TUCUSO","nombre":"Iglesia","codigo":"","tipologia":"CULTO","category":"equipamiento-local","source":"GAD Mejía | equipamiento"},"geometry":{"type":"Point","coordinates":[-78.554722,-0.525916]}},{"type":"Feature","properties":{"objectId":7,"descr":"IGLESIA ALOAG","nombre":"Iglesia","codigo":"","tipologia":"CULTO","category":"equipamiento-local","source":"GAD Mejía | equipamiento"},"geometry":{"type":"Point","coordinates":[-78.586022,-0.46857]}},{"type":"Feature","properties":{"objectId":8,"descr":"IGLESIA CUTUGLAGUA","nombre":"Iglesia","codigo":"","tipologia":"CULTO","category":"equipamiento-local","source":"GAD Mejía | equipamiento"},"geometry":{"type":"Point","coordinates":[-78.551494,-0.365679]}},{"type":"Feature","properties":{"objectId":9,"descr":"IGLESIA DE CUTUGLAGUA","nombre":"Iglesia","codigo":"","tipologia":"CULTO","category":"equipamiento-local","source":"GAD Mejía | equipamiento"},"geometry":{"type":"Point","coordinates":[-78.551181,-0.365318]}},{"type":"Feature","properties":{"objectId":10,"descr":"IGLESIA TANDAPI","nombre":"Iglesia","codigo":"","tipologia":"CULTO","category":"equipamiento-local","source":"GAD Mejía | equipamiento"},"geometry":{"type":"Point","coordinates":[-78.797132,-0.417372]}},{"type":"Feature","properties":{"objectId":1,"descr":"Parque Barrial","nombre":"Propiedad Municipal","codigo":"","tipologia":"RECREACIÓN Y DEPORTE","category":"equipamiento-local","source":"GAD Mejía | equipamiento"},"geometry":{"type":"Point","coordinates":[-78.584148,-0.46959]}},{"type":"Feature","properties":{"objectId":2,"descr":"Parque Barrial","nombre":"Propiedad Municipal","codigo":"","tipologia":"RECREACIÓN Y DEPORTE","category":"equipamiento-local","source":"GAD Mejía | equipamiento"},"geometry":{"type":"Point","coordinates":[-78.572506,-0.502169]}},{"type":"Feature","properties":{"objectId":3,"descr":"Parque Barrial","nombre":"Propiedad Municipal","codigo":"","tipologia":"RECREACIÓN Y DEPORTE","category":"equipamiento-local","source":"GAD Mejía | equipamiento"},"geometry":{"type":"Point","coordinates":[-78.572906,-0.509504]}},{"type":"Feature","properties":{"objectId":4,"descr":"Parque Barrial","nombre":"Propiedad Municipal","codigo":"","tipologia":"RECREACIÓN Y DEPORTE","category":"equipamiento-local","source":"GAD Mejía | equipamiento"},"geometry":{"type":"Point","coordinates":[-78.572214,-0.50884]}},{"type":"Feature","properties":{"objectId":5,"descr":"Parque Barrial","nombre":"Propiedad Municipal","codigo":"","tipologia":"RECREACIÓN Y DEPORTE","category":"equipamiento-local","source":"GAD Mejía | equipamiento"},"geometry":{"type":"Point","coordinates":[-78.575392,-0.516166]}},{"type":"Feature","properties":{"objectId":6,"descr":"Parque Barrial","nombre":"Propiedad Municipal","codigo":"","tipologia":"RECREACIÓN Y DEPORTE","category":"equipamiento-local","source":"GAD Mejía | equipamiento"},"geometry":{"type":"Point","coordinates":[-78.568517,-0.501377]}},{"type":"Feature","properties":{"objectId":7,"descr":"Parque Barrial","nombre":"Propiedad Municipal","codigo":"","tipologia":"RECREACIÓN Y DEPORTE","category":"equipamiento-local","source":"GAD Mejía | equipamiento"},"geometry":{"type":"Point","coordinates":[-78.562959,-0.372364]}},{"type":"Feature","properties":{"objectId":8,"descr":"Parque Barrial","nombre":"Propiedad Municipal","codigo":"","tipologia":"RECREACIÓN Y DEPORTE","category":"equipamiento-local","source":"GAD Mejía | equipamiento"},"geometry":{"type":"Point","coordinates":[-78.579454,-0.525992]}},{"type":"Feature","properties":{"objectId":9,"descr":"Parque Barrial","nombre":"Propiedad Municipal","codigo":"","tipologia":"RECREACIÓN Y DEPORTE","category":"equipamiento-local","source":"GAD Mejía | equipamiento"},"geometry":{"type":"Point","coordinates":[-78.548425,-0.365661]}},{"type":"Feature","properties":{"objectId":10,"descr":"Parque Barrial","nombre":"Propiedad Municipal","codigo":"","tipologia":"RECREACIÓN Y DEPORTE","category":"equipamiento-local","source":"GAD Mejía | equipamiento"},"geometry":{"type":"Point","coordinates":[-78.546216,-0.36651]}},{"type":"Feature","properties":{"objectId":11,"descr":"Parque Barrial","nombre":"Propiedad Municipal","codigo":"","tipologia":"RECREACIÓN Y DEPORTE","category":"equipamiento-local","source":"GAD Mejía | equipamiento"},"geometry":{"type":"Point","coordinates":[-78.541951,-0.399299]}},{"type":"Feature","properties":{"objectId":12,"descr":"Parque Barrial","nombre":"Propiedad Municipal","codigo":"","tipologia":"RECREACIÓN Y DEPORTE","category":"equipamiento-local","source":"GAD Mejía | equipamiento"},"geometry":{"type":"Point","coordinates":[-78.583631,-0.519169]}},{"type":"Feature","properties":{"objectId":13,"descr":"Parque Barrial","nombre":"Propiedad Municipal","codigo":"","tipologia":"RECREACIÓN Y DEPORTE","category":"equipamiento-local","source":"GAD Mejía | equipamiento"},"geometry":{"type":"Point","coordinates":[-78.538118,-0.404848]}},{"type":"Feature","properties":{"objectId":14,"descr":"Parque Barrial","nombre":"Propiedad Municipal","codigo":"","tipologia":"RECREACIÓN Y DEPORTE","category":"equipamiento-local","source":"GAD Mejía | equipamiento"},"geometry":{"type":"Point","coordinates":[-78.532339,-0.401346]}},{"type":"Feature","properties":{"objectId":15,"descr":"Parque Barrial","nombre":"Propiedad Municipal","codigo":"","tipologia":"RECREACIÓN Y DEPORTE","category":"equipamiento-local","source":"GAD Mejía | equipamiento"},"geometry":{"type":"Point","coordinates":[-78.530921,-0.400422]}},{"type":"Feature","properties":{"objectId":16,"descr":"Parque Barrial","nombre":"Propiedad Municipal","codigo":"","tipologia":"RECREACIÓN Y DEPORTE","category":"equipamiento-local","source":"GAD Mejía | equipamiento"},"geometry":{"type":"Point","coordinates":[-78.521682,-0.388225]}},{"type":"Feature","properties":{"objectId":17,"descr":"Parque Barrial","nombre":"Propiedad Municipal","codigo":"","tipologia":"RECREACIÓN Y DEPORTE","category":"equipamiento-local","source":"GAD Mejía | equipamiento"},"geometry":{"type":"Point","coordinates":[-78.560412,-0.502348]}},{"type":"Feature","properties":{"objectId":18,"descr":"Parque Barrial","nombre":"Propiedad Municipal","codigo":"","tipologia":"RECREACIÓN Y DEPORTE","category":"equipamiento-local","source":"GAD Mejía | equipamiento"},"geometry":{"type":"Point","coordinates":[-78.567892,-0.508962]}},{"type":"Feature","properties":{"objectId":19,"descr":"Parque Barrial","nombre":"Propiedad Municipal","codigo":"","tipologia":"RECREACIÓN Y DEPORTE","category":"equipamiento-local","source":"GAD Mejía | equipamiento"},"geometry":{"type":"Point","coordinates":[-78.560014,-0.374438]}},{"type":"Feature","properties":{"objectId":20,"descr":"Parque Barrial","nombre":"Propiedad Municipal","codigo":"","tipologia":"RECREACIÓN Y DEPORTE","category":"equipamiento-local","source":"GAD Mejía | equipamiento"},"geometry":{"type":"Point","coordinates":[-78.559604,-0.362818]}},{"type":"Feature","properties":{"objectId":21,"descr":"Parque Barrial","nombre":"Propiedad Municipal","codigo":"","tipologia":"RECREACIÓN Y DEPORTE","category":"equipamiento-local","source":"GAD Mejía | equipamiento"},"geometry":{"type":"Point","coordinates":[-78.547564,-0.411464]}},{"type":"Feature","properties":{"objectId":22,"descr":"Parque Barrial","nombre":"Propiedad Municipal","codigo":"","tipologia":"RECREACIÓN Y DEPORTE","category":"equipamiento-local","source":"GAD Mejía | equipamiento"},"geometry":{"type":"Point","coordinates":[-78.594898,-0.568767]}},{"type":"Feature","properties":{"objectId":23,"descr":"Parque Barrial","nombre":"Propiedad Municipal","codigo":"","tipologia":"RECREACIÓN Y DEPORTE","category":"equipamiento-local","source":"GAD Mejía | equipamiento"},"geometry":{"type":"Point","coordinates":[-78.566841,-0.380115]}},{"type":"Feature","properties":{"objectId":24,"descr":"Parque Barrial","nombre":"Propiedad Municipal","codigo":"","tipologia":"RECREACIÓN Y DEPORTE","category":"equipamiento-local","source":"GAD Mejía | equipamiento"},"geometry":{"type":"Point","coordinates":[-78.596478,-0.468048]}},{"type":"Feature","properties":{"objectId":25,"descr":"Áreas verdes","nombre":"Propiedad Municipal","codigo":"","tipologia":"Áreas Verdes","category":"equipamiento-local","source":"GAD Mejía | equipamiento"},"geometry":{"type":"Point","coordinates":[-78.641872,-0.601982]}},{"type":"Feature","properties":{"objectId":26,"descr":"Áreas verdes","nombre":"Propiedad Municipal","codigo":"","tipologia":"Áreas Verdes","category":"equipamiento-local","source":"GAD Mejía | equipamiento"},"geometry":{"type":"Point","coordinates":[-78.567505,-0.507678]}},{"type":"Feature","properties":{"objectId":27,"descr":"Áreas verdes","nombre":"Propiedad Municipal","codigo":"","tipologia":"Áreas Verdes","category":"equipamiento-local","source":"GAD Mejía | equipamiento"},"geometry":{"type":"Point","coordinates":[-78.566031,-0.51225]}},{"type":"Feature","properties":{"objectId":28,"descr":"Áreas verdes","nombre":"Propiedad Municipal","codigo":"","tipologia":"Áreas Verdes","category":"equipamiento-local","source":"GAD Mejía | equipamiento"},"geometry":{"type":"Point","coordinates":[-78.572246,-0.516395]}},{"type":"Feature","properties":{"objectId":29,"descr":"Áreas verdes","nombre":"Propiedad Municipal","codigo":"","tipologia":"Áreas Verdes","category":"equipamiento-local","source":"GAD Mejía | equipamiento"},"geometry":{"type":"Point","coordinates":[-78.568096,-0.504235]}},{"type":"Feature","properties":{"objectId":30,"descr":"Áreas verdes","nombre":"Propiedad Municipal","codigo":"","tipologia":"Áreas Verdes","category":"equipamiento-local","source":"GAD Mejía | equipamiento"},"geometry":{"type":"Point","coordinates":[-78.563988,-0.511025]}},{"type":"Feature","properties":{"objectId":31,"descr":"Parque zonal","nombre":"Propiedad Municipal","codigo":"","tipologia":"RECREACIÓN Y DEPORTE","category":"equipamiento-local","source":"GAD Mejía | equipamiento"},"geometry":{"type":"Point","coordinates":[-78.567365,-0.507722]}},{"type":"Feature","properties":{"objectId":32,"descr":"Parque zonal","nombre":"Propiedad Municipal","codigo":"","tipologia":"RECREACIÓN Y DEPORTE","category":"equipamiento-local","source":"GAD Mejía | equipamiento"},"geometry":{"type":"Point","coordinates":[-78.567541,-0.507518]}},{"type":"Feature","properties":{"objectId":33,"descr":"Parque sectorial","nombre":"Propiedad Municipal","codigo":"","tipologia":"RECREACIÓN Y DEPORTE","category":"equipamiento-local","source":"GAD Mejía | equipamiento"},"geometry":{"type":"Point","coordinates":[-78.583299,-0.468478]}},{"type":"Feature","properties":{"objectId":34,"descr":"Parque sectorial","nombre":"Propiedad Municipal","codigo":"","tipologia":"RECREACIÓN Y DEPORTE","category":"equipamiento-local","source":"GAD Mejía | equipamiento"},"geometry":{"type":"Point","coordinates":[-78.799158,-0.415896]}},{"type":"Feature","properties":{"objectId":35,"descr":"Parque infantil","nombre":"Propiedad Municipal","codigo":"","tipologia":"RECREACIÓN Y DEPORTE","category":"equipamiento-local","source":"GAD Mejía | equipamiento"},"geometry":{"type":"Point","coordinates":[-78.564919,-0.518485]}},{"type":"Feature","properties":{"objectId":36,"descr":"Parque infantil","nombre":"Propiedad Municipal","codigo":"","tipologia":"RECREACIÓN Y DEPORTE","category":"equipamiento-local","source":"GAD Mejía | equipamiento"},"geometry":{"type":"Point","coordinates":[-78.569816,-0.515207]}},{"type":"Feature","properties":{"objectId":37,"descr":"Parque infantil","nombre":"Propiedad Municipal","codigo":"","tipologia":"RECREACIÓN Y DEPORTE","category":"equipamiento-local","source":"GAD Mejía | equipamiento"},"geometry":{"type":"Point","coordinates":[-78.57146,-0.51241]}},{"type":"Feature","properties":{"objectId":38,"descr":"Parque infantil","nombre":"Propiedad Municipal","codigo":"","tipologia":"RECREACIÓN Y DEPORTE","category":"equipamiento-local","source":"GAD Mejía | equipamiento"},"geometry":{"type":"Point","coordinates":[-78.561044,-0.506976]}},{"type":"Feature","properties":{"objectId":39,"descr":"Parque infantil","nombre":"Propiedad Municipal","codigo":"","tipologia":"RECREACIÓN Y DEPORTE","category":"equipamiento-local","source":"GAD Mejía | equipamiento"},"geometry":{"type":"Point","coordinates":[-78.5566,-0.362876]}},{"type":"Feature","properties":{"objectId":40,"descr":"Parque infantil","nombre":"Propiedad Municipal","codigo":"","tipologia":"RECREACIÓN Y DEPORTE","category":"equipamiento-local","source":"GAD Mejía | equipamiento"},"geometry":{"type":"Point","coordinates":[-78.566572,-0.519535]}},{"type":"Feature","properties":{"objectId":41,"descr":"Parque infantil","nombre":"Propiedad Municipal","codigo":"","tipologia":"RECREACIÓN Y DEPORTE","category":"equipamiento-local","source":"GAD Mejía | equipamiento"},"geometry":{"type":"Point","coordinates":[-78.547586,-0.374142]}},{"type":"Feature","properties":{"objectId":42,"descr":"Parque infantil","nombre":"Propiedad Municipal","codigo":"","tipologia":"RECREACIÓN Y DEPORTE","category":"equipamiento-local","source":"GAD Mejía | equipamiento"},"geometry":{"type":"Point","coordinates":[-78.575973,-0.520349]}},{"type":"Feature","properties":{"objectId":43,"descr":"Parque infantil","nombre":"Propiedad Municipal","codigo":"","tipologia":"RECREACIÓN Y DEPORTE","category":"equipamiento-local","source":"GAD Mejía | equipamiento"},"geometry":{"type":"Point","coordinates":[-78.551168,-0.410091]}},{"type":"Feature","properties":{"objectId":44,"descr":"Parque infantil","nombre":"Propiedad Municipal","codigo":"","tipologia":"RECREACIÓN Y DEPORTE","category":"equipamiento-local","source":"GAD Mejía | equipamiento"},"geometry":{"type":"Point","coordinates":[-78.573099,-0.521535]}},{"type":"Feature","properties":{"objectId":45,"descr":"Parque infantil","nombre":"Propiedad Municipal","codigo":"","tipologia":"RECREACIÓN Y DEPORTE","category":"equipamiento-local","source":"GAD Mejía | equipamiento"},"geometry":{"type":"Point","coordinates":[-78.54369,-0.401857]}},{"type":"Feature","properties":{"objectId":46,"descr":"Parque infantil","nombre":"Propiedad Municipal","codigo":"","tipologia":"RECREACIÓN Y DEPORTE","category":"equipamiento-local","source":"GAD Mejía | equipamiento"},"geometry":{"type":"Point","coordinates":[-78.562001,-0.502058]}},{"type":"Feature","properties":{"objectId":47,"descr":"Parque infantil","nombre":"Propiedad Municipal","codigo":"","tipologia":"RECREACIÓN Y DEPORTE","category":"equipamiento-local","source":"GAD Mejía | equipamiento"},"geometry":{"type":"Point","coordinates":[-78.56062,-0.365568]}},{"type":"Feature","properties":{"objectId":48,"descr":"Parque central","nombre":"Propiedad Municipal","codigo":"","tipologia":"RECREACIÓN Y DEPORTE","category":"equipamiento-local","source":"GAD Mejía | equipamiento"},"geometry":{"type":"Point","coordinates":[-78.642436,-0.601892]}},{"type":"Feature","properties":{"objectId":49,"descr":"Parque central","nombre":"Propiedad Municipal","codigo":"","tipologia":"RECREACIÓN Y DEPORTE","category":"equipamiento-local","source":"GAD Mejía | equipamiento"},"geometry":{"type":"Point","coordinates":[-78.554521,-0.526295]}},{"type":"Feature","properties":{"objectId":50,"descr":"Parque central","nombre":"Propiedad Municipal","codigo":"","tipologia":"RECREACIÓN Y DEPORTE","category":"equipamiento-local","source":"GAD Mejía | equipamiento"},"geometry":{"type":"Point","coordinates":[-78.584514,-0.518758]}},{"type":"Feature","properties":{"objectId":51,"descr":"Parque central","nombre":"Propiedad Municipal","codigo":"","tipologia":"RECREACIÓN Y DEPORTE","category":"equipamiento-local","source":"GAD Mejía | equipamiento"},"geometry":{"type":"Point","coordinates":[-78.566045,-0.512268]}},{"type":"Feature","properties":{"objectId":52,"descr":"Parque central","nombre":"Propiedad Municipal","codigo":"","tipologia":"RECREACIÓN Y DEPORTE","category":"equipamiento-local","source":"GAD Mejía | equipamiento"},"geometry":{"type":"Point","coordinates":[-78.585499,-0.46864]}},{"type":"Feature","properties":{"objectId":53,"descr":"Parque central","nombre":"Propiedad Municipal","codigo":"","tipologia":"RECREACIÓN Y DEPORTE","category":"equipamiento-local","source":"GAD Mejía | equipamiento"},"geometry":{"type":"Point","coordinates":[-78.540146,-0.433325]}},{"type":"Feature","properties":{"objectId":54,"descr":"Parque central","nombre":"Propiedad Municipal","codigo":"","tipologia":"RECREACIÓN Y DEPORTE","category":"equipamiento-local","source":"GAD Mejía | equipamiento"},"geometry":{"type":"Point","coordinates":[-78.544891,-0.404993]}},{"type":"Feature","properties":{"objectId":55,"descr":"Parque central","nombre":"Propiedad Municipal","codigo":"","tipologia":"RECREACIÓN Y DEPORTE","category":"equipamiento-local","source":"GAD Mejía | equipamiento"},"geometry":{"type":"Point","coordinates":[-78.522021,-0.384986]}},{"type":"Feature","properties":{"objectId":56,"descr":"Cancha deportiva","nombre":"Propiedad Municipal","codigo":"","tipologia":"RECREACIÓN Y DEPORTE","category":"equipamiento-local","source":"GAD Mejía | equipamiento"},"geometry":{"type":"Point","coordinates":[-78.57945,-0.475121]}},{"type":"Feature","properties":{"objectId":57,"descr":"Cancha deportiva","nombre":"Propiedad Municipal","codigo":"","tipologia":"RECREACIÓN Y DEPORTE","category":"equipamiento-local","source":"GAD Mejía | equipamiento"},"geometry":{"type":"Point","coordinates":[-78.582995,-0.465206]}},{"type":"Feature","properties":{"objectId":58,"descr":"Cancha deportiva","nombre":"Propiedad Municipal","codigo":"","tipologia":"RECREACIÓN Y DEPORTE","category":"equipamiento-local","source":"GAD Mejía | equipamiento"},"geometry":{"type":"Point","coordinates":[-78.5473,-0.420593]}},{"type":"Feature","properties":{"objectId":59,"descr":"Cancha deportiva","nombre":"Propiedad Municipal","codigo":"","tipologia":"RECREACIÓN Y DEPORTE","category":"equipamiento-local","source":"GAD Mejía | equipamiento"},"geometry":{"type":"Point","coordinates":[-78.586348,-0.520467]}},{"type":"Feature","properties":{"objectId":60,"descr":"Cancha deportiva","nombre":"Propiedad Municipal","codigo":"","tipologia":"RECREACIÓN Y DEPORTE","category":"equipamiento-local","source":"GAD Mejía | equipamiento"},"geometry":{"type":"Point","coordinates":[-78.570009,-0.510807]}},{"type":"Feature","properties":{"objectId":61,"descr":"Cancha deportiva","nombre":"Propiedad Municipal","codigo":"","tipologia":"RECREACIÓN Y DEPORTE","category":"equipamiento-local","source":"GAD Mejía | equipamiento"},"geometry":{"type":"Point","coordinates":[-78.566225,-0.519942]}},{"type":"Feature","properties":{"objectId":62,"descr":"Cancha deportiva","nombre":"Propiedad Municipal","codigo":"","tipologia":"RECREACIÓN Y DEPORTE","category":"equipamiento-local","source":"GAD Mejía | equipamiento"},"geometry":{"type":"Point","coordinates":[-78.574602,-0.521865]}},{"type":"Feature","properties":{"objectId":63,"descr":"Cancha deportiva","nombre":"Propiedad Municipal","codigo":"","tipologia":"RECREACIÓN Y DEPORTE","category":"equipamiento-local","source":"GAD Mejía | equipamiento"},"geometry":{"type":"Point","coordinates":[-78.571926,-0.5046]}},{"type":"Feature","properties":{"objectId":64,"descr":"Cancha deportiva","nombre":"Propiedad Municipal","codigo":"","tipologia":"RECREACIÓN Y DEPORTE","category":"equipamiento-local","source":"GAD Mejía | equipamiento"},"geometry":{"type":"Point","coordinates":[-78.563247,-0.364641]}},{"type":"Feature","properties":{"objectId":65,"descr":"Cancha deportiva","nombre":"Propiedad Municipal","codigo":"","tipologia":"RECREACIÓN Y DEPORTE","category":"equipamiento-local","source":"GAD Mejía | equipamiento"},"geometry":{"type":"Point","coordinates":[-78.567951,-0.501109]}},{"type":"Feature","properties":{"objectId":66,"descr":"Cancha deportiva","nombre":"Propiedad Municipal","codigo":"","tipologia":"RECREACIÓN Y DEPORTE","category":"equipamiento-local","source":"GAD Mejía | equipamiento"},"geometry":{"type":"Point","coordinates":[-78.567725,-0.50161]}},{"type":"Feature","properties":{"objectId":67,"descr":"Cancha deportiva","nombre":"Propiedad Municipal","codigo":"","tipologia":"RECREACIÓN Y DEPORTE","category":"equipamiento-local","source":"GAD Mejía | equipamiento"},"geometry":{"type":"Point","coordinates":[-78.561568,-0.527873]}},{"type":"Feature","properties":{"objectId":68,"descr":"Cancha deportiva","nombre":"Propiedad Municipal","codigo":"","tipologia":"RECREACIÓN Y DEPORTE","category":"equipamiento-local","source":"GAD Mejía | equipamiento"},"geometry":{"type":"Point","coordinates":[-78.542243,-0.370509]}},{"type":"Feature","properties":{"objectId":69,"descr":"Cancha deportiva","nombre":"Propiedad Municipal","codigo":"","tipologia":"RECREACIÓN Y DEPORTE","category":"equipamiento-local","source":"GAD Mejía | equipamiento"},"geometry":{"type":"Point","coordinates":[-78.542019,-0.370526]}},{"type":"Feature","properties":{"objectId":70,"descr":"Cancha deportiva","nombre":"Propiedad Municipal","codigo":"","tipologia":"RECREACIÓN Y DEPORTE","category":"equipamiento-local","source":"GAD Mejía | equipamiento"},"geometry":{"type":"Point","coordinates":[-78.542236,-0.370419]}},{"type":"Feature","properties":{"objectId":71,"descr":"Cancha deportiva","nombre":"Propiedad Municipal","codigo":"","tipologia":"RECREACIÓN Y DEPORTE","category":"equipamiento-local","source":"GAD Mejía | equipamiento"},"geometry":{"type":"Point","coordinates":[-78.570594,-0.358703]}},{"type":"Feature","properties":{"objectId":72,"descr":"Cancha deportiva","nombre":"Propiedad Municipal","codigo":"","tipologia":"RECREACIÓN Y DEPORTE","category":"equipamiento-local","source":"GAD Mejía | equipamiento"},"geometry":{"type":"Point","coordinates":[-78.586512,-0.46875]}},{"type":"Feature","properties":{"objectId":73,"descr":"Cancha deportiva","nombre":"Propiedad Municipal","codigo":"","tipologia":"RECREACIÓN Y DEPORTE","category":"equipamiento-local","source":"GAD Mejía | equipamiento"},"geometry":{"type":"Point","coordinates":[-78.581428,-0.516761]}},{"type":"Feature","properties":{"objectId":74,"descr":"Cancha deportiva","nombre":"Propiedad Municipal","codigo":"","tipologia":"RECREACIÓN Y DEPORTE","category":"equipamiento-local","source":"GAD Mejía | equipamiento"},"geometry":{"type":"Point","coordinates":[-78.53516,-0.378104]}},{"type":"Feature","properties":{"objectId":75,"descr":"Cancha deportiva","nombre":"Propiedad Municipal","codigo":"","tipologia":"RECREACIÓN Y DEPORTE","category":"equipamiento-local","source":"GAD Mejía | equipamiento"},"geometry":{"type":"Point","coordinates":[-78.565385,-0.361759]}},{"type":"Feature","properties":{"objectId":76,"descr":"Cancha deportiva","nombre":"Propiedad Municipal","codigo":"","tipologia":"RECREACIÓN Y DEPORTE","category":"equipamiento-local","source":"GAD Mejía | equipamiento"},"geometry":{"type":"Point","coordinates":[-78.568167,-0.500733]}},{"type":"Feature","properties":{"objectId":77,"descr":"Cancha deportiva","nombre":"Propiedad Municipal","codigo":"","tipologia":"RECREACIÓN Y DEPORTE","category":"equipamiento-local","source":"GAD Mejía | equipamiento"},"geometry":{"type":"Point","coordinates":[-78.550541,-0.373661]}},{"type":"Feature","properties":{"objectId":78,"descr":"Cancha deportiva","nombre":"Propiedad Municipal","codigo":"","tipologia":"RECREACIÓN Y DEPORTE","category":"equipamiento-local","source":"GAD Mejía | equipamiento"},"geometry":{"type":"Point","coordinates":[-78.553976,-0.410979]}},{"type":"Feature","properties":{"objectId":79,"descr":"Cancha deportiva","nombre":"Propiedad Municipal","codigo":"","tipologia":"RECREACIÓN Y DEPORTE","category":"equipamiento-local","source":"GAD Mejía | equipamiento"},"geometry":{"type":"Point","coordinates":[-78.54303,-0.405353]}},{"type":"Feature","properties":{"objectId":80,"descr":"Cancha deportiva","nombre":"Propiedad Municipal","codigo":"","tipologia":"RECREACIÓN Y DEPORTE","category":"equipamiento-local","source":"GAD Mejía | equipamiento"},"geometry":{"type":"Point","coordinates":[-78.575974,-0.520066]}},{"type":"Feature","properties":{"objectId":81,"descr":"Cancha deportiva","nombre":"Propiedad Municipal","codigo":"","tipologia":"RECREACIÓN Y DEPORTE","category":"equipamiento-local","source":"GAD Mejía | equipamiento"},"geometry":{"type":"Point","coordinates":[-78.539452,-0.432267]}},{"type":"Feature","properties":{"objectId":82,"descr":"Cancha deportiva","nombre":"Propiedad Municipal","codigo":"","tipologia":"RECREACIÓN Y DEPORTE","category":"equipamiento-local","source":"GAD Mejía | equipamiento"},"geometry":{"type":"Point","coordinates":[-78.551475,-0.413196]}},{"type":"Feature","properties":{"objectId":83,"descr":"Cancha deportiva","nombre":"Propiedad Municipal","codigo":"","tipologia":"RECREACIÓN Y DEPORTE","category":"equipamiento-local","source":"GAD Mejía | equipamiento"},"geometry":{"type":"Point","coordinates":[-78.519826,-0.384403]}},{"type":"Feature","properties":{"objectId":84,"descr":"Cancha deportiva","nombre":"Propiedad Municipal","codigo":"","tipologia":"RECREACIÓN Y DEPORTE","category":"equipamiento-local","source":"GAD Mejía | equipamiento"},"geometry":{"type":"Point","coordinates":[-78.543012,-0.387471]}},{"type":"Feature","properties":{"objectId":85,"descr":"Cancha deportiva","nombre":"Propiedad Municipal","codigo":"","tipologia":"RECREACIÓN Y DEPORTE","category":"equipamiento-local","source":"GAD Mejía | equipamiento"},"geometry":{"type":"Point","coordinates":[-78.53806,-0.383232]}},{"type":"Feature","properties":{"objectId":86,"descr":"Cancha deportiva","nombre":"Propiedad Municipal","codigo":"","tipologia":"RECREACIÓN Y DEPORTE","category":"equipamiento-local","source":"GAD Mejía | equipamiento"},"geometry":{"type":"Point","coordinates":[-78.56539,-0.365749]}},{"type":"Feature","properties":{"objectId":87,"descr":"Cancha deportiva","nombre":"Propiedad Municipal","codigo":"","tipologia":"RECREACIÓN Y DEPORTE","category":"equipamiento-local","source":"GAD Mejía | equipamiento"},"geometry":{"type":"Point","coordinates":[-78.578484,-0.514216]}},{"type":"Feature","properties":{"objectId":88,"descr":"Cancha deportiva","nombre":"Propiedad Municipal","codigo":"","tipologia":"RECREACIÓN Y DEPORTE","category":"equipamiento-local","source":"GAD Mejía | equipamiento"},"geometry":{"type":"Point","coordinates":[-78.55064,-0.37672]}},{"type":"Feature","properties":{"objectId":89,"descr":"Cancha deportiva","nombre":"Propiedad Municipal","codigo":"","tipologia":"RECREACIÓN Y DEPORTE","category":"equipamiento-local","source":"GAD Mejía | equipamiento"},"geometry":{"type":"Point","coordinates":[-78.566719,-0.49517]}},{"type":"Feature","properties":{"objectId":90,"descr":"Cancha deportiva","nombre":"Propiedad Municipal","codigo":"","tipologia":"RECREACIÓN Y DEPORTE","category":"equipamiento-local","source":"GAD Mejía | equipamiento"},"geometry":{"type":"Point","coordinates":[-78.550626,-0.504976]}},{"type":"Feature","properties":{"objectId":91,"descr":"Cancha deportiva","nombre":"Propiedad Municipal","codigo":"","tipologia":"RECREACIÓN Y DEPORTE","category":"equipamiento-local","source":"GAD Mejía | equipamiento"},"geometry":{"type":"Point","coordinates":[-78.544726,-0.377772]}},{"type":"Feature","properties":{"objectId":92,"descr":"Cancha deportiva","nombre":"Propiedad Municipal","codigo":"","tipologia":"RECREACIÓN Y DEPORTE","category":"equipamiento-local","source":"GAD Mejía | equipamiento"},"geometry":{"type":"Point","coordinates":[-78.566975,-0.461679]}},{"type":"Feature","properties":{"objectId":93,"descr":"Cancha deportiva","nombre":"Propiedad Municipal","codigo":"","tipologia":"RECREACIÓN Y DEPORTE","category":"equipamiento-local","source":"GAD Mejía | equipamiento"},"geometry":{"type":"Point","coordinates":[-78.554473,-0.398642]}},{"type":"Feature","properties":{"objectId":94,"descr":"Cancha deportiva","nombre":"Propiedad Municipal","codigo":"","tipologia":"RECREACIÓN Y DEPORTE","category":"equipamiento-local","source":"GAD Mejía | equipamiento"},"geometry":{"type":"Point","coordinates":[-78.59507,-0.467554]}},{"type":"Feature","properties":{"objectId":95,"descr":"Cancha deportiva","nombre":"Propiedad Municipal","codigo":"","tipologia":"RECREACIÓN Y DEPORTE","category":"equipamiento-local","source":"GAD Mejía | equipamiento"},"geometry":{"type":"Point","coordinates":[-78.582788,-0.499191]}},{"type":"Feature","properties":{"objectId":96,"descr":"Cancha deportiva","nombre":"Propiedad Municipal","codigo":"","tipologia":"RECREACIÓN Y DEPORTE","category":"equipamiento-local","source":"GAD Mejía | equipamiento"},"geometry":{"type":"Point","coordinates":[-78.58902,-0.499217]}},{"type":"Feature","properties":{"objectId":97,"descr":"Área verde","nombre":"Propiedad Municipal","codigo":"","tipologia":"Áreas Verdes","category":"equipamiento-local","source":"GAD Mejía | equipamiento"},"geometry":{"type":"Point","coordinates":[-78.578513,-0.4765]}},{"type":"Feature","properties":{"objectId":98,"descr":"Área verde","nombre":"Propiedad Municipal","codigo":"","tipologia":"Áreas Verdes","category":"equipamiento-local","source":"GAD Mejía | equipamiento"},"geometry":{"type":"Point","coordinates":[-78.571271,-0.50782]}},{"type":"Feature","properties":{"objectId":99,"descr":"Área verde","nombre":"Propiedad Municipal","codigo":"","tipologia":"Áreas Verdes","category":"equipamiento-local","source":"GAD Mejía | equipamiento"},"geometry":{"type":"Point","coordinates":[-78.581322,-0.527453]}},{"type":"Feature","properties":{"objectId":100,"descr":"Área verde","nombre":"Propiedad Municipal","codigo":"","tipologia":"Áreas Verdes","category":"equipamiento-local","source":"GAD Mejía | equipamiento"},"geometry":{"type":"Point","coordinates":[-78.566107,-0.362159]}},{"type":"Feature","properties":{"objectId":101,"descr":"Área verde","nombre":"Propiedad Municipal","codigo":"","tipologia":"Áreas Verdes","category":"equipamiento-local","source":"GAD Mejía | equipamiento"},"geometry":{"type":"Point","coordinates":[-78.567431,-0.362656]}},{"type":"Feature","properties":{"objectId":102,"descr":"Área verde","nombre":"Propiedad Municipal","codigo":"","tipologia":"Áreas Verdes","category":"equipamiento-local","source":"GAD Mejía | equipamiento"},"geometry":{"type":"Point","coordinates":[-78.542605,-0.405666]}},{"type":"Feature","properties":{"objectId":103,"descr":"Área verde","nombre":"Propiedad Municipal","codigo":"","tipologia":"Áreas Verdes","category":"equipamiento-local","source":"GAD Mejía | equipamiento"},"geometry":{"type":"Point","coordinates":[-78.57213,-0.510968]}},{"type":"Feature","properties":{"objectId":104,"descr":"Área verde","nombre":"Propiedad Municipal","codigo":"","tipologia":"Áreas Verdes","category":"equipamiento-local","source":"GAD Mejía | equipamiento"},"geometry":{"type":"Point","coordinates":[-78.54808,-0.360918]}},{"type":"Feature","properties":{"objectId":105,"descr":"Área verde","nombre":"Propiedad Municipal","codigo":"","tipologia":"Áreas Verdes","category":"equipamiento-local","source":"GAD Mejía | equipamiento"},"geometry":{"type":"Point","coordinates":[-78.533197,-0.383591]}},{"type":"Feature","properties":{"objectId":106,"descr":"Área verde","nombre":"Propiedad Municipal","codigo":"","tipologia":"Áreas Verdes","category":"equipamiento-local","source":"GAD Mejía | equipamiento"},"geometry":{"type":"Point","coordinates":[-78.570379,-0.518748]}},{"type":"Feature","properties":{"objectId":107,"descr":"Área verde","nombre":"Propiedad Municipal","codigo":"","tipologia":"Áreas Verdes","category":"equipamiento-local","source":"GAD Mejía | equipamiento"},"geometry":{"type":"Point","coordinates":[-78.559619,-0.517646]}},{"type":"Feature","properties":{"objectId":108,"descr":"Área verde","nombre":"Propiedad Municipal","codigo":"","tipologia":"Áreas Verdes","category":"equipamiento-local","source":"GAD Mejía | equipamiento"},"geometry":{"type":"Point","coordinates":[-78.572644,-0.519844]}},{"type":"Feature","properties":{"objectId":109,"descr":"Área verde","nombre":"Propiedad Municipal","codigo":"","tipologia":"Áreas Verdes","category":"equipamiento-local","source":"GAD Mejía | equipamiento"},"geometry":{"type":"Point","coordinates":[-78.571489,-0.522125]}},{"type":"Feature","properties":{"objectId":110,"descr":"Área verde","nombre":"Propiedad Municipal","codigo":"","tipologia":"Áreas Verdes","category":"equipamiento-local","source":"GAD Mejía | equipamiento"},"geometry":{"type":"Point","coordinates":[-78.794469,-0.41935]}},{"type":"Feature","properties":{"objectId":111,"descr":"Área verde","nombre":"Propiedad Municipal","codigo":"","tipologia":"Áreas Verdes","category":"equipamiento-local","source":"GAD Mejía | equipamiento"},"geometry":{"type":"Point","coordinates":[-78.572313,-0.522172]}},{"type":"Feature","properties":{"objectId":112,"descr":"Área verde","nombre":"Propiedad Municipal","codigo":"","tipologia":"Áreas Verdes","category":"equipamiento-local","source":"GAD Mejía | equipamiento"},"geometry":{"type":"Point","coordinates":[-78.548848,-0.404684]}},{"type":"Feature","properties":{"objectId":113,"descr":"Área verde","nombre":"Propiedad Municipal","codigo":"","tipologia":"Áreas Verdes","category":"equipamiento-local","source":"GAD Mejía | equipamiento"},"geometry":{"type":"Point","coordinates":[-78.549967,-0.404373]}},{"type":"Feature","properties":{"objectId":114,"descr":"Área verde","nombre":"Propiedad Municipal","codigo":"","tipologia":"Áreas Verdes","category":"equipamiento-local","source":"GAD Mejía | equipamiento"},"geometry":{"type":"Point","coordinates":[-78.570973,-0.508607]}},{"type":"Feature","properties":{"objectId":115,"descr":"Área verde","nombre":"Propiedad Municipal","codigo":"","tipologia":"Áreas Verdes","category":"equipamiento-local","source":"GAD Mejía | equipamiento"},"geometry":{"type":"Point","coordinates":[-78.571698,-0.50855]}},{"type":"Feature","properties":{"objectId":116,"descr":"Área verde","nombre":"Propiedad Municipal","codigo":"","tipologia":"Áreas Verdes","category":"equipamiento-local","source":"GAD Mejía | equipamiento"},"geometry":{"type":"Point","coordinates":[-78.56957,-0.373301]}},{"type":"Feature","properties":{"objectId":117,"descr":"Área verde","nombre":"Propiedad Municipal","codigo":"","tipologia":"Áreas Verdes","category":"equipamiento-local","source":"GAD Mejía | equipamiento"},"geometry":{"type":"Point","coordinates":[-78.571331,-0.510273]}},{"type":"Feature","properties":{"objectId":118,"descr":"Área verde","nombre":"Propiedad Municipal","codigo":"","tipologia":"Áreas Verdes","category":"equipamiento-local","source":"GAD Mejía | equipamiento"},"geometry":{"type":"Point","coordinates":[-78.572381,-0.512344]}},{"type":"Feature","properties":{"objectId":119,"descr":"Área verde","nombre":"Propiedad Municipal","codigo":"","tipologia":"Áreas Verdes","category":"equipamiento-local","source":"GAD Mejía | equipamiento"},"geometry":{"type":"Point","coordinates":[-78.572327,-0.519744]}},{"type":"Feature","properties":{"objectId":120,"descr":"Área verde","nombre":"Propiedad Municipal","codigo":"","tipologia":"Áreas Verdes","category":"equipamiento-local","source":"GAD Mejía | equipamiento"},"geometry":{"type":"Point","coordinates":[-78.572211,-0.503649]}},{"type":"Feature","properties":{"objectId":121,"descr":"Área verde","nombre":"Propiedad Municipal","codigo":"","tipologia":"Áreas Verdes","category":"equipamiento-local","source":"GAD Mejía | equipamiento"},"geometry":{"type":"Point","coordinates":[-78.571739,-0.510586]}},{"type":"Feature","properties":{"objectId":122,"descr":"Área verde","nombre":"Propiedad Municipal","codigo":"","tipologia":"Áreas Verdes","category":"equipamiento-local","source":"GAD Mejía | equipamiento"},"geometry":{"type":"Point","coordinates":[-78.572405,-0.511473]}},{"type":"Feature","properties":{"objectId":123,"descr":"Área verde","nombre":"Propiedad Municipal","codigo":"","tipologia":"Áreas Verdes","category":"equipamiento-local","source":"GAD Mejía | equipamiento"},"geometry":{"type":"Point","coordinates":[-78.544721,-0.379001]}},{"type":"Feature","properties":{"objectId":124,"descr":"Área verde","nombre":"Propiedad Municipal","codigo":"","tipologia":"Áreas Verdes","category":"equipamiento-local","source":"GAD Mejía | equipamiento"},"geometry":{"type":"Point","coordinates":[-78.564387,-0.501998]}},{"type":"Feature","properties":{"objectId":125,"descr":"Área verde","nombre":"Propiedad Municipal","codigo":"","tipologia":"Áreas Verdes","category":"equipamiento-local","source":"GAD Mejía | equipamiento"},"geometry":{"type":"Point","coordinates":[-78.551447,-0.385993]}},{"type":"Feature","properties":{"objectId":126,"descr":"Área verde","nombre":"Propiedad Municipal","codigo":"","tipologia":"Áreas Verdes","category":"equipamiento-local","source":"GAD Mejía | equipamiento"},"geometry":{"type":"Point","coordinates":[-78.56969,-0.517385]}},{"type":"Feature","properties":{"objectId":127,"descr":"Área verde","nombre":"Propiedad Municipal","codigo":"","tipologia":"Áreas Verdes","category":"equipamiento-local","source":"GAD Mejía | equipamiento"},"geometry":{"type":"Point","coordinates":[-78.57003,-0.496176]}},{"type":"Feature","properties":{"objectId":128,"descr":"Área verde","nombre":"Propiedad Municipal","codigo":"","tipologia":"Áreas Verdes","category":"equipamiento-local","source":"GAD Mejía | equipamiento"},"geometry":{"type":"Point","coordinates":[-78.567391,-0.373799]}},{"type":"Feature","properties":{"objectId":129,"descr":"Área verde","nombre":"Propiedad Municipal","codigo":"","tipologia":"Áreas Verdes","category":"equipamiento-local","source":"GAD Mejía | equipamiento"},"geometry":{"type":"Point","coordinates":[-78.568254,-0.374782]}},{"type":"Feature","properties":{"objectId":130,"descr":"Área verde","nombre":"Propiedad Municipal","codigo":"","tipologia":"Áreas Verdes","category":"equipamiento-local","source":"GAD Mejía | equipamiento"},"geometry":{"type":"Point","coordinates":[-78.565187,-0.373614]}},{"type":"Feature","properties":{"objectId":131,"descr":"Área verde","nombre":"Propiedad Municipal","codigo":"","tipologia":"Áreas Verdes","category":"equipamiento-local","source":"GAD Mejía | equipamiento"},"geometry":{"type":"Point","coordinates":[-78.524119,-0.386125]}},{"type":"Feature","properties":{"objectId":132,"descr":"Área verde","nombre":"Propiedad Municipal","codigo":"","tipologia":"Áreas Verdes","category":"equipamiento-local","source":"GAD Mejía | equipamiento"},"geometry":{"type":"Point","coordinates":[-78.569131,-0.360564]}},{"type":"Feature","properties":{"objectId":133,"descr":"Área verde","nombre":"Propiedad Municipal","codigo":"","tipologia":"Áreas Verdes","category":"equipamiento-local","source":"GAD Mejía | equipamiento"},"geometry":{"type":"Point","coordinates":[-78.55756,-0.499159]}},{"type":"Feature","properties":{"objectId":134,"descr":"Área verde","nombre":"Propiedad Municipal","codigo":"","tipologia":"Áreas Verdes","category":"equipamiento-local","source":"GAD Mejía | equipamiento"},"geometry":{"type":"Point","coordinates":[-78.582427,-0.520869]}},{"type":"Feature","properties":{"objectId":135,"descr":"Área verde","nombre":"Propiedad Municipal","codigo":"","tipologia":"Áreas Verdes","category":"equipamiento-local","source":"GAD Mejía | equipamiento"},"geometry":{"type":"Point","coordinates":[-78.560151,-0.505755]}},{"type":"Feature","properties":{"objectId":136,"descr":"Área verde","nombre":"Propiedad Municipal","codigo":"","tipologia":"Áreas Verdes","category":"equipamiento-local","source":"GAD Mejía | equipamiento"},"geometry":{"type":"Point","coordinates":[-78.55807,-0.499875]}},{"type":"Feature","properties":{"objectId":137,"descr":"Área verde","nombre":"Propiedad Municipal","codigo":"","tipologia":"Áreas Verdes","category":"equipamiento-local","source":"GAD Mejía | equipamiento"},"geometry":{"type":"Point","coordinates":[-78.563729,-0.374931]}},{"type":"Feature","properties":{"objectId":138,"descr":"Área verde","nombre":"Propiedad Municipal","codigo":"","tipologia":"Áreas Verdes","category":"equipamiento-local","source":"GAD Mejía | equipamiento"},"geometry":{"type":"Point","coordinates":[-78.567852,-0.506044]}},{"type":"Feature","properties":{"objectId":139,"descr":"Área verde","nombre":"Propiedad Municipal","codigo":"","tipologia":"Áreas Verdes","category":"equipamiento-local","source":"GAD Mejía | equipamiento"},"geometry":{"type":"Point","coordinates":[-78.536101,-0.405108]}},{"type":"Feature","properties":{"objectId":140,"descr":"Área verde","nombre":"Propiedad Municipal","codigo":"","tipologia":"Áreas Verdes","category":"equipamiento-local","source":"GAD Mejía | equipamiento"},"geometry":{"type":"Point","coordinates":[-78.561286,-0.529684]}},{"type":"Feature","properties":{"objectId":141,"descr":"Área verde","nombre":"Propiedad Municipal","codigo":"","tipologia":"Áreas Verdes","category":"equipamiento-local","source":"GAD Mejía | equipamiento"},"geometry":{"type":"Point","coordinates":[-78.580263,-0.524006]}},{"type":"Feature","properties":{"objectId":142,"descr":"Área verde","nombre":"Propiedad Municipal","codigo":"","tipologia":"Áreas Verdes","category":"equipamiento-local","source":"GAD Mejía | equipamiento"},"geometry":{"type":"Point","coordinates":[-78.589518,-0.474365]}},{"type":"Feature","properties":{"objectId":143,"descr":"Área verde","nombre":"Propiedad Municipal","codigo":"","tipologia":"Áreas Verdes","category":"equipamiento-local","source":"GAD Mejía | equipamiento"},"geometry":{"type":"Point","coordinates":[-78.588101,-0.466908]}},{"type":"Feature","properties":{"objectId":144,"descr":"Área verde","nombre":"Propiedad Municipal","codigo":"","tipologia":"Áreas Verdes","category":"equipamiento-local","source":"GAD Mejía | equipamiento"},"geometry":{"type":"Point","coordinates":[-78.587884,-0.466771]}},{"type":"Feature","properties":{"objectId":145,"descr":"Área verde","nombre":"Propiedad Municipal","codigo":"","tipologia":"Áreas Verdes","category":"equipamiento-local","source":"GAD Mejía | equipamiento"},"geometry":{"type":"Point","coordinates":[-78.583087,-0.464527]}},{"type":"Feature","properties":{"objectId":146,"descr":"Área verde","nombre":"Propiedad Municipal","codigo":"","tipologia":"Áreas Verdes","category":"equipamiento-local","source":"GAD Mejía | equipamiento"},"geometry":{"type":"Point","coordinates":[-78.577821,-0.517628]}},{"type":"Feature","properties":{"objectId":147,"descr":"Área verde","nombre":"Propiedad Municipal","codigo":"","tipologia":"Áreas Verdes","category":"equipamiento-local","source":"GAD Mejía | equipamiento"},"geometry":{"type":"Point","coordinates":[-78.578387,-0.518667]}},{"type":"Feature","properties":{"objectId":148,"descr":"Área verde","nombre":"Propiedad Municipal","codigo":"","tipologia":"Áreas Verdes","category":"equipamiento-local","source":"GAD Mejía | equipamiento"},"geometry":{"type":"Point","coordinates":[-78.578555,-0.517582]}},{"type":"Feature","properties":{"objectId":149,"descr":"Área verde","nombre":"Propiedad Municipal","codigo":"","tipologia":"Áreas Verdes","category":"equipamiento-local","source":"GAD Mejía | equipamiento"},"geometry":{"type":"Point","coordinates":[-78.578028,-0.518022]}},{"type":"Feature","properties":{"objectId":150,"descr":"Área verde","nombre":"Propiedad Municipal","codigo":"","tipologia":"Áreas Verdes","category":"equipamiento-local","source":"GAD Mejía | equipamiento"},"geometry":{"type":"Point","coordinates":[-78.580466,-0.523684]}},{"type":"Feature","properties":{"objectId":151,"descr":"Área verde","nombre":"Propiedad Municipal","codigo":"","tipologia":"Áreas Verdes","category":"equipamiento-local","source":"GAD Mejía | equipamiento"},"geometry":{"type":"Point","coordinates":[-78.798684,-0.414388]}},{"type":"Feature","properties":{"objectId":152,"descr":"Área verde","nombre":"Propiedad Municipal","codigo":"","tipologia":"Áreas Verdes","category":"equipamiento-local","source":"GAD Mejía | equipamiento"},"geometry":{"type":"Point","coordinates":[-78.576134,-0.505863]}},{"type":"Feature","properties":{"objectId":153,"descr":"Área verde","nombre":"Propiedad Municipal","codigo":"","tipologia":"Áreas Verdes","category":"equipamiento-local","source":"GAD Mejía | equipamiento"},"geometry":{"type":"Point","coordinates":[-78.548479,-0.365303]}},{"type":"Feature","properties":{"objectId":154,"descr":"Área verde","nombre":"Propiedad Municipal","codigo":"","tipologia":"Áreas Verdes","category":"equipamiento-local","source":"GAD Mejía | equipamiento"},"geometry":{"type":"Point","coordinates":[-78.548128,-0.361043]}},{"type":"Feature","properties":{"objectId":155,"descr":"Área verde","nombre":"Propiedad Municipal","codigo":"","tipologia":"Áreas Verdes","category":"equipamiento-local","source":"GAD Mejía | equipamiento"},"geometry":{"type":"Point","coordinates":[-78.546345,-0.364574]}},{"type":"Feature","properties":{"objectId":156,"descr":"Área verde","nombre":"Propiedad Municipal","codigo":"","tipologia":"Áreas Verdes","category":"equipamiento-local","source":"GAD Mejía | equipamiento"},"geometry":{"type":"Point","coordinates":[-78.545216,-0.362576]}},{"type":"Feature","properties":{"objectId":157,"descr":"Área verde","nombre":"Propiedad Municipal","codigo":"","tipologia":"Áreas Verdes","category":"equipamiento-local","source":"GAD Mejía | equipamiento"},"geometry":{"type":"Point","coordinates":[-78.539547,-0.390238]}},{"type":"Feature","properties":{"objectId":158,"descr":"Área verde","nombre":"Propiedad Municipal","codigo":"","tipologia":"Áreas Verdes","category":"equipamiento-local","source":"GAD Mejía | equipamiento"},"geometry":{"type":"Point","coordinates":[-78.545333,-0.363797]}},{"type":"Feature","properties":{"objectId":159,"descr":"Área verde","nombre":"Propiedad Municipal","codigo":"","tipologia":"Áreas Verdes","category":"equipamiento-local","source":"GAD Mejía | equipamiento"},"geometry":{"type":"Point","coordinates":[-78.546364,-0.367118]}},{"type":"Feature","properties":{"objectId":160,"descr":"Área verde","nombre":"Propiedad Municipal","codigo":"","tipologia":"Áreas Verdes","category":"equipamiento-local","source":"GAD Mejía | equipamiento"},"geometry":{"type":"Point","coordinates":[-78.569331,-0.361459]}},{"type":"Feature","properties":{"objectId":161,"descr":"Área verde","nombre":"Propiedad Municipal","codigo":"","tipologia":"Áreas Verdes","category":"equipamiento-local","source":"GAD Mejía | equipamiento"},"geometry":{"type":"Point","coordinates":[-78.555277,-0.387489]}},{"type":"Feature","properties":{"objectId":162,"descr":"Área verde","nombre":"Propiedad Municipal","codigo":"","tipologia":"Áreas Verdes","category":"equipamiento-local","source":"GAD Mejía | equipamiento"},"geometry":{"type":"Point","coordinates":[-78.547468,-0.379988]}},{"type":"Feature","properties":{"objectId":163,"descr":"Área verde","nombre":"Propiedad Municipal","codigo":"","tipologia":"Áreas Verdes","category":"equipamiento-local","source":"GAD Mejía | equipamiento"},"geometry":{"type":"Point","coordinates":[-78.53712,-0.378061]}},{"type":"Feature","properties":{"objectId":164,"descr":"Área verde","nombre":"Propiedad Municipal","codigo":"","tipologia":"Áreas Verdes","category":"equipamiento-local","source":"GAD Mejía | equipamiento"},"geometry":{"type":"Point","coordinates":[-78.532619,-0.383094]}},{"type":"Feature","properties":{"objectId":165,"descr":"Área verde","nombre":"Propiedad Municipal","codigo":"","tipologia":"Áreas Verdes","category":"equipamiento-local","source":"GAD Mejía | equipamiento"},"geometry":{"type":"Point","coordinates":[-78.553728,-0.388151]}},{"type":"Feature","properties":{"objectId":166,"descr":"Área verde","nombre":"Propiedad Municipal","codigo":"","tipologia":"Áreas Verdes","category":"equipamiento-local","source":"GAD Mejía | equipamiento"},"geometry":{"type":"Point","coordinates":[-78.545195,-0.378565]}},{"type":"Feature","properties":{"objectId":167,"descr":"Área verde","nombre":"Propiedad Municipal","codigo":"","tipologia":"Áreas Verdes","category":"equipamiento-local","source":"GAD Mejía | equipamiento"},"geometry":{"type":"Point","coordinates":[-78.54529,-0.381115]}},{"type":"Feature","properties":{"objectId":168,"descr":"Área verde","nombre":"Propiedad Municipal","codigo":"","tipologia":"Áreas Verdes","category":"equipamiento-local","source":"GAD Mejía | equipamiento"},"geometry":{"type":"Point","coordinates":[-78.543797,-0.379367]}},{"type":"Feature","properties":{"objectId":169,"descr":"Área verde","nombre":"Propiedad Municipal","codigo":"","tipologia":"Áreas Verdes","category":"equipamiento-local","source":"GAD Mejía | equipamiento"},"geometry":{"type":"Point","coordinates":[-78.534447,-0.385014]}},{"type":"Feature","properties":{"objectId":170,"descr":"Área verde","nombre":"Propiedad Municipal","codigo":"","tipologia":"Áreas Verdes","category":"equipamiento-local","source":"GAD Mejía | equipamiento"},"geometry":{"type":"Point","coordinates":[-78.563891,-0.364874]}},{"type":"Feature","properties":{"objectId":171,"descr":"Área verde","nombre":"Propiedad Municipal","codigo":"","tipologia":"Áreas Verdes","category":"equipamiento-local","source":"GAD Mejía | equipamiento"},"geometry":{"type":"Point","coordinates":[-78.550031,-0.38032]}},{"type":"Feature","properties":{"objectId":172,"descr":"Área verde","nombre":"Propiedad Municipal","codigo":"","tipologia":"Áreas Verdes","category":"equipamiento-local","source":"GAD Mejía | equipamiento"},"geometry":{"type":"Point","coordinates":[-78.54801,-0.380991]}},{"type":"Feature","properties":{"objectId":173,"descr":"Área verde","nombre":"Propiedad Municipal","codigo":"","tipologia":"Áreas Verdes","category":"equipamiento-local","source":"GAD Mejía | equipamiento"},"geometry":{"type":"Point","coordinates":[-78.545264,-0.381644]}},{"type":"Feature","properties":{"objectId":174,"descr":"Área verde","nombre":"Propiedad Municipal","codigo":"","tipologia":"Áreas Verdes","category":"equipamiento-local","source":"GAD Mejía | equipamiento"},"geometry":{"type":"Point","coordinates":[-78.542721,-0.38304]}},{"type":"Feature","properties":{"objectId":175,"descr":"Área verde","nombre":"Propiedad Municipal","codigo":"","tipologia":"Áreas Verdes","category":"equipamiento-local","source":"GAD Mejía | equipamiento"},"geometry":{"type":"Point","coordinates":[-78.538182,-0.384956]}},{"type":"Feature","properties":{"objectId":176,"descr":"Área verde","nombre":"Propiedad Municipal","codigo":"","tipologia":"Áreas Verdes","category":"equipamiento-local","source":"GAD Mejía | equipamiento"},"geometry":{"type":"Point","coordinates":[-78.548485,-0.384562]}},{"type":"Feature","properties":{"objectId":177,"descr":"Área verde","nombre":"Propiedad Municipal","codigo":"","tipologia":"Áreas Verdes","category":"equipamiento-local","source":"GAD Mejía | equipamiento"},"geometry":{"type":"Point","coordinates":[-78.539998,-0.38831]}},{"type":"Feature","properties":{"objectId":178,"descr":"Área verde","nombre":"Propiedad Municipal","codigo":"","tipologia":"Áreas Verdes","category":"equipamiento-local","source":"GAD Mejía | equipamiento"},"geometry":{"type":"Point","coordinates":[-78.547075,-0.388775]}},{"type":"Feature","properties":{"objectId":179,"descr":"Área verde","nombre":"Propiedad Municipal","codigo":"","tipologia":"Áreas Verdes","category":"equipamiento-local","source":"GAD Mejía | equipamiento"},"geometry":{"type":"Point","coordinates":[-78.5464,-0.384074]}},{"type":"Feature","properties":{"objectId":180,"descr":"Área verde","nombre":"Propiedad Municipal","codigo":"","tipologia":"Áreas Verdes","category":"equipamiento-local","source":"GAD Mejía | equipamiento"},"geometry":{"type":"Point","coordinates":[-78.553967,-0.383096]}},{"type":"Feature","properties":{"objectId":181,"descr":"Área verde","nombre":"Propiedad Municipal","codigo":"","tipologia":"Áreas Verdes","category":"equipamiento-local","source":"GAD Mejía | equipamiento"},"geometry":{"type":"Point","coordinates":[-78.576855,-0.521133]}},{"type":"Feature","properties":{"objectId":182,"descr":"Área verde","nombre":"Propiedad Municipal","codigo":"","tipologia":"Áreas Verdes","category":"equipamiento-local","source":"GAD Mejía | equipamiento"},"geometry":{"type":"Point","coordinates":[-78.54683,-0.367236]}},{"type":"Feature","properties":{"objectId":183,"descr":"Área verde","nombre":"Propiedad Municipal","codigo":"","tipologia":"Áreas Verdes","category":"equipamiento-local","source":"GAD Mejía | equipamiento"},"geometry":{"type":"Point","coordinates":[-78.547899,-0.375375]}},{"type":"Feature","properties":{"objectId":184,"descr":"Área verde","nombre":"Propiedad Municipal","codigo":"","tipologia":"Áreas Verdes","category":"equipamiento-local","source":"GAD Mejía | equipamiento"},"geometry":{"type":"Point","coordinates":[-78.574384,-0.507277]}},{"type":"Feature","properties":{"objectId":185,"descr":"Área verde","nombre":"Propiedad Municipal","codigo":"","tipologia":"Áreas Verdes","category":"equipamiento-local","source":"GAD Mejía | equipamiento"},"geometry":{"type":"Point","coordinates":[-78.565033,-0.362927]}},{"type":"Feature","properties":{"objectId":186,"descr":"Área verde","nombre":"Propiedad Municipal","codigo":"","tipologia":"Áreas Verdes","category":"equipamiento-local","source":"GAD Mejía | equipamiento"},"geometry":{"type":"Point","coordinates":[-78.588147,-0.47531]}},{"type":"Feature","properties":{"objectId":187,"descr":"Área verde","nombre":"Propiedad Municipal","codigo":"","tipologia":"Áreas Verdes","category":"equipamiento-local","source":"GAD Mejía | equipamiento"},"geometry":{"type":"Point","coordinates":[-78.560727,-0.515847]}},{"type":"Feature","properties":{"objectId":188,"descr":"Área verde","nombre":"Propiedad Municipal","codigo":"","tipologia":"Áreas Verdes","category":"equipamiento-local","source":"GAD Mejía | equipamiento"},"geometry":{"type":"Point","coordinates":[-78.587183,-0.465638]}},{"type":"Feature","properties":{"objectId":189,"descr":"Área verde","nombre":"Propiedad Municipal","codigo":"","tipologia":"Áreas Verdes","category":"equipamiento-local","source":"GAD Mejía | equipamiento"},"geometry":{"type":"Point","coordinates":[-78.560642,-0.517734]}},{"type":"Feature","properties":{"objectId":190,"descr":"Área verde","nombre":"Propiedad Municipal","codigo":"","tipologia":"Áreas Verdes","category":"equipamiento-local","source":"GAD Mejía | equipamiento"},"geometry":{"type":"Point","coordinates":[-78.586553,-0.516903]}},{"type":"Feature","properties":{"objectId":191,"descr":"Área verde","nombre":"Propiedad Municipal","codigo":"","tipologia":"Áreas Verdes","category":"equipamiento-local","source":"GAD Mejía | equipamiento"},"geometry":{"type":"Point","coordinates":[-78.590288,-0.470706]}},{"type":"Feature","properties":{"objectId":192,"descr":"Área verde","nombre":"Propiedad Municipal","codigo":"","tipologia":"Áreas Verdes","category":"equipamiento-local","source":"GAD Mejía | equipamiento"},"geometry":{"type":"Point","coordinates":[-78.564779,-0.36422]}},{"type":"Feature","properties":{"objectId":193,"descr":"Área verde","nombre":"Propiedad Municipal","codigo":"","tipologia":"Áreas Verdes","category":"equipamiento-local","source":"GAD Mejía | equipamiento"},"geometry":{"type":"Point","coordinates":[-78.587579,-0.466817]}},{"type":"Feature","properties":{"objectId":194,"descr":"Área verde","nombre":"Propiedad Municipal","codigo":"","tipologia":"Áreas Verdes","category":"equipamiento-local","source":"GAD Mejía | equipamiento"},"geometry":{"type":"Point","coordinates":[-78.583858,-0.464931]}},{"type":"Feature","properties":{"objectId":195,"descr":"Área verde","nombre":"Propiedad Municipal","codigo":"","tipologia":"Áreas Verdes","category":"equipamiento-local","source":"GAD Mejía | equipamiento"},"geometry":{"type":"Point","coordinates":[-78.567416,-0.363426]}},{"type":"Feature","properties":{"objectId":196,"descr":"Área verde","nombre":"Propiedad Municipal","codigo":"","tipologia":"Áreas Verdes","category":"equipamiento-local","source":"GAD Mejía | equipamiento"},"geometry":{"type":"Point","coordinates":[-78.588925,-0.470672]}},{"type":"Feature","properties":{"objectId":197,"descr":"Área verde","nombre":"Propiedad Municipal","codigo":"","tipologia":"Áreas Verdes","category":"equipamiento-local","source":"GAD Mejía | equipamiento"},"geometry":{"type":"Point","coordinates":[-78.580879,-0.476361]}},{"type":"Feature","properties":{"objectId":198,"descr":"Área verde","nombre":"Propiedad Municipal","codigo":"","tipologia":"Áreas Verdes","category":"equipamiento-local","source":"GAD Mejía | equipamiento"},"geometry":{"type":"Point","coordinates":[-78.54863,-0.375341]}},{"type":"Feature","properties":{"objectId":199,"descr":"Área verde","nombre":"Propiedad Municipal","codigo":"","tipologia":"Áreas Verdes","category":"equipamiento-local","source":"GAD Mejía | equipamiento"},"geometry":{"type":"Point","coordinates":[-78.801701,-0.413813]}},{"type":"Feature","properties":{"objectId":200,"descr":"Área verde","nombre":"Propiedad Municipal","codigo":"","tipologia":"Áreas Verdes","category":"equipamiento-local","source":"GAD Mejía | equipamiento"},"geometry":{"type":"Point","coordinates":[-78.801337,-0.414782]}},{"type":"Feature","properties":{"objectId":201,"descr":"Área verde","nombre":"Propiedad Municipal","codigo":"","tipologia":"Áreas Verdes","category":"equipamiento-local","source":"GAD Mejía | equipamiento"},"geometry":{"type":"Point","coordinates":[-78.800135,-0.41579]}},{"type":"Feature","properties":{"objectId":202,"descr":"Área verde","nombre":"Propiedad Municipal","codigo":"","tipologia":"Áreas Verdes","category":"equipamiento-local","source":"GAD Mejía | equipamiento"},"geometry":{"type":"Point","coordinates":[-78.541359,-0.405362]}},{"type":"Feature","properties":{"objectId":203,"descr":"Área verde","nombre":"Propiedad Municipal","codigo":"","tipologia":"Áreas Verdes","category":"equipamiento-local","source":"GAD Mejía | equipamiento"},"geometry":{"type":"Point","coordinates":[-78.54326,-0.401481]}},{"type":"Feature","properties":{"objectId":204,"descr":"Área verde","nombre":"Propiedad Municipal","codigo":"","tipologia":"Áreas Verdes","category":"equipamiento-local","source":"GAD Mejía | equipamiento"},"geometry":{"type":"Point","coordinates":[-78.546122,-0.401584]}},{"type":"Feature","properties":{"objectId":205,"descr":"Área verde","nombre":"Propiedad Municipal","codigo":"","tipologia":"Áreas Verdes","category":"equipamiento-local","source":"GAD Mejía | equipamiento"},"geometry":{"type":"Point","coordinates":[-78.540864,-0.405526]}},{"type":"Feature","properties":{"objectId":206,"descr":"Área verde","nombre":"Propiedad Municipal","codigo":"","tipologia":"Áreas Verdes","category":"equipamiento-local","source":"GAD Mejía | equipamiento"},"geometry":{"type":"Point","coordinates":[-78.540337,-0.405676]}},{"type":"Feature","properties":{"objectId":207,"descr":"Área verde","nombre":"Propiedad Municipal","codigo":"","tipologia":"Áreas Verdes","category":"equipamiento-local","source":"GAD Mejía | equipamiento"},"geometry":{"type":"Point","coordinates":[-78.517894,-0.382689]}},{"type":"Feature","properties":{"objectId":208,"descr":"Área verde","nombre":"Propiedad Municipal","codigo":"","tipologia":"Áreas Verdes","category":"equipamiento-local","source":"GAD Mejía | equipamiento"},"geometry":{"type":"Point","coordinates":[-78.552135,-0.378198]}},{"type":"Feature","properties":{"objectId":209,"descr":"Área verde","nombre":"Propiedad Municipal","codigo":"","tipologia":"Áreas Verdes","category":"equipamiento-local","source":"GAD Mejía | equipamiento"},"geometry":{"type":"Point","coordinates":[-78.799369,-0.416929]}},{"type":"Feature","properties":{"objectId":210,"descr":"Área verde","nombre":"Propiedad Municipal","codigo":"","tipologia":"Áreas Verdes","category":"equipamiento-local","source":"GAD Mejía | equipamiento"},"geometry":{"type":"Point","coordinates":[-78.588125,-0.474158]}},{"type":"Feature","properties":{"objectId":211,"descr":"Área verde","nombre":"Propiedad Municipal","codigo":"","tipologia":"Áreas Verdes","category":"equipamiento-local","source":"GAD Mejía | equipamiento"},"geometry":{"type":"Point","coordinates":[-78.575102,-0.50811]}},{"type":"Feature","properties":{"objectId":212,"descr":"Área verde","nombre":"Propiedad Municipal","codigo":"","tipologia":"Áreas Verdes","category":"equipamiento-local","source":"GAD Mejía | equipamiento"},"geometry":{"type":"Point","coordinates":[-78.55792,-0.37913]}},{"type":"Feature","properties":{"objectId":213,"descr":"Área verde","nombre":"Propiedad Municipal","codigo":"","tipologia":"Áreas Verdes","category":"equipamiento-local","source":"GAD Mejía | equipamiento"},"geometry":{"type":"Point","coordinates":[-78.795242,-0.417399]}},{"type":"Feature","properties":{"objectId":214,"descr":"Área verde","nombre":"Propiedad Municipal","codigo":"","tipologia":"Áreas Verdes","category":"equipamiento-local","source":"GAD Mejía | equipamiento"},"geometry":{"type":"Point","coordinates":[-78.588385,-0.474128]}},{"type":"Feature","properties":{"objectId":215,"descr":"Área verde","nombre":"Propiedad Municipal","codigo":"","tipologia":"Áreas Verdes","category":"equipamiento-local","source":"GAD Mejía | equipamiento"},"geometry":{"type":"Point","coordinates":[-78.581083,-0.527499]}},{"type":"Feature","properties":{"objectId":216,"descr":"Área verde","nombre":"Propiedad Municipal","codigo":"","tipologia":"Áreas Verdes","category":"equipamiento-local","source":"GAD Mejía | equipamiento"},"geometry":{"type":"Point","coordinates":[-78.567825,-0.373315]}},{"type":"Feature","properties":{"objectId":217,"descr":"Área verde","nombre":"Propiedad Municipal","codigo":"","tipologia":"Áreas Verdes","category":"equipamiento-local","source":"GAD Mejía | equipamiento"},"geometry":{"type":"Point","coordinates":[-78.551335,-0.410098]}},{"type":"Feature","properties":{"objectId":218,"descr":"Área verde","nombre":"Propiedad Municipal","codigo":"","tipologia":"Áreas Verdes","category":"equipamiento-local","source":"GAD Mejía | equipamiento"},"geometry":{"type":"Point","coordinates":[-78.556492,-0.503022]}},{"type":"Feature","properties":{"objectId":219,"descr":"Área verde","nombre":"Propiedad Municipal","codigo":"","tipologia":"Áreas Verdes","category":"equipamiento-local","source":"GAD Mejía | equipamiento"},"geometry":{"type":"Point","coordinates":[-78.567975,-0.519979]}},{"type":"Feature","properties":{"objectId":220,"descr":"Área verde","nombre":"Propiedad Municipal","codigo":"","tipologia":"Áreas Verdes","category":"equipamiento-local","source":"GAD Mejía | equipamiento"},"geometry":{"type":"Point","coordinates":[-78.57314,-0.514387]}},{"type":"Feature","properties":{"objectId":221,"descr":"Área verde","nombre":"Propiedad Municipal","codigo":"","tipologia":"Áreas Verdes","category":"equipamiento-local","source":"GAD Mejía | equipamiento"},"geometry":{"type":"Point","coordinates":[-78.540835,-0.385821]}},{"type":"Feature","properties":{"objectId":222,"descr":"Área verde","nombre":"Propiedad Municipal","codigo":"","tipologia":"Áreas Verdes","category":"equipamiento-local","source":"GAD Mejía | equipamiento"},"geometry":{"type":"Point","coordinates":[-78.533261,-0.398872]}},{"type":"Feature","properties":{"objectId":223,"descr":"Área verde","nombre":"Propiedad Municipal","codigo":"","tipologia":"Áreas Verdes","category":"equipamiento-local","source":"GAD Mejía | equipamiento"},"geometry":{"type":"Point","coordinates":[-78.52601,-0.386765]}},{"type":"Feature","properties":{"objectId":224,"descr":"Área verde","nombre":"Propiedad Municipal","codigo":"","tipologia":"Áreas Verdes","category":"equipamiento-local","source":"GAD Mejía | equipamiento"},"geometry":{"type":"Point","coordinates":[-78.553935,-0.387356]}},{"type":"Feature","properties":{"objectId":225,"descr":"Área verde","nombre":"Propiedad Municipal","codigo":"","tipologia":"Áreas Verdes","category":"equipamiento-local","source":"GAD Mejía | equipamiento"},"geometry":{"type":"Point","coordinates":[-78.525527,-0.385067]}},{"type":"Feature","properties":{"objectId":226,"descr":"Área verde","nombre":"Propiedad Municipal","codigo":"","tipologia":"Áreas Verdes","category":"equipamiento-local","source":"GAD Mejía | equipamiento"},"geometry":{"type":"Point","coordinates":[-78.545837,-0.365926]}},{"type":"Feature","properties":{"objectId":227,"descr":"Área verde","nombre":"Propiedad Municipal","codigo":"","tipologia":"Áreas Verdes","category":"equipamiento-local","source":"GAD Mejía | equipamiento"},"geometry":{"type":"Point","coordinates":[-78.566752,-0.361797]}},{"type":"Feature","properties":{"objectId":228,"descr":"Área verde","nombre":"Propiedad Municipal","codigo":"","tipologia":"Áreas Verdes","category":"equipamiento-local","source":"GAD Mejía | equipamiento"},"geometry":{"type":"Point","coordinates":[-78.567396,-0.361435]}},{"type":"Feature","properties":{"objectId":229,"descr":"Área verde","nombre":"Propiedad Municipal","codigo":"","tipologia":"Áreas Verdes","category":"equipamiento-local","source":"GAD Mejía | equipamiento"},"geometry":{"type":"Point","coordinates":[-78.568041,-0.361073]}},{"type":"Feature","properties":{"objectId":230,"descr":"Área verde","nombre":"Propiedad Municipal","codigo":"","tipologia":"Áreas Verdes","category":"equipamiento-local","source":"GAD Mejía | equipamiento"},"geometry":{"type":"Point","coordinates":[-78.566771,-0.362992]}},{"type":"Feature","properties":{"objectId":231,"descr":"Área verde","nombre":"Propiedad Municipal","codigo":"","tipologia":"Áreas Verdes","category":"equipamiento-local","source":"GAD Mejía | equipamiento"},"geometry":{"type":"Point","coordinates":[-78.53934,-0.397224]}},{"type":"Feature","properties":{"objectId":232,"descr":"Área verde","nombre":"Propiedad Municipal","codigo":"","tipologia":"Áreas Verdes","category":"equipamiento-local","source":"GAD Mejía | equipamiento"},"geometry":{"type":"Point","coordinates":[-78.565956,-0.375968]}},{"type":"Feature","properties":{"objectId":233,"descr":"Área verde","nombre":"Propiedad Municipal","codigo":"","tipologia":"Áreas Verdes","category":"equipamiento-local","source":"GAD Mejía | equipamiento"},"geometry":{"type":"Point","coordinates":[-78.566998,-0.376805]}},{"type":"Feature","properties":{"objectId":234,"descr":"Área verde","nombre":"Propiedad Municipal","codigo":"","tipologia":"Áreas Verdes","category":"equipamiento-local","source":"GAD Mejía | equipamiento"},"geometry":{"type":"Point","coordinates":[-78.557871,-0.375549]}},{"type":"Feature","properties":{"objectId":235,"descr":"Área verde","nombre":"Propiedad Municipal","codigo":"","tipologia":"Áreas Verdes","category":"equipamiento-local","source":"GAD Mejía | equipamiento"},"geometry":{"type":"Point","coordinates":[-78.535679,-0.387308]}},{"type":"Feature","properties":{"objectId":236,"descr":"Área verde","nombre":"Propiedad Municipal","codigo":"","tipologia":"Áreas Verdes","category":"equipamiento-local","source":"GAD Mejía | equipamiento"},"geometry":{"type":"Point","coordinates":[-78.569298,-0.357036]}},{"type":"Feature","properties":{"objectId":237,"descr":"Área verde","nombre":"Propiedad Municipal","codigo":"","tipologia":"Áreas Verdes","category":"equipamiento-local","source":"GAD Mejía | equipamiento"},"geometry":{"type":"Point","coordinates":[-78.566745,-0.372979]}},{"type":"Feature","properties":{"objectId":238,"descr":"Área verde","nombre":"Propiedad Municipal","codigo":"","tipologia":"Áreas Verdes","category":"equipamiento-local","source":"GAD Mejía | equipamiento"},"geometry":{"type":"Point","coordinates":[-78.547322,-0.387625]}},{"type":"Feature","properties":{"objectId":239,"descr":"Área verde","nombre":"Propiedad Municipal","codigo":"","tipologia":"Áreas Verdes","category":"equipamiento-local","source":"GAD Mejía | equipamiento"},"geometry":{"type":"Point","coordinates":[-78.584502,-0.465199]}},{"type":"Feature","properties":{"objectId":240,"descr":"Área verde","nombre":"Propiedad Municipal","codigo":"","tipologia":"Áreas Verdes","category":"equipamiento-local","source":"GAD Mejía | equipamiento"},"geometry":{"type":"Point","coordinates":[-78.578297,-0.517641]}},{"type":"Feature","properties":{"objectId":241,"descr":"Área verde","nombre":"Propiedad Municipal","codigo":"","tipologia":"Áreas Verdes","category":"equipamiento-local","source":"GAD Mejía | equipamiento"},"geometry":{"type":"Point","coordinates":[-78.570492,-0.509652]}},{"type":"Feature","properties":{"objectId":242,"descr":"Área verde","nombre":"Propiedad Municipal","codigo":"","tipologia":"Áreas Verdes","category":"equipamiento-local","source":"GAD Mejía | equipamiento"},"geometry":{"type":"Point","coordinates":[-78.547604,-0.384761]}},{"type":"Feature","properties":{"objectId":243,"descr":"Área verde","nombre":"Propiedad Municipal","codigo":"","tipologia":"Áreas Verdes","category":"equipamiento-local","source":"GAD Mejía | equipamiento"},"geometry":{"type":"Point","coordinates":[-78.560479,-0.378053]}},{"type":"Feature","properties":{"objectId":244,"descr":"Área verde","nombre":"Propiedad Municipal","codigo":"","tipologia":"Áreas Verdes","category":"equipamiento-local","source":"GAD Mejía | equipamiento"},"geometry":{"type":"Point","coordinates":[-78.571367,-0.510591]}},{"type":"Feature","properties":{"objectId":245,"descr":"Área verde","nombre":"Propiedad Municipal","codigo":"","tipologia":"Áreas Verdes","category":"equipamiento-local","source":"GAD Mejía | equipamiento"},"geometry":{"type":"Point","coordinates":[-78.559278,-0.377354]}},{"type":"Feature","properties":{"objectId":246,"descr":"Área verde","nombre":"Propiedad Municipal","codigo":"","tipologia":"Áreas Verdes","category":"equipamiento-local","source":"GAD Mejía | equipamiento"},"geometry":{"type":"Point","coordinates":[-78.534229,-0.374509]}},{"type":"Feature","properties":{"objectId":247,"descr":"Área verde","nombre":"Propiedad Municipal","codigo":"","tipologia":"Áreas Verdes","category":"equipamiento-local","source":"GAD Mejía | equipamiento"},"geometry":{"type":"Point","coordinates":[-78.56985,-0.374641]}},{"type":"Feature","properties":{"objectId":248,"descr":"Área verde","nombre":"Propiedad Municipal","codigo":"","tipologia":"Áreas Verdes","category":"equipamiento-local","source":"GAD Mejía | equipamiento"},"geometry":{"type":"Point","coordinates":[-78.541137,-0.380205]}},{"type":"Feature","properties":{"objectId":249,"descr":"Área verde","nombre":"Propiedad Municipal","codigo":"","tipologia":"Áreas Verdes","category":"equipamiento-local","source":"GAD Mejía | equipamiento"},"geometry":{"type":"Point","coordinates":[-78.564374,-0.371581]}},{"type":"Feature","properties":{"objectId":250,"descr":"Área verde","nombre":"Propiedad Municipal","codigo":"","tipologia":"Áreas Verdes","category":"equipamiento-local","source":"GAD Mejía | equipamiento"},"geometry":{"type":"Point","coordinates":[-78.644724,-0.603539]}},{"type":"Feature","properties":{"objectId":251,"descr":"Área verde","nombre":"Propiedad Municipal","codigo":"","tipologia":"Áreas Verdes","category":"equipamiento-local","source":"GAD Mejía | equipamiento"},"geometry":{"type":"Point","coordinates":[-78.575237,-0.518837]}},{"type":"Feature","properties":{"objectId":252,"descr":"Área verde","nombre":"Propiedad Municipal","codigo":"","tipologia":"Áreas Verdes","category":"equipamiento-local","source":"GAD Mejía | equipamiento"},"geometry":{"type":"Point","coordinates":[-78.56738,-0.50174]}},{"type":"Feature","properties":{"objectId":253,"descr":"Área verde","nombre":"Propiedad Municipal","codigo":"","tipologia":"Áreas Verdes","category":"equipamiento-local","source":"GAD Mejía | equipamiento"},"geometry":{"type":"Point","coordinates":[-78.550005,-0.384047]}},{"type":"Feature","properties":{"objectId":254,"descr":"Área verde","nombre":"Propiedad Municipal","codigo":"","tipologia":"Áreas Verdes","category":"equipamiento-local","source":"GAD Mejía | equipamiento"},"geometry":{"type":"Point","coordinates":[-78.545224,-0.384191]}},{"type":"Feature","properties":{"objectId":255,"descr":"Área verde","nombre":"Propiedad Municipal","codigo":"","tipologia":"Áreas Verdes","category":"equipamiento-local","source":"GAD Mejía | equipamiento"},"geometry":{"type":"Point","coordinates":[-78.5244,-0.386458]}},{"type":"Feature","properties":{"objectId":256,"descr":"Área verde","nombre":"Propiedad Municipal","codigo":"","tipologia":"Áreas Verdes","category":"equipamiento-local","source":"GAD Mejía | equipamiento"},"geometry":{"type":"Point","coordinates":[-78.54959,-0.404199]}},{"type":"Feature","properties":{"objectId":257,"descr":"Área verde","nombre":"Propiedad Municipal","codigo":"","tipologia":"Áreas Verdes","category":"equipamiento-local","source":"GAD Mejía | equipamiento"},"geometry":{"type":"Point","coordinates":[-78.548112,-0.403897]}},{"type":"Feature","properties":{"objectId":258,"descr":"Área verde","nombre":"Propiedad Municipal","codigo":"","tipologia":"Áreas Verdes","category":"equipamiento-local","source":"GAD Mejía | equipamiento"},"geometry":{"type":"Point","coordinates":[-78.535169,-0.386836]}},{"type":"Feature","properties":{"objectId":259,"descr":"Área verde","nombre":"Propiedad Municipal","codigo":"","tipologia":"Áreas Verdes","category":"equipamiento-local","source":"GAD Mejía | equipamiento"},"geometry":{"type":"Point","coordinates":[-78.539774,-0.389616]}},{"type":"Feature","properties":{"objectId":260,"descr":"Área verde","nombre":"Propiedad Municipal","codigo":"","tipologia":"Áreas Verdes","category":"equipamiento-local","source":"GAD Mejía | equipamiento"},"geometry":{"type":"Point","coordinates":[-78.562321,-0.459713]}},{"type":"Feature","properties":{"objectId":261,"descr":"Área verde","nombre":"Propiedad Municipal","codigo":"","tipologia":"Áreas Verdes","category":"equipamiento-local","source":"GAD Mejía | equipamiento"},"geometry":{"type":"Point","coordinates":[-78.538428,-0.390151]}},{"type":"Feature","properties":{"objectId":262,"descr":"Área verde","nombre":"Propiedad Municipal","codigo":"","tipologia":"Áreas Verdes","category":"equipamiento-local","source":"GAD Mejía | equipamiento"},"geometry":{"type":"Point","coordinates":[-78.556485,-0.361373]}},{"type":"Feature","properties":{"objectId":263,"descr":"Área verde","nombre":"Propiedad Municipal","codigo":"","tipologia":"Áreas Verdes","category":"equipamiento-local","source":"GAD Mejía | equipamiento"},"geometry":{"type":"Point","coordinates":[-78.799528,-0.414197]}},{"type":"Feature","properties":{"objectId":264,"descr":"Área verde","nombre":"Propiedad Municipal","codigo":"","tipologia":"Áreas Verdes","category":"equipamiento-local","source":"GAD Mejía | equipamiento"},"geometry":{"type":"Point","coordinates":[-78.546472,-0.38073]}},{"type":"Feature","properties":{"objectId":265,"descr":"Área verde","nombre":"Propiedad Municipal","codigo":"","tipologia":"Áreas Verdes","category":"equipamiento-local","source":"GAD Mejía | equipamiento"},"geometry":{"type":"Point","coordinates":[-78.801535,-0.410847]}},{"type":"Feature","properties":{"objectId":266,"descr":"Área verde","nombre":"Propiedad Municipal","codigo":"","tipologia":"Áreas Verdes","category":"equipamiento-local","source":"GAD Mejía | equipamiento"},"geometry":{"type":"Point","coordinates":[-78.796854,-0.416349]}},{"type":"Feature","properties":{"objectId":267,"descr":"Área verde","nombre":"Propiedad Municipal","codigo":"","tipologia":"Áreas Verdes","category":"equipamiento-local","source":"GAD Mejía | equipamiento"},"geometry":{"type":"Point","coordinates":[-78.541075,-0.404374]}},{"type":"Feature","properties":{"objectId":268,"descr":"Área verde","nombre":"Propiedad Municipal","codigo":"","tipologia":"Áreas Verdes","category":"equipamiento-local","source":"GAD Mejía | equipamiento"},"geometry":{"type":"Point","coordinates":[-78.568403,-0.369944]}},{"type":"Feature","properties":{"objectId":269,"descr":"Área verde","nombre":"Propiedad Municipal","codigo":"","tipologia":"Áreas Verdes","category":"equipamiento-local","source":"GAD Mejía | equipamiento"},"geometry":{"type":"Point","coordinates":[-78.556945,-0.363649]}},{"type":"Feature","properties":{"objectId":270,"descr":"Área verde","nombre":"Propiedad Municipal","codigo":"","tipologia":"Áreas Verdes","category":"equipamiento-local","source":"GAD Mejía | equipamiento"},"geometry":{"type":"Point","coordinates":[-78.537584,-0.403781]}},{"type":"Feature","properties":{"objectId":271,"descr":"Área verde","nombre":"Propiedad Municipal","codigo":"","tipologia":"Áreas Verdes","category":"equipamiento-local","source":"GAD Mejía | equipamiento"},"geometry":{"type":"Point","coordinates":[-78.561642,-0.499504]}},{"type":"Feature","properties":{"objectId":272,"descr":"Área verde","nombre":"Propiedad Municipal","codigo":"","tipologia":"Áreas Verdes","category":"equipamiento-local","source":"GAD Mejía | equipamiento"},"geometry":{"type":"Point","coordinates":[-78.55269,-0.412415]}},{"type":"Feature","properties":{"objectId":273,"descr":"Área verde","nombre":"Propiedad Municipal","codigo":"","tipologia":"Áreas Verdes","category":"equipamiento-local","source":"GAD Mejía | equipamiento"},"geometry":{"type":"Point","coordinates":[-78.560925,-0.52848]}},{"type":"Feature","properties":{"objectId":274,"descr":"Área verde","nombre":"Propiedad Municipal","codigo":"","tipologia":"Áreas Verdes","category":"equipamiento-local","source":"GAD Mejía | equipamiento"},"geometry":{"type":"Point","coordinates":[-78.588466,-0.518384]}},{"type":"Feature","properties":{"objectId":275,"descr":"Área verde","nombre":"Propiedad Municipal","codigo":"","tipologia":"Áreas Verdes","category":"equipamiento-local","source":"GAD Mejía | equipamiento"},"geometry":{"type":"Point","coordinates":[-78.580775,-0.525882]}},{"type":"Feature","properties":{"objectId":276,"descr":"Área verde","nombre":"Propiedad Municipal","codigo":"","tipologia":"Áreas Verdes","category":"equipamiento-local","source":"GAD Mejía | equipamiento"},"geometry":{"type":"Point","coordinates":[-78.580933,-0.525661]}},{"type":"Feature","properties":{"objectId":277,"descr":"Área verde","nombre":"Propiedad Municipal","codigo":"","tipologia":"Áreas Verdes","category":"equipamiento-local","source":"GAD Mejía | equipamiento"},"geometry":{"type":"Point","coordinates":[-78.561245,-0.526102]}},{"type":"Feature","properties":{"objectId":278,"descr":"Área verde","nombre":"Propiedad Municipal","codigo":"","tipologia":"Áreas Verdes","category":"equipamiento-local","source":"GAD Mejía | equipamiento"},"geometry":{"type":"Point","coordinates":[-78.541352,-0.388686]}},{"type":"Feature","properties":{"objectId":279,"descr":"Área verde","nombre":"Propiedad Municipal","codigo":"","tipologia":"Áreas Verdes","category":"equipamiento-local","source":"GAD Mejía | equipamiento"},"geometry":{"type":"Point","coordinates":[-78.534486,-0.404803]}},{"type":"Feature","properties":{"objectId":280,"descr":"Área verde","nombre":"Propiedad Municipal","codigo":"","tipologia":"Áreas Verdes","category":"equipamiento-local","source":"GAD Mejía | equipamiento"},"geometry":{"type":"Point","coordinates":[-78.53281,-0.4031]}},{"type":"Feature","properties":{"objectId":281,"descr":"Área verde","nombre":"Propiedad Municipal","codigo":"","tipologia":"Áreas Verdes","category":"equipamiento-local","source":"GAD Mejía | equipamiento"},"geometry":{"type":"Point","coordinates":[-78.565758,-0.507295]}},{"type":"Feature","properties":{"objectId":282,"descr":"Área verde","nombre":"Propiedad Municipal","codigo":"","tipologia":"Áreas Verdes","category":"equipamiento-local","source":"GAD Mejía | equipamiento"},"geometry":{"type":"Point","coordinates":[-78.578166,-0.522042]}},{"type":"Feature","properties":{"objectId":283,"descr":"Área verde","nombre":"Propiedad Municipal","codigo":"","tipologia":"Áreas Verdes","category":"equipamiento-local","source":"GAD Mejía | equipamiento"},"geometry":{"type":"Point","coordinates":[-78.54878,-0.376269]}},{"type":"Feature","properties":{"objectId":284,"descr":"Área verde","nombre":"Propiedad Municipal","codigo":"","tipologia":"Áreas Verdes","category":"equipamiento-local","source":"GAD Mejía | equipamiento"},"geometry":{"type":"Point","coordinates":[-78.549365,-0.376944]}},{"type":"Feature","properties":{"objectId":285,"descr":"Área verde","nombre":"Propiedad Municipal","codigo":"","tipologia":"Áreas Verdes","category":"equipamiento-local","source":"GAD Mejía | equipamiento"},"geometry":{"type":"Point","coordinates":[-78.550012,-0.377746]}},{"type":"Feature","properties":{"objectId":286,"descr":"Área verde","nombre":"Propiedad Municipal","codigo":"","tipologia":"Áreas Verdes","category":"equipamiento-local","source":"GAD Mejía | equipamiento"},"geometry":{"type":"Point","coordinates":[-78.561392,-0.370263]}},{"type":"Feature","properties":{"objectId":287,"descr":"Área verde","nombre":"Propiedad Municipal","codigo":"","tipologia":"Áreas Verdes","category":"equipamiento-local","source":"GAD Mejía | equipamiento"},"geometry":{"type":"Point","coordinates":[-78.562264,-0.373172]}},{"type":"Feature","properties":{"objectId":288,"descr":"Área verde","nombre":"Propiedad Municipal","codigo":"","tipologia":"Áreas Verdes","category":"equipamiento-local","source":"GAD Mejía | equipamiento"},"geometry":{"type":"Point","coordinates":[-78.564108,-0.377569]}},{"type":"Feature","properties":{"objectId":289,"descr":"Área verde","nombre":"Propiedad Municipal","codigo":"","tipologia":"Áreas Verdes","category":"equipamiento-local","source":"GAD Mejía | equipamiento"},"geometry":{"type":"Point","coordinates":[-78.565291,-0.505429]}},{"type":"Feature","properties":{"objectId":290,"descr":"Área verde","nombre":"Propiedad Municipal","codigo":"","tipologia":"Áreas Verdes","category":"equipamiento-local","source":"GAD Mejía | equipamiento"},"geometry":{"type":"Point","coordinates":[-78.566115,-0.506385]}},{"type":"Feature","properties":{"objectId":291,"descr":"Área verde","nombre":"Propiedad Municipal","codigo":"","tipologia":"Áreas Verdes","category":"equipamiento-local","source":"GAD Mejía | equipamiento"},"geometry":{"type":"Point","coordinates":[-78.56581,-0.506298]}},{"type":"Feature","properties":{"objectId":292,"descr":"Área verde","nombre":"Propiedad Municipal","codigo":"","tipologia":"Áreas Verdes","category":"equipamiento-local","source":"GAD Mejía | equipamiento"},"geometry":{"type":"Point","coordinates":[-78.588745,-0.470656]}},{"type":"Feature","properties":{"objectId":293,"descr":"Área verde","nombre":"Propiedad Municipal","codigo":"","tipologia":"Áreas Verdes","category":"equipamiento-local","source":"GAD Mejía | equipamiento"},"geometry":{"type":"Point","coordinates":[-78.574684,-0.513571]}},{"type":"Feature","properties":{"objectId":294,"descr":"Área verde","nombre":"Propiedad Municipal","codigo":"","tipologia":"Áreas Verdes","category":"equipamiento-local","source":"GAD Mejía | equipamiento"},"geometry":{"type":"Point","coordinates":[-78.571044,-0.509919]}},{"type":"Feature","properties":{"objectId":295,"descr":"Área verde","nombre":"Propiedad Municipal","codigo":"","tipologia":"Áreas Verdes","category":"equipamiento-local","source":"GAD Mejía | equipamiento"},"geometry":{"type":"Point","coordinates":[-78.571517,-0.510395]}},{"type":"Feature","properties":{"objectId":296,"descr":"Área verde","nombre":"Propiedad Municipal","codigo":"","tipologia":"Áreas Verdes","category":"equipamiento-local","source":"GAD Mejía | equipamiento"},"geometry":{"type":"Point","coordinates":[-78.567556,-0.49814]}},{"type":"Feature","properties":{"objectId":297,"descr":"Área verde","nombre":"Propiedad Municipal","codigo":"","tipologia":"Áreas Verdes","category":"equipamiento-local","source":"GAD Mejía | equipamiento"},"geometry":{"type":"Point","coordinates":[-78.534863,-0.387117]}},{"type":"Feature","properties":{"objectId":298,"descr":"Área verde","nombre":"Propiedad Municipal","codigo":"","tipologia":"Áreas Verdes","category":"equipamiento-local","source":"GAD Mejía | equipamiento"},"geometry":{"type":"Point","coordinates":[-78.571153,-0.488886]}},{"type":"Feature","properties":{"objectId":299,"descr":"Área verde","nombre":"Propiedad Municipal","codigo":"","tipologia":"Áreas Verdes","category":"equipamiento-local","source":"GAD Mejía | equipamiento"},"geometry":{"type":"Point","coordinates":[-78.561894,-0.387682]}},{"type":"Feature","properties":{"objectId":300,"descr":"Área verde","nombre":"Propiedad Municipal","codigo":"","tipologia":"Áreas Verdes","category":"equipamiento-local","source":"GAD Mejía | equipamiento"},"geometry":{"type":"Point","coordinates":[-78.562329,-0.388725]}},{"type":"Feature","properties":{"objectId":301,"descr":"Área verde","nombre":"Propiedad Municipal","codigo":"","tipologia":"Áreas Verdes","category":"equipamiento-local","source":"GAD Mejía | equipamiento"},"geometry":{"type":"Point","coordinates":[-78.562033,-0.386367]}},{"type":"Feature","properties":{"objectId":302,"descr":"Área verde","nombre":"Propiedad Municipal","codigo":"","tipologia":"Áreas Verdes","category":"equipamiento-local","source":"GAD Mejía | equipamiento"},"geometry":{"type":"Point","coordinates":[-78.563066,-0.390837]}},{"type":"Feature","properties":{"objectId":303,"descr":"Área verde","nombre":"Propiedad Municipal","codigo":"","tipologia":"Áreas Verdes","category":"equipamiento-local","source":"GAD Mejía | equipamiento"},"geometry":{"type":"Point","coordinates":[-78.564188,-0.390634]}},{"type":"Feature","properties":{"objectId":304,"descr":"Área verde","nombre":"Propiedad Municipal","codigo":"","tipologia":"Áreas Verdes","category":"equipamiento-local","source":"GAD Mejía | equipamiento"},"geometry":{"type":"Point","coordinates":[-78.564103,-0.389944]}},{"type":"Feature","properties":{"objectId":305,"descr":"Área verde","nombre":"Propiedad Municipal","codigo":"","tipologia":"Áreas Verdes","category":"equipamiento-local","source":"GAD Mejía | equipamiento"},"geometry":{"type":"Point","coordinates":[-78.520306,-0.380232]}},{"type":"Feature","properties":{"objectId":306,"descr":"Área verde","nombre":"Propiedad Municipal","codigo":"","tipologia":"Áreas Verdes","category":"equipamiento-local","source":"GAD Mejía | equipamiento"},"geometry":{"type":"Point","coordinates":[-78.529997,-0.399127]}},{"type":"Feature","properties":{"objectId":307,"descr":"Área verde","nombre":"Propiedad Municipal","codigo":"","tipologia":"Áreas Verdes","category":"equipamiento-local","source":"GAD Mejía | equipamiento"},"geometry":{"type":"Point","coordinates":[-78.520724,-0.37962]}},{"type":"Feature","properties":{"objectId":308,"descr":"Área verde","nombre":"Propiedad Municipal","codigo":"","tipologia":"Áreas Verdes","category":"equipamiento-local","source":"GAD Mejía | equipamiento"},"geometry":{"type":"Point","coordinates":[-78.51877,-0.381957]}},{"type":"Feature","properties":{"objectId":309,"descr":"Área verde","nombre":"Propiedad Municipal","codigo":"","tipologia":"Áreas Verdes","category":"equipamiento-local","source":"GAD Mejía | equipamiento"},"geometry":{"type":"Point","coordinates":[-78.562899,-0.379105]}},{"type":"Feature","properties":{"objectId":310,"descr":"Área verde","nombre":"Propiedad Municipal","codigo":"","tipologia":"Áreas Verdes","category":"equipamiento-local","source":"GAD Mejía | equipamiento"},"geometry":{"type":"Point","coordinates":[-78.561256,-0.385447]}},{"type":"Feature","properties":{"objectId":311,"descr":"Área verde","nombre":"Propiedad Municipal","codigo":"","tipologia":"Áreas Verdes","category":"equipamiento-local","source":"GAD Mejía | equipamiento"},"geometry":{"type":"Point","coordinates":[-78.559652,-0.358373]}},{"type":"Feature","properties":{"objectId":312,"descr":"Área verde","nombre":"Propiedad Municipal","codigo":"","tipologia":"Áreas Verdes","category":"equipamiento-local","source":"GAD Mejía | equipamiento"},"geometry":{"type":"Point","coordinates":[-78.559909,-0.381505]}},{"type":"Feature","properties":{"objectId":313,"descr":"Área verde","nombre":"Propiedad Municipal","codigo":"","tipologia":"Áreas Verdes","category":"equipamiento-local","source":"GAD Mejía | equipamiento"},"geometry":{"type":"Point","coordinates":[-78.561485,-0.385971]}},{"type":"Feature","properties":{"objectId":314,"descr":"Área verde","nombre":"Propiedad Municipal","codigo":"","tipologia":"Áreas Verdes","category":"equipamiento-local","source":"GAD Mejía | equipamiento"},"geometry":{"type":"Point","coordinates":[-78.567016,-0.37861]}},{"type":"Feature","properties":{"objectId":315,"descr":"Área verde","nombre":"Propiedad Municipal","codigo":"","tipologia":"Áreas Verdes","category":"equipamiento-local","source":"GAD Mejía | equipamiento"},"geometry":{"type":"Point","coordinates":[-78.568615,-0.382013]}},{"type":"Feature","properties":{"objectId":316,"descr":"Área verde","nombre":"Propiedad Municipal","codigo":"","tipologia":"Áreas Verdes","category":"equipamiento-local","source":"GAD Mejía | equipamiento"},"geometry":{"type":"Point","coordinates":[-78.566323,-0.383112]}},{"type":"Feature","properties":{"objectId":317,"descr":"Área verde","nombre":"Propiedad Municipal","codigo":"","tipologia":"Áreas Verdes","category":"equipamiento-local","source":"GAD Mejía | equipamiento"},"geometry":{"type":"Point","coordinates":[-78.566535,-0.381137]}},{"type":"Feature","properties":{"objectId":318,"descr":"Área verde","nombre":"Propiedad Municipal","codigo":"","tipologia":"Áreas Verdes","category":"equipamiento-local","source":"GAD Mejía | equipamiento"},"geometry":{"type":"Point","coordinates":[-78.567239,-0.377967]}},{"type":"Feature","properties":{"objectId":319,"descr":"Área verde","nombre":"Propiedad Municipal","codigo":"","tipologia":"Áreas Verdes","category":"equipamiento-local","source":"GAD Mejía | equipamiento"},"geometry":{"type":"Point","coordinates":[-78.560318,-0.380503]}},{"type":"Feature","properties":{"objectId":320,"descr":"Área verde","nombre":"Propiedad Municipal","codigo":"","tipologia":"Áreas Verdes","category":"equipamiento-local","source":"GAD Mejía | equipamiento"},"geometry":{"type":"Point","coordinates":[-78.541295,-0.40643]}},{"type":"Feature","properties":{"objectId":321,"descr":"Área verde","nombre":"Propiedad Municipal","codigo":"","tipologia":"Áreas Verdes","category":"equipamiento-local","source":"GAD Mejía | equipamiento"},"geometry":{"type":"Point","coordinates":[-78.579843,-0.522476]}},{"type":"Feature","properties":{"objectId":322,"descr":"Área verde","nombre":"Propiedad Municipal","codigo":"","tipologia":"Áreas Verdes","category":"equipamiento-local","source":"GAD Mejía | equipamiento"},"geometry":{"type":"Point","coordinates":[-78.546846,-0.40004]}},{"type":"Feature","properties":{"objectId":323,"descr":"Área verde","nombre":"Propiedad Municipal","codigo":"","tipologia":"Áreas Verdes","category":"equipamiento-local","source":"GAD Mejía | equipamiento"},"geometry":{"type":"Point","coordinates":[-78.553892,-0.496047]}},{"type":"Feature","properties":{"objectId":324,"descr":"Área verde","nombre":"Propiedad Municipal","codigo":"","tipologia":"Áreas Verdes","category":"equipamiento-local","source":"GAD Mejía | equipamiento"},"geometry":{"type":"Point","coordinates":[-78.581329,-0.521302]}},{"type":"Feature","properties":{"objectId":325,"descr":"Área verde","nombre":"Propiedad Municipal","codigo":"","tipologia":"Áreas Verdes","category":"equipamiento-local","source":"GAD Mejía | equipamiento"},"geometry":{"type":"Point","coordinates":[-78.536093,-0.404663]}},{"type":"Feature","properties":{"objectId":326,"descr":"Área verde","nombre":"Propiedad Municipal","codigo":"","tipologia":"Áreas Verdes","category":"equipamiento-local","source":"GAD Mejía | equipamiento"},"geometry":{"type":"Point","coordinates":[-78.586744,-0.519162]}},{"type":"Feature","properties":{"objectId":327,"descr":"Área verde","nombre":"Propiedad Municipal","codigo":"","tipologia":"Áreas Verdes","category":"equipamiento-local","source":"GAD Mejía | equipamiento"},"geometry":{"type":"Point","coordinates":[-78.552831,-0.504549]}},{"type":"Feature","properties":{"objectId":328,"descr":"Área verde","nombre":"Propiedad Municipal","codigo":"","tipologia":"Áreas Verdes","category":"equipamiento-local","source":"GAD Mejía | equipamiento"},"geometry":{"type":"Point","coordinates":[-78.568951,-0.519578]}},{"type":"Feature","properties":{"objectId":329,"descr":"Área verde","nombre":"Propiedad Municipal","codigo":"","tipologia":"Áreas Verdes","category":"equipamiento-local","source":"GAD Mejía | equipamiento"},"geometry":{"type":"Point","coordinates":[-78.560985,-0.515573]}},{"type":"Feature","properties":{"objectId":330,"descr":"Área verde","nombre":"Propiedad Municipal","codigo":"","tipologia":"Áreas Verdes","category":"equipamiento-local","source":"GAD Mejía | equipamiento"},"geometry":{"type":"Point","coordinates":[-78.567901,-0.498368]}},{"type":"Feature","properties":{"objectId":331,"descr":"Área verde","nombre":"Propiedad Municipal","codigo":"","tipologia":"Áreas Verdes","category":"equipamiento-local","source":"GAD Mejía | equipamiento"},"geometry":{"type":"Point","coordinates":[-78.549027,-0.42313]}},{"type":"Feature","properties":{"objectId":332,"descr":"Área verde","nombre":"Propiedad Municipal","codigo":"","tipologia":"Áreas Verdes","category":"equipamiento-local","source":"GAD Mejía | equipamiento"},"geometry":{"type":"Point","coordinates":[-78.552403,-0.397894]}},{"type":"Feature","properties":{"objectId":333,"descr":"Área verde","nombre":"Propiedad Municipal","codigo":"","tipologia":"Áreas Verdes","category":"equipamiento-local","source":"GAD Mejía | equipamiento"},"geometry":{"type":"Point","coordinates":[-78.556221,-0.397504]}},{"type":"Feature","properties":{"objectId":334,"descr":"Área verde","nombre":"Propiedad Municipal","codigo":"","tipologia":"Áreas Verdes","category":"equipamiento-local","source":"GAD Mejía | equipamiento"},"geometry":{"type":"Point","coordinates":[-78.552355,-0.401008]}},{"type":"Feature","properties":{"objectId":335,"descr":"Área verde","nombre":"Propiedad Municipal","codigo":"","tipologia":"Áreas Verdes","category":"equipamiento-local","source":"GAD Mejía | equipamiento"},"geometry":{"type":"Point","coordinates":[-78.550693,-0.397921]}},{"type":"Feature","properties":{"objectId":336,"descr":"Área verde","nombre":"Propiedad Municipal","codigo":"","tipologia":"Áreas Verdes","category":"equipamiento-local","source":"GAD Mejía | equipamiento"},"geometry":{"type":"Point","coordinates":[-78.593545,-0.521938]}},{"type":"Feature","properties":{"objectId":337,"descr":"Área verde","nombre":"Propiedad Municipal","codigo":"","tipologia":"Áreas Verdes","category":"equipamiento-local","source":"GAD Mejía | equipamiento"},"geometry":{"type":"Point","coordinates":[-78.590317,-0.519758]}},{"type":"Feature","properties":{"objectId":338,"descr":"Área verde","nombre":"Propiedad Municipal","codigo":"","tipologia":"Áreas Verdes","category":"equipamiento-local","source":"GAD Mejía | equipamiento"},"geometry":{"type":"Point","coordinates":[-78.592895,-0.522983]}},{"type":"Feature","properties":{"objectId":339,"descr":"Área verde","nombre":"Propiedad Municipal","codigo":"","tipologia":"Áreas Verdes","category":"equipamiento-local","source":"GAD Mejía | equipamiento"},"geometry":{"type":"Point","coordinates":[-78.551877,-0.394402]}},{"type":"Feature","properties":{"objectId":340,"descr":"Área verde","nombre":"Propiedad Municipal","codigo":"","tipologia":"Áreas Verdes","category":"equipamiento-local","source":"GAD Mejía | equipamiento"},"geometry":{"type":"Point","coordinates":[-78.560246,-0.508552]}},{"type":"Feature","properties":{"objectId":341,"descr":"Área verde","nombre":"Propiedad Municipal","codigo":"","tipologia":"Áreas Verdes","category":"equipamiento-local","source":"GAD Mejía | equipamiento"},"geometry":{"type":"Point","coordinates":[-78.593946,-0.466915]}},{"type":"Feature","properties":{"objectId":342,"descr":"Área verde","nombre":"Propiedad Municipal","codigo":"","tipologia":"Áreas Verdes","category":"equipamiento-local","source":"GAD Mejía | equipamiento"},"geometry":{"type":"Point","coordinates":[-78.595709,-0.468423]}},{"type":"Feature","properties":{"objectId":343,"descr":"Área verde","nombre":"Propiedad Municipal","codigo":"","tipologia":"Áreas Verdes","category":"equipamiento-local","source":"GAD Mejía | equipamiento"},"geometry":{"type":"Point","coordinates":[-78.551669,-0.400285]}},{"type":"Feature","properties":{"objectId":344,"descr":"Área verde","nombre":"Propiedad Municipal","codigo":"","tipologia":"Áreas Verdes","category":"equipamiento-local","source":"GAD Mejía | equipamiento"},"geometry":{"type":"Point","coordinates":[-78.579907,-0.505948]}},{"type":"Feature","properties":{"objectId":345,"descr":"Área verde","nombre":"Propiedad Municipal","codigo":"","tipologia":"Áreas Verdes","category":"equipamiento-local","source":"GAD Mejía | equipamiento"},"geometry":{"type":"Point","coordinates":[-78.579113,-0.505798]}},{"type":"Feature","properties":{"objectId":346,"descr":"Área verde","nombre":"Propiedad Municipal","codigo":"","tipologia":"Áreas Verdes","category":"equipamiento-local","source":"GAD Mejía | equipamiento"},"geometry":{"type":"Point","coordinates":[-78.558238,-0.507496]}},{"type":"Feature","properties":{"objectId":347,"descr":"Área verde","nombre":"Propiedad Municipal","codigo":"","tipologia":"Áreas Verdes","category":"equipamiento-local","source":"GAD Mejía | equipamiento"},"geometry":{"type":"Point","coordinates":[-78.558649,-0.507712]}},{"type":"Feature","properties":{"objectId":348,"descr":"Área verde","nombre":"Propiedad Municipal","codigo":"","tipologia":"Áreas Verdes","category":"equipamiento-local","source":"GAD Mejía | equipamiento"},"geometry":{"type":"Point","coordinates":[-78.590362,-0.520261]}},{"type":"Feature","properties":{"objectId":349,"descr":"Área verde","nombre":"Propiedad Municipal","codigo":"","tipologia":"Áreas Verdes","category":"equipamiento-local","source":"GAD Mejía | equipamiento"},"geometry":{"type":"Point","coordinates":[-78.593043,-0.520851]}},{"type":"Feature","properties":{"objectId":350,"descr":"Área verde","nombre":"Propiedad Municipal","codigo":"","tipologia":"Áreas Verdes","category":"equipamiento-local","source":"GAD Mejía | equipamiento"},"geometry":{"type":"Point","coordinates":[-78.593621,-0.522029]}},{"type":"Feature","properties":{"objectId":351,"descr":"Área verde","nombre":"Propiedad Municipal","codigo":"","tipologia":"Áreas Verdes","category":"equipamiento-local","source":"GAD Mejía | equipamiento"},"geometry":{"type":"Point","coordinates":[-78.578795,-0.505814]}},{"type":"Feature","properties":{"objectId":352,"descr":"Área verde","nombre":"Propiedad Municipal","codigo":"","tipologia":"Áreas Verdes","category":"equipamiento-local","source":"GAD Mejía | equipamiento"},"geometry":{"type":"Point","coordinates":[-78.551962,-0.395711]}},{"type":"Feature","properties":{"objectId":353,"descr":"Cancha deportiva","nombre":"Cancha","codigo":"","tipologia":"RECREACIÓN Y DEPORTE","category":"equipamiento-local","source":"GAD Mejía | equipamiento"},"geometry":{"type":"Point","coordinates":[-78.902129,-0.34845]}},{"type":"Feature","properties":{"objectId":354,"descr":"Cancha deportiva","nombre":"Cancha","codigo":"","tipologia":"RECREACIÓN Y DEPORTE","category":"equipamiento-local","source":"GAD Mejía | equipamiento"},"geometry":{"type":"Point","coordinates":[-78.565108,-0.434402]}},{"type":"Feature","properties":{"objectId":355,"descr":"Cancha deportiva","nombre":"Cancha","codigo":"","tipologia":"RECREACIÓN Y DEPORTE","category":"equipamiento-local","source":"GAD Mejía | equipamiento"},"geometry":{"type":"Point","coordinates":[-78.882801,-0.350095]}},{"type":"Feature","properties":{"objectId":356,"descr":"Cancha deportiva","nombre":"Cancha","codigo":"","tipologia":"RECREACIÓN Y DEPORTE","category":"equipamiento-local","source":"GAD Mejía | equipamiento"},"geometry":{"type":"Point","coordinates":[-78.55448,-0.398614]}},{"type":"Feature","properties":{"objectId":357,"descr":"Cancha deportiva","nombre":"Cancha","codigo":"","tipologia":"RECREACIÓN Y DEPORTE","category":"equipamiento-local","source":"GAD Mejía | equipamiento"},"geometry":{"type":"Point","coordinates":[-78.566456,-0.389685]}},{"type":"Feature","properties":{"objectId":358,"descr":"Cancha deportiva","nombre":"Cancha","codigo":"","tipologia":"RECREACIÓN Y DEPORTE","category":"equipamiento-local","source":"GAD Mejía | equipamiento"},"geometry":{"type":"Point","coordinates":[-78.547741,-0.48313]}},{"type":"Feature","properties":{"objectId":359,"descr":"Cancha deportiva","nombre":"Cancha","codigo":"","tipologia":"RECREACIÓN Y DEPORTE","category":"equipamiento-local","source":"GAD Mejía | equipamiento"},"geometry":{"type":"Point","coordinates":[-78.645452,-0.479741]}},{"type":"Feature","properties":{"objectId":360,"descr":"Cancha deportiva","nombre":"Cancha","codigo":"","tipologia":"RECREACIÓN Y DEPORTE","category":"equipamiento-local","source":"GAD Mejía | equipamiento"},"geometry":{"type":"Point","coordinates":[-78.58901,-0.489139]}},{"type":"Feature","properties":{"objectId":361,"descr":"Cancha deportiva","nombre":"Cancha","codigo":"","tipologia":"RECREACIÓN Y DEPORTE","category":"equipamiento-local","source":"GAD Mejía | equipamiento"},"geometry":{"type":"Point","coordinates":[-78.613579,-0.435299]}},{"type":"Feature","properties":{"objectId":362,"descr":"Cancha deportiva","nombre":"Cancha","codigo":"","tipologia":"RECREACIÓN Y DEPORTE","category":"equipamiento-local","source":"GAD Mejía | equipamiento"},"geometry":{"type":"Point","coordinates":[-78.569102,-0.419785]}},{"type":"Feature","properties":{"objectId":363,"descr":"Cancha deportiva","nombre":"Cancha","codigo":"","tipologia":"RECREACIÓN Y DEPORTE","category":"equipamiento-local","source":"GAD Mejía | equipamiento"},"geometry":{"type":"Point","coordinates":[-78.545577,-0.434522]}},{"type":"Feature","properties":{"objectId":364,"descr":"Cancha deportiva","nombre":"Cancha","codigo":"","tipologia":"RECREACIÓN Y DEPORTE","category":"equipamiento-local","source":"GAD Mejía | equipamiento"},"geometry":{"type":"Point","coordinates":[-78.556626,-0.410169]}},{"type":"Feature","properties":{"objectId":365,"descr":"Cancha deportiva","nombre":"Cancha","codigo":"","tipologia":"RECREACIÓN Y DEPORTE","category":"equipamiento-local","source":"GAD Mejía | equipamiento"},"geometry":{"type":"Point","coordinates":[-78.74493,-0.440878]}},{"type":"Feature","properties":{"objectId":366,"descr":"Cancha deportiva","nombre":"Cancha","codigo":"","tipologia":"RECREACIÓN Y DEPORTE","category":"equipamiento-local","source":"GAD Mejía | equipamiento"},"geometry":{"type":"Point","coordinates":[-78.716613,-0.443432]}},{"type":"Feature","properties":{"objectId":367,"descr":"Cancha deportiva","nombre":"Cancha","codigo":"","tipologia":"RECREACIÓN Y DEPORTE","category":"equipamiento-local","source":"GAD Mejía | equipamiento"},"geometry":{"type":"Point","coordinates":[-78.601328,-0.535689]}},{"type":"Feature","properties":{"objectId":368,"descr":"Cancha deportiva","nombre":"Cancha","codigo":"","tipologia":"RECREACIÓN Y DEPORTE","category":"equipamiento-local","source":"GAD Mejía | equipamiento"},"geometry":{"type":"Point","coordinates":[-78.639286,-0.598256]}},{"type":"Feature","properties":{"objectId":369,"descr":"Cancha deportiva","nombre":"Cancha","codigo":"","tipologia":"RECREACIÓN Y DEPORTE","category":"equipamiento-local","source":"GAD Mejía | equipamiento"},"geometry":{"type":"Point","coordinates":[-78.619665,-0.595016]}},{"type":"Feature","properties":{"objectId":370,"descr":"Cancha deportiva","nombre":"Cancha","codigo":"","tipologia":"RECREACIÓN Y DEPORTE","category":"equipamiento-local","source":"GAD Mejía | equipamiento"},"geometry":{"type":"Point","coordinates":[-78.634042,-0.596304]}},{"type":"Feature","properties":{"objectId":371,"descr":"Cancha deportiva","nombre":"Cancha","codigo":"","tipologia":"RECREACIÓN Y DEPORTE","category":"equipamiento-local","source":"GAD Mejía | equipamiento"},"geometry":{"type":"Point","coordinates":[-78.633475,-0.596353]}},{"type":"Feature","properties":{"objectId":372,"descr":"Cancha deportiva","nombre":"Cancha","codigo":"","tipologia":"RECREACIÓN Y DEPORTE","category":"equipamiento-local","source":"GAD Mejía | equipamiento"},"geometry":{"type":"Point","coordinates":[-78.600222,-0.519564]}},{"type":"Feature","properties":{"objectId":373,"descr":"Cancha deportiva","nombre":"Cancha","codigo":"","tipologia":"RECREACIÓN Y DEPORTE","category":"equipamiento-local","source":"GAD Mejía | equipamiento"},"geometry":{"type":"Point","coordinates":[-78.591683,-0.529998]}},{"type":"Feature","properties":{"objectId":374,"descr":"Cancha deportiva","nombre":"Cancha","codigo":"","tipologia":"RECREACIÓN Y DEPORTE","category":"equipamiento-local","source":"GAD Mejía | equipamiento"},"geometry":{"type":"Point","coordinates":[-78.589067,-0.564205]}},{"type":"Feature","properties":{"objectId":375,"descr":"Cancha deportiva","nombre":"Cancha","codigo":"","tipologia":"RECREACIÓN Y DEPORTE","category":"equipamiento-local","source":"GAD Mejía | equipamiento"},"geometry":{"type":"Point","coordinates":[-78.597466,-0.566205]}},{"type":"Feature","properties":{"objectId":376,"descr":"Cancha deportiva","nombre":"Cancha","codigo":"","tipologia":"RECREACIÓN Y DEPORTE","category":"equipamiento-local","source":"GAD Mejía | equipamiento"},"geometry":{"type":"Point","coordinates":[-78.595217,-0.567997]}},{"type":"Feature","properties":{"objectId":377,"descr":"Cancha deportiva","nombre":"Cancha","codigo":"","tipologia":"RECREACIÓN Y DEPORTE","category":"equipamiento-local","source":"GAD Mejía | equipamiento"},"geometry":{"type":"Point","coordinates":[-78.599569,-0.597458]}},{"type":"Feature","properties":{"objectId":378,"descr":"Cancha deportiva","nombre":"Cancha","codigo":"","tipologia":"RECREACIÓN Y DEPORTE","category":"equipamiento-local","source":"GAD Mejía | equipamiento"},"geometry":{"type":"Point","coordinates":[-78.542565,-0.508503]}},{"type":"Feature","properties":{"objectId":379,"descr":"Cancha deportiva","nombre":"Cancha","codigo":"","tipologia":"RECREACIÓN Y DEPORTE","category":"equipamiento-local","source":"GAD Mejía | equipamiento"},"geometry":{"type":"Point","coordinates":[-78.540542,-0.509482]}},{"type":"Feature","properties":{"objectId":380,"descr":"Cancha deportiva","nombre":"Cancha","codigo":"","tipologia":"RECREACIÓN Y DEPORTE","category":"equipamiento-local","source":"GAD Mejía | equipamiento"},"geometry":{"type":"Point","coordinates":[-78.480418,-0.530869]}},{"type":"Feature","properties":{"objectId":1,"descr":"MUNICIPIO DE MEJIA","nombre":"Estadio","codigo":"","tipologia":"Áreas Verdes","category":"equipamiento-local","source":"GAD Mejía | equipamiento"},"geometry":{"type":"Point","coordinates":[-78.566062,-0.511668]}},{"type":"Feature","properties":{"objectId":2,"descr":"GAD MEJIA","nombre":"MUNICIPIOS","codigo":"","tipologia":"ADMINISTRACIÓN PÚBLICA","category":"equipamiento-local","source":"GAD Mejía | equipamiento"},"geometry":{"type":"Point","coordinates":[-78.585059,-0.468714]}},{"type":"Feature","properties":{"objectId":3,"descr":"GAD PARROQUIAL DE TAMBILLO","nombre":"MUNICIPIOS","codigo":"","tipologia":"ADMINISTRACIÓN PÚBLICA","category":"equipamiento-local","source":"GAD Mejía | equipamiento"},"geometry":{"type":"Point","coordinates":[-78.544088,-0.404568]}},{"type":"Feature","properties":{"objectId":4,"descr":"GAD MEJIA","nombre":"MUNICIPIOS","codigo":"","tipologia":"ADMINISTRACIÓN PÚBLICA","category":"equipamiento-local","source":"GAD Mejía | equipamiento"},"geometry":{"type":"Point","coordinates":[-78.565543,-0.512145]}},{"type":"Feature","properties":{"objectId":1,"descr":"ESTADIO EL CHAN","nombre":"Estadio","codigo":"","tipologia":"RECREACIÓN Y DEPORTE","category":"equipamiento-local","source":"GAD Mejía | equipamiento"},"geometry":{"type":"Point","coordinates":[-78.572252,-0.516393]}},{"type":"Feature","properties":{"objectId":2,"descr":"ESTADIO LA CRUZ","nombre":"Estadio","codigo":"","tipologia":"RECREACIÓN Y DEPORTE","category":"equipamiento-local","source":"GAD Mejía | equipamiento"},"geometry":{"type":"Point","coordinates":[-78.581349,-0.516709]}},{"type":"Feature","properties":{"objectId":3,"descr":"EL CHAUPI","nombre":"Estadio","codigo":"","tipologia":"Áreas Verdes","category":"equipamiento-local","source":"GAD Mejía | equipamiento"},"geometry":{"type":"Point","coordinates":[-78.634016,-0.596297]}},{"type":"Feature","properties":{"objectId":4,"descr":"ALOASÍ","nombre":"Estadio","codigo":"","tipologia":"Áreas Verdes","category":"equipamiento-local","source":"GAD Mejía | equipamiento"},"geometry":{"type":"Point","coordinates":[-78.586153,-0.5172]}},{"type":"Feature","properties":{"objectId":5,"descr":"ALÓAG","nombre":"Estadio","codigo":"","tipologia":"Áreas Verdes","category":"equipamiento-local","source":"GAD Mejía | equipamiento"},"geometry":{"type":"Point","coordinates":[-78.582914,-0.465238]}},{"type":"Feature","properties":{"objectId":6,"descr":"TAMBILLO","nombre":"Estadio","codigo":"","tipologia":"Áreas Verdes","category":"equipamiento-local","source":"GAD Mejía | equipamiento"},"geometry":{"type":"Point","coordinates":[-78.542511,-0.403483]}},{"type":"Feature","properties":{"objectId":7,"descr":"UYUMBICHO","nombre":"Estadio","codigo":"","tipologia":"Áreas Verdes","category":"equipamiento-local","source":"GAD Mejía | equipamiento"},"geometry":{"type":"Point","coordinates":[-78.522896,-0.388947]}},{"type":"Feature","properties":{"objectId":8,"descr":"CUTUGLAGUA","nombre":"Estadio","codigo":"","tipologia":"Áreas Verdes","category":"equipamiento-local","source":"GAD Mejía | equipamiento"},"geometry":{"type":"Point","coordinates":[-78.549424,-0.366198]}},{"type":"Feature","properties":{"objectId":9,"descr":"TANDAPI","nombre":"Estadio","codigo":"","tipologia":"Áreas Verdes","category":"equipamiento-local","source":"GAD Mejía | equipamiento"},"geometry":{"type":"Point","coordinates":[-78.802493,-0.412641]}},{"type":"Feature","properties":{"objectId":10,"descr":"MACHACHI","nombre":"Estadio","codigo":"","tipologia":"Áreas Verdes","category":"equipamiento-local","source":"GAD Mejía | equipamiento"},"geometry":{"type":"Point","coordinates":[-78.568089,-0.504218]}},{"type":"Feature","properties":{"objectId":2862,"descr":"Cancha","nombre":"Cancha","codigo":"","tipologia":"RECREACIÓN Y DEPORTE","category":"equipamiento-local","source":"GAD Mejía | equipamiento"},"geometry":{"type":"Point","coordinates":[-78.902129,-0.34845]}},{"type":"Feature","properties":{"objectId":1080,"descr":"Cancha","nombre":"Cancha","codigo":"","tipologia":"RECREACIÓN Y DEPORTE","category":"equipamiento-local","source":"GAD Mejía | equipamiento"},"geometry":{"type":"Point","coordinates":[-78.565108,-0.434402]}},{"type":"Feature","properties":{"objectId":1082,"descr":"Cancha","nombre":"Cancha","codigo":"","tipologia":"RECREACIÓN Y DEPORTE","category":"equipamiento-local","source":"GAD Mejía | equipamiento"},"geometry":{"type":"Point","coordinates":[-78.882801,-0.350095]}},{"type":"Feature","properties":{"objectId":1087,"descr":"Cancha","nombre":"Cancha","codigo":"","tipologia":"RECREACIÓN Y DEPORTE","category":"equipamiento-local","source":"GAD Mejía | equipamiento"},"geometry":{"type":"Point","coordinates":[-78.55448,-0.398614]}},{"type":"Feature","properties":{"objectId":1088,"descr":"Cancha","nombre":"Cancha","codigo":"","tipologia":"RECREACIÓN Y DEPORTE","category":"equipamiento-local","source":"GAD Mejía | equipamiento"},"geometry":{"type":"Point","coordinates":[-78.566456,-0.389685]}},{"type":"Feature","properties":{"objectId":1091,"descr":"Cancha","nombre":"Cancha","codigo":"","tipologia":"RECREACIÓN Y DEPORTE","category":"equipamiento-local","source":"GAD Mejía | equipamiento"},"geometry":{"type":"Point","coordinates":[-78.547741,-0.48313]}},{"type":"Feature","properties":{"objectId":1098,"descr":"Cancha","nombre":"Cancha","codigo":"","tipologia":"RECREACIÓN Y DEPORTE","category":"equipamiento-local","source":"GAD Mejía | equipamiento"},"geometry":{"type":"Point","coordinates":[-78.645452,-0.479741]}},{"type":"Feature","properties":{"objectId":1099,"descr":"Cancha","nombre":"Cancha","codigo":"","tipologia":"RECREACIÓN Y DEPORTE","category":"equipamiento-local","source":"GAD Mejía | equipamiento"},"geometry":{"type":"Point","coordinates":[-78.58901,-0.489139]}},{"type":"Feature","properties":{"objectId":1104,"descr":"Cancha","nombre":"Cancha","codigo":"","tipologia":"RECREACIÓN Y DEPORTE","category":"equipamiento-local","source":"GAD Mejía | equipamiento"},"geometry":{"type":"Point","coordinates":[-78.613579,-0.435299]}},{"type":"Feature","properties":{"objectId":1106,"descr":"Cancha","nombre":"Cancha","codigo":"","tipologia":"RECREACIÓN Y DEPORTE","category":"equipamiento-local","source":"GAD Mejía | equipamiento"},"geometry":{"type":"Point","coordinates":[-78.569102,-0.419785]}},{"type":"Feature","properties":{"objectId":1373,"descr":"Cancha","nombre":"Cancha","codigo":"","tipologia":"RECREACIÓN Y DEPORTE","category":"equipamiento-local","source":"GAD Mejía | equipamiento"},"geometry":{"type":"Point","coordinates":[-78.545577,-0.434522]}},{"type":"Feature","properties":{"objectId":3102,"descr":"Cancha","nombre":"Cancha","codigo":"","tipologia":"RECREACIÓN Y DEPORTE","category":"equipamiento-local","source":"GAD Mejía | equipamiento"},"geometry":{"type":"Point","coordinates":[-78.556626,-0.410169]}},{"type":"Feature","properties":{"objectId":5757,"descr":"Cancha","nombre":"Cancha","codigo":"","tipologia":"RECREACIÓN Y DEPORTE","category":"equipamiento-local","source":"GAD Mejía | equipamiento"},"geometry":{"type":"Point","coordinates":[-78.74493,-0.440878]}},{"type":"Feature","properties":{"objectId":5769,"descr":"Cancha","nombre":"Cancha","codigo":"","tipologia":"RECREACIÓN Y DEPORTE","category":"equipamiento-local","source":"GAD Mejía | equipamiento"},"geometry":{"type":"Point","coordinates":[-78.716613,-0.443432]}},{"type":"Feature","properties":{"objectId":6074,"descr":"Cancha","nombre":"Cancha","codigo":"","tipologia":"RECREACIÓN Y DEPORTE","category":"equipamiento-local","source":"GAD Mejía | equipamiento"},"geometry":{"type":"Point","coordinates":[-78.601328,-0.535689]}},{"type":"Feature","properties":{"objectId":6110,"descr":"Cancha","nombre":"Cancha","codigo":"","tipologia":"RECREACIÓN Y DEPORTE","category":"equipamiento-local","source":"GAD Mejía | equipamiento"},"geometry":{"type":"Point","coordinates":[-78.639286,-0.598256]}},{"type":"Feature","properties":{"objectId":6759,"descr":"Cancha","nombre":"Cancha","codigo":"","tipologia":"RECREACIÓN Y DEPORTE","category":"equipamiento-local","source":"GAD Mejía | equipamiento"},"geometry":{"type":"Point","coordinates":[-78.619665,-0.595016]}},{"type":"Feature","properties":{"objectId":6773,"descr":"Cancha","nombre":"Cancha","codigo":"","tipologia":"RECREACIÓN Y DEPORTE","category":"equipamiento-local","source":"GAD Mejía | equipamiento"},"geometry":{"type":"Point","coordinates":[-78.634042,-0.596304]}},{"type":"Feature","properties":{"objectId":6774,"descr":"Cancha","nombre":"Cancha","codigo":"","tipologia":"RECREACIÓN Y DEPORTE","category":"equipamiento-local","source":"GAD Mejía | equipamiento"},"geometry":{"type":"Point","coordinates":[-78.633475,-0.596353]}},{"type":"Feature","properties":{"objectId":8019,"descr":"Cancha","nombre":"Cancha","codigo":"","tipologia":"RECREACIÓN Y DEPORTE","category":"equipamiento-local","source":"GAD Mejía | equipamiento"},"geometry":{"type":"Point","coordinates":[-78.600222,-0.519564]}},{"type":"Feature","properties":{"objectId":8285,"descr":"Cancha","nombre":"Cancha","codigo":"","tipologia":"RECREACIÓN Y DEPORTE","category":"equipamiento-local","source":"GAD Mejía | equipamiento"},"geometry":{"type":"Point","coordinates":[-78.591683,-0.529998]}},{"type":"Feature","properties":{"objectId":8965,"descr":"Cancha","nombre":"Cancha","codigo":"","tipologia":"RECREACIÓN Y DEPORTE","category":"equipamiento-local","source":"GAD Mejía | equipamiento"},"geometry":{"type":"Point","coordinates":[-78.589067,-0.564205]}},{"type":"Feature","properties":{"objectId":8977,"descr":"Cancha","nombre":"Cancha","codigo":"","tipologia":"RECREACIÓN Y DEPORTE","category":"equipamiento-local","source":"GAD Mejía | equipamiento"},"geometry":{"type":"Point","coordinates":[-78.597466,-0.566205]}},{"type":"Feature","properties":{"objectId":9029,"descr":"Cancha","nombre":"Cancha","codigo":"","tipologia":"RECREACIÓN Y DEPORTE","category":"equipamiento-local","source":"GAD Mejía | equipamiento"},"geometry":{"type":"Point","coordinates":[-78.595217,-0.567997]}},{"type":"Feature","properties":{"objectId":9528,"descr":"Cancha","nombre":"Cancha","codigo":"","tipologia":"RECREACIÓN Y DEPORTE","category":"equipamiento-local","source":"GAD Mejía | equipamiento"},"geometry":{"type":"Point","coordinates":[-78.599569,-0.597458]}},{"type":"Feature","properties":{"objectId":9939,"descr":"Cancha","nombre":"Cancha","codigo":"","tipologia":"RECREACIÓN Y DEPORTE","category":"equipamiento-local","source":"GAD Mejía | equipamiento"},"geometry":{"type":"Point","coordinates":[-78.542565,-0.508503]}},{"type":"Feature","properties":{"objectId":9971,"descr":"Cancha","nombre":"Cancha","codigo":"","tipologia":"RECREACIÓN Y DEPORTE","category":"equipamiento-local","source":"GAD Mejía | equipamiento"},"geometry":{"type":"Point","coordinates":[-78.540542,-0.509482]}},{"type":"Feature","properties":{"objectId":11173,"descr":"Cancha","nombre":"Cancha","codigo":"","tipologia":"RECREACIÓN Y DEPORTE","category":"equipamiento-local","source":"GAD Mejía | equipamiento"},"geometry":{"type":"Point","coordinates":[-78.480418,-0.530869]}},{"type":"Feature","properties":{"objectId":1,"descr":"ESCUELA ISABEL YANEZ","nombre":"Establecimientos educativos","codigo":"","tipologia":"EDUCACIÓN","category":"equipamiento-local","source":"GAD Mejía | equipamiento"},"geometry":{"type":"Point","coordinates":[-78.564919,-0.517474]}},{"type":"Feature","properties":{"objectId":2,"descr":"ESCUELA CRUZ ROJA MEJIA DE MEJIA","nombre":"Establecimientos educativos","codigo":"","tipologia":"EDUCACIÓN","category":"equipamiento-local","source":"GAD Mejía | equipamiento"},"geometry":{"type":"Point","coordinates":[-78.564065,-0.516936]}},{"type":"Feature","properties":{"objectId":3,"descr":"UNIDAD EDUCATIVA MARIANO NEGRETE","nombre":"Establecimientos educativos","codigo":"","tipologia":"EDUCACIÓN","category":"equipamiento-local","source":"GAD Mejía | equipamiento"},"geometry":{"type":"Point","coordinates":[-78.56427,-0.51528]}},{"type":"Feature","properties":{"objectId":4,"descr":"ESCUELA JOSE MEJIA LEQUERICA","nombre":"Establecimientos educativos","codigo":"","tipologia":"EDUCACIÓN","category":"equipamiento-local","source":"GAD Mejía | equipamiento"},"geometry":{"type":"Point","coordinates":[-78.568713,-0.514573]}},{"type":"Feature","properties":{"objectId":5,"descr":"CCO  JAZLYN DE GUADALUPE","nombre":"Establecimientos educativos","codigo":"","tipologia":"EDUCACIÓN","category":"equipamiento-local","source":"GAD Mejía | equipamiento"},"geometry":{"type":"Point","coordinates":[-78.568125,-0.513341]}},{"type":"Feature","properties":{"objectId":6,"descr":"COLEGIO MACHACHI","nombre":"Establecimientos educativos","codigo":"","tipologia":"EDUCACIÓN","category":"equipamiento-local","source":"GAD Mejía | equipamiento"},"geometry":{"type":"Point","coordinates":[-78.567125,-0.50829]}},{"type":"Feature","properties":{"objectId":7,"descr":"COLEGIO CUTUGLAGUA","nombre":"Establecimientos educativos","codigo":"","tipologia":"EDUCACIÓN","category":"equipamiento-local","source":"GAD Mejía | equipamiento"},"geometry":{"type":"Point","coordinates":[-78.548778,-0.365778]}},{"type":"Feature","properties":{"objectId":8,"descr":"CENTRO DE CAPACITACION OCUPACIONAL GUAYASAMIN","nombre":"Establecimientos educativos","codigo":"","tipologia":"EDUCACIÓN","category":"equipamiento-local","source":"GAD Mejía | equipamiento"},"geometry":{"type":"Point","coordinates":[-78.61904,-0.356435]}},{"type":"Feature","properties":{"objectId":9,"descr":"CEC UNA LUZ EN EL CAMINO","nombre":"Establecimientos educativos","codigo":"","tipologia":"EDUCACIÓN","category":"equipamiento-local","source":"GAD Mejía | equipamiento"},"geometry":{"type":"Point","coordinates":[-78.619035,-0.356362]}},{"type":"Feature","properties":{"objectId":10,"descr":"ESCUELA AMERICA Y ESPAÑA","nombre":"Establecimientos educativos","codigo":"","tipologia":"EDUCACIÓN","category":"equipamiento-local","source":"GAD Mejía | equipamiento"},"geometry":{"type":"Point","coordinates":[-78.541389,-0.404139]}},{"type":"Feature","properties":{"objectId":11,"descr":"ESCUELA JORGE FERNANDEZ","nombre":"Establecimientos educativos","codigo":"","tipologia":"EDUCACIÓN","category":"equipamiento-local","source":"GAD Mejía | equipamiento"},"geometry":{"type":"Point","coordinates":[-78.589028,-0.489278]}},{"type":"Feature","properties":{"objectId":12,"descr":"ESCUELA CORDILLERA DE LOS ANDES","nombre":"Establecimientos educativos","codigo":"","tipologia":"EDUCACIÓN","category":"equipamiento-local","source":"GAD Mejía | equipamiento"},"geometry":{"type":"Point","coordinates":[-78.64625,-0.481556]}},{"type":"Feature","properties":{"objectId":13,"descr":"ESCUELA FISCAL MIXTA SELFINA CASTRO","nombre":"Establecimientos educativos","codigo":"","tipologia":"EDUCACIÓN","category":"equipamiento-local","source":"GAD Mejía | equipamiento"},"geometry":{"type":"Point","coordinates":[-78.583139,-0.470333]}},{"type":"Feature","properties":{"objectId":14,"descr":"ESCUELA FISCAL MIXTA COLOMBIA","nombre":"Establecimientos educativos","codigo":"","tipologia":"EDUCACIÓN","category":"equipamiento-local","source":"GAD Mejía | equipamiento"},"geometry":{"type":"Point","coordinates":[-78.584028,-0.470194]}},{"type":"Feature","properties":{"objectId":15,"descr":"UNIDAD EDUCATIVA LOLA LASSO DE URIBE","nombre":"Establecimientos educativos","codigo":"","tipologia":"EDUCACIÓN","category":"equipamiento-local","source":"GAD Mejía | equipamiento"},"geometry":{"type":"Point","coordinates":[-78.583528,-0.46625]}},{"type":"Feature","properties":{"objectId":16,"descr":"UNIDAD EDUCATIVA INGENIERIA DELSABER","nombre":"Establecimientos educativos","codigo":"","tipologia":"EDUCACIÓN","category":"equipamiento-local","source":"GAD Mejía | equipamiento"},"geometry":{"type":"Point","coordinates":[-78.583528,-0.466056]}},{"type":"Feature","properties":{"objectId":17,"descr":"COLEGIO NACIONAL ALOAG","nombre":"Establecimientos educativos","codigo":"","tipologia":"EDUCACIÓN","category":"equipamiento-local","source":"GAD Mejía | equipamiento"},"geometry":{"type":"Point","coordinates":[-78.581556,-0.465778]}},{"type":"Feature","properties":{"objectId":18,"descr":"ESCUELA MARIA MERCEDES VELASCO","nombre":"Establecimientos educativos","codigo":"","tipologia":"EDUCACIÓN","category":"equipamiento-local","source":"GAD Mejía | equipamiento"},"geometry":{"type":"Point","coordinates":[-78.574917,-0.443944]}},{"type":"Feature","properties":{"objectId":19,"descr":"JARDIN DE INFANTES MERCEDES MARTINEZ ACOSTA","nombre":"Establecimientos educativos","codigo":"","tipologia":"EDUCACIÓN","category":"equipamiento-local","source":"GAD Mejía | equipamiento"},"geometry":{"type":"Point","coordinates":[-78.613944,-0.435056]}},{"type":"Feature","properties":{"objectId":20,"descr":"ESCUELA ALFREDO TERAN","nombre":"Establecimientos educativos","codigo":"","tipologia":"EDUCACIÓN","category":"equipamiento-local","source":"GAD Mejía | equipamiento"},"geometry":{"type":"Point","coordinates":[-78.613889,-0.43475]}},{"type":"Feature","properties":{"objectId":21,"descr":"ESCUELA FISCAL MIXTA ROBERTO CARRERA GALLARDO","nombre":"Establecimientos educativos","codigo":"","tipologia":"EDUCACIÓN","category":"equipamiento-local","source":"GAD Mejía | equipamiento"},"geometry":{"type":"Point","coordinates":[-78.780417,-0.463333]}},{"type":"Feature","properties":{"objectId":22,"descr":"ESCUELA COANGOS","nombre":"Establecimientos educativos","codigo":"","tipologia":"EDUCACIÓN","category":"equipamiento-local","source":"GAD Mejía | equipamiento"},"geometry":{"type":"Point","coordinates":[-78.8465,-0.452611]}},{"type":"Feature","properties":{"objectId":23,"descr":"ESCUELA MARCO UBALDO VALLEJO PADILLA","nombre":"Establecimientos educativos","codigo":"","tipologia":"EDUCACIÓN","category":"equipamiento-local","source":"GAD Mejía | equipamiento"},"geometry":{"type":"Point","coordinates":[-78.739917,-0.424]}},{"type":"Feature","properties":{"objectId":24,"descr":"ESCUELA NUEVO LUCIANO","nombre":"Establecimientos educativos","codigo":"","tipologia":"EDUCACIÓN","category":"equipamiento-local","source":"GAD Mejía | equipamiento"},"geometry":{"type":"Point","coordinates":[-78.773417,-0.423972]}},{"type":"Feature","properties":{"objectId":25,"descr":"ESCUELA FISCAL MIXTA LEONARDO DAVALOS","nombre":"Establecimientos educativos","codigo":"","tipologia":"EDUCACIÓN","category":"equipamiento-local","source":"GAD Mejía | equipamiento"},"geometry":{"type":"Point","coordinates":[-78.836556,-0.420056]}},{"type":"Feature","properties":{"objectId":26,"descr":"ESCUELA AGUSTIN CUEVA","nombre":"Establecimientos educativos","codigo":"","tipologia":"EDUCACIÓN","category":"equipamiento-local","source":"GAD Mejía | equipamiento"},"geometry":{"type":"Point","coordinates":[-78.753806,-0.419417]}},{"type":"Feature","properties":{"objectId":27,"descr":"ESCUELA FISCAL MIXTA CIUDAD DE MACHACHI","nombre":"Establecimientos educativos","codigo":"","tipologia":"EDUCACIÓN","category":"equipamiento-local","source":"GAD Mejía | equipamiento"},"geometry":{"type":"Point","coordinates":[-78.799222,-0.416361]}},{"type":"Feature","properties":{"objectId":28,"descr":"UNIDAD EDUCATIVA JOSE RICARDO CHIRIBOGA","nombre":"Establecimientos educativos","codigo":"","tipologia":"EDUCACIÓN","category":"equipamiento-local","source":"GAD Mejía | equipamiento"},"geometry":{"type":"Point","coordinates":[-78.799775,-0.415363]}},{"type":"Feature","properties":{"objectId":29,"descr":"JARDIN DE INFANTES GALDYS DE RAMOS","nombre":"Establecimientos educativos","codigo":"","tipologia":"EDUCACIÓN","category":"equipamiento-local","source":"GAD Mejía | equipamiento"},"geometry":{"type":"Point","coordinates":[-78.799778,-0.414583]}},{"type":"Feature","properties":{"objectId":30,"descr":"ESCUELA FISCAL MIXTA PABLO VICENTE TAPIA FARINANGO","nombre":"Establecimientos educativos","codigo":"","tipologia":"EDUCACIÓN","category":"equipamiento-local","source":"GAD Mejía | equipamiento"},"geometry":{"type":"Point","coordinates":[-78.757417,-0.402917]}},{"type":"Feature","properties":{"objectId":31,"descr":"ESCUELA SANTUARIO DE BAÑOS","nombre":"Establecimientos educativos","codigo":"","tipologia":"EDUCACIÓN","category":"equipamiento-local","source":"GAD Mejía | equipamiento"},"geometry":{"type":"Point","coordinates":[-78.803944,-0.383472]}},{"type":"Feature","properties":{"objectId":32,"descr":"ESCUELA PRINCESA TOA","nombre":"Establecimientos educativos","codigo":"","tipologia":"EDUCACIÓN","category":"equipamiento-local","source":"GAD Mejía | equipamiento"},"geometry":{"type":"Point","coordinates":[-78.896278,-0.370167]}},{"type":"Feature","properties":{"objectId":33,"descr":"ESCUELA SIXTO MARIA DURAN","nombre":"Establecimientos educativos","codigo":"","tipologia":"EDUCACIÓN","category":"equipamiento-local","source":"GAD Mejía | equipamiento"},"geometry":{"type":"Point","coordinates":[-78.896278,-0.370167]}},{"type":"Feature","properties":{"objectId":34,"descr":"ESCUELA PRIMERO DE JUNIO","nombre":"Establecimientos educativos","codigo":"","tipologia":"EDUCACIÓN","category":"equipamiento-local","source":"GAD Mejía | equipamiento"},"geometry":{"type":"Point","coordinates":[-78.833167,-0.361056]}},{"type":"Feature","properties":{"objectId":35,"descr":"ESCUELA MIRABAD","nombre":"Establecimientos educativos","codigo":"","tipologia":"EDUCACIÓN","category":"equipamiento-local","source":"GAD Mejía | equipamiento"},"geometry":{"type":"Point","coordinates":[-78.902333,-0.347778]}},{"type":"Feature","properties":{"objectId":36,"descr":"ESCUELA AGUSTIN SALAS","nombre":"Establecimientos educativos","codigo":"","tipologia":"EDUCACIÓN","category":"equipamiento-local","source":"GAD Mejía | equipamiento"},"geometry":{"type":"Point","coordinates":[-78.931111,-0.315389]}},{"type":"Feature","properties":{"objectId":37,"descr":"ESCUELA SANTA MARIA DE CHITOA","nombre":"Establecimientos educativos","codigo":"","tipologia":"EDUCACIÓN","category":"equipamiento-local","source":"GAD Mejía | equipamiento"},"geometry":{"type":"Point","coordinates":[-78.950111,-0.314535]}},{"type":"Feature","properties":{"objectId":38,"descr":"ESCUELA DR. LUIS FERNANDO MERLO VASQUEZ","nombre":"Establecimientos educativos","codigo":"","tipologia":"EDUCACIÓN","category":"equipamiento-local","source":"GAD Mejía | equipamiento"},"geometry":{"type":"Point","coordinates":[-78.950006,-0.313238]}},{"type":"Feature","properties":{"objectId":39,"descr":"ESCUELA FISCAL MIXTA ATENAS DEL ECUADOR","nombre":"Establecimientos educativos","codigo":"","tipologia":"EDUCACIÓN","category":"equipamiento-local","source":"GAD Mejía | equipamiento"},"geometry":{"type":"Point","coordinates":[-78.846586,-0.436774]}},{"type":"Feature","properties":{"objectId":40,"descr":"ESCUELA SEGUNDO MIGEL SALAZAR","nombre":"Establecimientos educativos","codigo":"","tipologia":"EDUCACIÓN","category":"equipamiento-local","source":"GAD Mejía | equipamiento"},"geometry":{"type":"Point","coordinates":[-78.592806,-0.600806]}},{"type":"Feature","properties":{"objectId":41,"descr":"ESCUELA LUZ EMILIA SAA","nombre":"Establecimientos educativos","codigo":"","tipologia":"EDUCACIÓN","category":"equipamiento-local","source":"GAD Mejía | equipamiento"},"geometry":{"type":"Point","coordinates":[-78.639583,-0.599222]}},{"type":"Feature","properties":{"objectId":42,"descr":"ESCUELA LOS ILINIZAS","nombre":"Establecimientos educativos","codigo":"","tipologia":"EDUCACIÓN","category":"equipamiento-local","source":"GAD Mejía | equipamiento"},"geometry":{"type":"Point","coordinates":[-78.639583,-0.599194]}},{"type":"Feature","properties":{"objectId":43,"descr":"ESCUELA FISCAL MIXTA NASA","nombre":"Establecimientos educativos","codigo":"","tipologia":"EDUCACIÓN","category":"equipamiento-local","source":"GAD Mejía | equipamiento"},"geometry":{"type":"Point","coordinates":[-78.591917,-0.565806]}},{"type":"Feature","properties":{"objectId":44,"descr":"ESCUELA FISCAL MIXTA GERMAN FLOR","nombre":"Establecimientos educativos","codigo":"","tipologia":"EDUCACIÓN","category":"equipamiento-local","source":"GAD Mejía | equipamiento"},"geometry":{"type":"Point","coordinates":[-78.626639,-0.559]}},{"type":"Feature","properties":{"objectId":45,"descr":"ESCUELA GARCIA MORENO","nombre":"Establecimientos educativos","codigo":"","tipologia":"EDUCACIÓN","category":"equipamiento-local","source":"GAD Mejía | equipamiento"},"geometry":{"type":"Point","coordinates":[-78.579722,-0.525778]}},{"type":"Feature","properties":{"objectId":46,"descr":"ESCUELA ERNESTO ALBUJA PUNINA","nombre":"Establecimientos educativos","codigo":"","tipologia":"EDUCACIÓN","category":"equipamiento-local","source":"GAD Mejía | equipamiento"},"geometry":{"type":"Point","coordinates":[-78.588194,-0.520222]}},{"type":"Feature","properties":{"objectId":47,"descr":"INSTITUTO TECNOLOGICO SUPERIOR ALOASI","nombre":"Establecimientos educativos","codigo":"","tipologia":"EDUCACIÓN","category":"equipamiento-local","source":"GAD Mejía | equipamiento"},"geometry":{"type":"Point","coordinates":[-78.584389,-0.519444]}},{"type":"Feature","properties":{"objectId":48,"descr":"ESCUELA NUESTRA SEÑORA DE LOS DOLORES","nombre":"Establecimientos educativos","codigo":"","tipologia":"EDUCACIÓN","category":"equipamiento-local","source":"GAD Mejía | equipamiento"},"geometry":{"type":"Point","coordinates":[-78.584806,-0.51925]}},{"type":"Feature","properties":{"objectId":49,"descr":"ESCUELA 23 DE JULIO","nombre":"Establecimientos educativos","codigo":"","tipologia":"EDUCACIÓN","category":"equipamiento-local","source":"GAD Mejía | equipamiento"},"geometry":{"type":"Point","coordinates":[-78.584889,-0.518417]}},{"type":"Feature","properties":{"objectId":50,"descr":"ESCUELA LUZ DE AMERICA","nombre":"Establecimientos educativos","codigo":"","tipologia":"EDUCACIÓN","category":"equipamiento-local","source":"GAD Mejía | equipamiento"},"geometry":{"type":"Point","coordinates":[-78.584278,-0.518139]}},{"type":"Feature","properties":{"objectId":51,"descr":"ACADEMIA ELIA LIUT","nombre":"Establecimientos educativos","codigo":"","tipologia":"EDUCACIÓN","category":"equipamiento-local","source":"GAD Mejía | equipamiento"},"geometry":{"type":"Point","coordinates":[-78.575806,-0.510472]}},{"type":"Feature","properties":{"objectId":52,"descr":"JARDIN Y ESCUELA CRISTIANA HOREB","nombre":"Establecimientos educativos","codigo":"","tipologia":"EDUCACIÓN","category":"equipamiento-local","source":"GAD Mejía | equipamiento"},"geometry":{"type":"Point","coordinates":[-78.574028,-0.507278]}},{"type":"Feature","properties":{"objectId":53,"descr":"ESCUELA ING MANUEL GERMAN GILLON","nombre":"Establecimientos educativos","codigo":"","tipologia":"EDUCACIÓN","category":"equipamiento-local","source":"GAD Mejía | equipamiento"},"geometry":{"type":"Point","coordinates":[-78.598112,-0.586421]}},{"type":"Feature","properties":{"objectId":54,"descr":"ESCUELA KIWANIS","nombre":"Establecimientos educativos","codigo":"","tipologia":"EDUCACIÓN","category":"equipamiento-local","source":"GAD Mejía | equipamiento"},"geometry":{"type":"Point","coordinates":[-78.560928,-0.55262]}},{"type":"Feature","properties":{"objectId":55,"descr":"ESCUELA ANA MARIA VELASCO DONOSO","nombre":"Establecimientos educativos","codigo":"","tipologia":"EDUCACIÓN","category":"equipamiento-local","source":"GAD Mejía | equipamiento"},"geometry":{"type":"Point","coordinates":[-78.480418,-0.530932]}},{"type":"Feature","properties":{"objectId":56,"descr":"UNIDAD EDUCATIVA DEL MILENIO ONCE DE NOVIEMBRE","nombre":"Establecimientos educativos","codigo":"","tipologia":"EDUCACIÓN","category":"equipamiento-local","source":"GAD Mejía | equipamiento"},"geometry":{"type":"Point","coordinates":[-78.555158,-0.52665]}},{"type":"Feature","properties":{"objectId":57,"descr":"ESCUELA LUIS FELIPE BORJA","nombre":"Establecimientos educativos","codigo":"","tipologia":"EDUCACIÓN","category":"equipamiento-local","source":"GAD Mejía | equipamiento"},"geometry":{"type":"Point","coordinates":[-78.565452,-0.513025]}},{"type":"Feature","properties":{"objectId":58,"descr":"UNIDAD EDUCATIVA SANTA LUISA DE MARILLAC","nombre":"Establecimientos educativos","codigo":"","tipologia":"EDUCACIÓN","category":"equipamiento-local","source":"GAD Mejía | equipamiento"},"geometry":{"type":"Point","coordinates":[-78.564874,-0.512359]}},{"type":"Feature","properties":{"objectId":59,"descr":"COLEGIO PARTICULAR TOMAS TADEU","nombre":"Establecimientos educativos","codigo":"","tipologia":"EDUCACIÓN","category":"equipamiento-local","source":"GAD Mejía | equipamiento"},"geometry":{"type":"Point","coordinates":[-78.564944,-0.512306]}},{"type":"Feature","properties":{"objectId":60,"descr":"COLEGIO JUAN GUTENBERG","nombre":"Establecimientos educativos","codigo":"","tipologia":"EDUCACIÓN","category":"equipamiento-local","source":"GAD Mejía | equipamiento"},"geometry":{"type":"Point","coordinates":[-78.563543,-0.510888]}},{"type":"Feature","properties":{"objectId":61,"descr":"LICEO WILLIAM BLAKE","nombre":"Establecimientos educativos","codigo":"","tipologia":"EDUCACIÓN","category":"equipamiento-local","source":"GAD Mejía | equipamiento"},"geometry":{"type":"Point","coordinates":[-78.567433,-0.510056]}},{"type":"Feature","properties":{"objectId":62,"descr":"COLEGIO BRITANICO  LOS ANDES","nombre":"Establecimientos educativos","codigo":"","tipologia":"EDUCACIÓN","category":"equipamiento-local","source":"GAD Mejía | equipamiento"},"geometry":{"type":"Point","coordinates":[-78.569235,-0.508851]}},{"type":"Feature","properties":{"objectId":63,"descr":"ESCUELA MARIA GUARDERAS","nombre":"Establecimientos educativos","codigo":"","tipologia":"EDUCACIÓN","category":"equipamiento-local","source":"GAD Mejía | equipamiento"},"geometry":{"type":"Point","coordinates":[-78.542376,-0.508588]}},{"type":"Feature","properties":{"objectId":64,"descr":"COLEGIO PARTICULAR VICENTE ROCAFUERTE","nombre":"Establecimientos educativos","codigo":"","tipologia":"EDUCACIÓN","category":"equipamiento-local","source":"GAD Mejía | equipamiento"},"geometry":{"type":"Point","coordinates":[-78.569242,-0.503517]}},{"type":"Feature","properties":{"objectId":65,"descr":"COLEGIO AGROPECUARIO GENOVEVA GERMAN","nombre":"Establecimientos educativos","codigo":"","tipologia":"EDUCACIÓN","category":"equipamiento-local","source":"GAD Mejía | equipamiento"},"geometry":{"type":"Point","coordinates":[-78.538925,-0.495983]}},{"type":"Feature","properties":{"objectId":66,"descr":"JARDIN DE INFANTES THEODOR MOMMSEN","nombre":"Establecimientos educativos","codigo":"","tipologia":"EDUCACIÓN","category":"equipamiento-local","source":"GAD Mejía | equipamiento"},"geometry":{"type":"Point","coordinates":[-78.550667,-0.488028]}},{"type":"Feature","properties":{"objectId":67,"descr":"ESCUELA ALFREDO ESCUDERO","nombre":"Establecimientos educativos","codigo":"","tipologia":"EDUCACIÓN","category":"equipamiento-local","source":"GAD Mejía | equipamiento"},"geometry":{"type":"Point","coordinates":[-78.547754,-0.48296]}},{"type":"Feature","properties":{"objectId":68,"descr":"ESCUELA VICENTE MIRANDA","nombre":"Establecimientos educativos","codigo":"","tipologia":"EDUCACIÓN","category":"equipamiento-local","source":"GAD Mejía | equipamiento"},"geometry":{"type":"Point","coordinates":[-78.563242,-0.462704]}},{"type":"Feature","properties":{"objectId":69,"descr":"ESCUELA EDUARDO MIÑO CABEZAS","nombre":"Establecimientos educativos","codigo":"","tipologia":"EDUCACIÓN","category":"equipamiento-local","source":"GAD Mejía | equipamiento"},"geometry":{"type":"Point","coordinates":[-78.567194,-0.390167]}},{"type":"Feature","properties":{"objectId":70,"descr":"ESCUELA 4 DE NOVIEMBRE","nombre":"Establecimientos educativos","codigo":"","tipologia":"EDUCACIÓN","category":"equipamiento-local","source":"GAD Mejía | equipamiento"},"geometry":{"type":"Point","coordinates":[-78.5425,-0.383972]}},{"type":"Feature","properties":{"objectId":71,"descr":"JARDIN DE INFANTES QUITO COLONIAL","nombre":"Establecimientos educativos","codigo":"","tipologia":"EDUCACIÓN","category":"equipamiento-local","source":"GAD Mejía | equipamiento"},"geometry":{"type":"Point","coordinates":[-78.545222,-0.382528]}},{"type":"Feature","properties":{"objectId":72,"descr":"ESCUELA CUATRO DE OCTUBRE","nombre":"Establecimientos educativos","codigo":"","tipologia":"EDUCACIÓN","category":"equipamiento-local","source":"GAD Mejía | equipamiento"},"geometry":{"type":"Point","coordinates":[-78.549028,-0.376833]}},{"type":"Feature","properties":{"objectId":73,"descr":"ESCUELA STO DOMINGO DE CUTUGLAHUA","nombre":"Establecimientos educativos","codigo":"","tipologia":"EDUCACIÓN","category":"equipamiento-local","source":"GAD Mejía | equipamiento"},"geometry":{"type":"Point","coordinates":[-78.563056,-0.373556]}},{"type":"Feature","properties":{"objectId":74,"descr":"UNIDAD EDUCATIVA 2 DE AGOSTO","nombre":"Establecimientos educativos","codigo":"","tipologia":"EDUCACIÓN","category":"equipamiento-local","source":"GAD Mejía | equipamiento"},"geometry":{"type":"Point","coordinates":[-78.550139,-0.36625]}},{"type":"Feature","properties":{"objectId":75,"descr":"COLEGIO COMANDANTE LIZARDO ALFONSO VILLAMARIN","nombre":"Establecimientos educativos","codigo":"","tipologia":"EDUCACIÓN","category":"equipamiento-local","source":"GAD Mejía | equipamiento"},"geometry":{"type":"Point","coordinates":[-78.619038,-0.356397]}},{"type":"Feature","properties":{"objectId":76,"descr":"JARDIN DE INFANTES MANUELA GOMEZ DE LA TORRE","nombre":"Establecimientos educativos","codigo":"","tipologia":"EDUCACIÓN","category":"equipamiento-local","source":"GAD Mejía | equipamiento"},"geometry":{"type":"Point","coordinates":[-78.546278,-0.434694]}},{"type":"Feature","properties":{"objectId":77,"descr":"ESCUELA JUAN AMADOR","nombre":"Establecimientos educativos","codigo":"","tipologia":"EDUCACIÓN","category":"equipamiento-local","source":"GAD Mejía | equipamiento"},"geometry":{"type":"Point","coordinates":[-78.569222,-0.420389]}},{"type":"Feature","properties":{"objectId":78,"descr":"ESCUELA ANTONIO BORRERO","nombre":"Establecimientos educativos","codigo":"","tipologia":"EDUCACIÓN","category":"equipamiento-local","source":"GAD Mejía | equipamiento"},"geometry":{"type":"Point","coordinates":[-78.553917,-0.410361]}},{"type":"Feature","properties":{"objectId":79,"descr":"JARDIN DE INFANTES MELLIE DIGARD","nombre":"Establecimientos educativos","codigo":"","tipologia":"EDUCACIÓN","category":"equipamiento-local","source":"GAD Mejía | equipamiento"},"geometry":{"type":"Point","coordinates":[-78.540889,-0.403917]}},{"type":"Feature","properties":{"objectId":80,"descr":"ESCUELA ISIDRO AYORA","nombre":"Establecimientos educativos","codigo":"","tipologia":"EDUCACIÓN","category":"equipamiento-local","source":"GAD Mejía | equipamiento"},"geometry":{"type":"Point","coordinates":[-78.519944,-0.384972]}},{"type":"Feature","properties":{"objectId":81,"descr":"JARDIN DE INFANTES MAGDALENA CABEZAS DE DURAN","nombre":"Establecimientos educativos","codigo":"","tipologia":"EDUCACIÓN","category":"equipamiento-local","source":"GAD Mejía | equipamiento"},"geometry":{"type":"Point","coordinates":[-78.522306,-0.384778]}},{"type":"Feature","properties":{"objectId":82,"descr":"COLEGIO NACIONAL UYMBICHO","nombre":"Establecimientos educativos","codigo":"","tipologia":"EDUCACIÓN","category":"equipamiento-local","source":"GAD Mejía | equipamiento"},"geometry":{"type":"Point","coordinates":[-78.521361,-0.384167]}},{"type":"Feature","properties":{"objectId":83,"descr":"ESCUELA ATENAS","nombre":"Establecimientos educativos","codigo":"","tipologia":"EDUCACIÓN","category":"equipamiento-local","source":"GAD Mejía | equipamiento"},"geometry":{"type":"Point","coordinates":[-78.621562,-0.360336]}},{"type":"Feature","properties":{"objectId":84,"descr":"ESCUELA ATENAS DEL ECUADOR","nombre":"Establecimientos educativos","codigo":"","tipologia":"EDUCACIÓN","category":"equipamiento-local","source":"GAD Mejía | equipamiento"},"geometry":{"type":"Point","coordinates":[-78.62166,-0.360203]}},{"type":"Feature","properties":{"objectId":85,"descr":"ESCUELA LOS CARDENALES","nombre":"Establecimientos educativos","codigo":"","tipologia":"EDUCACIÓN","category":"equipamiento-local","source":"GAD Mejía | equipamiento"},"geometry":{"type":"Point","coordinates":[-78.545278,-0.434917]}},{"type":"Feature","properties":{"objectId":86,"descr":"ESCUELA CARLOS FREILE LARREA","nombre":"Establecimientos educativos","codigo":"","tipologia":"EDUCACIÓN","category":"equipamiento-local","source":"GAD Mejía | equipamiento"},"geometry":{"type":"Point","coordinates":[-78.546333,-0.434611]}},{"type":"Feature","properties":{"objectId":87,"descr":"COLEGIO ISMAEL PROAÑO","nombre":"Establecimientos educativos","codigo":"","tipologia":"EDUCACIÓN","category":"equipamiento-local","source":"GAD Mejía | equipamiento"},"geometry":{"type":"Point","coordinates":[-78.548596,-0.410654]}},{"type":"Feature","properties":{"objectId":88,"descr":"ESCUELA JOSE LUIS TAMAYO","nombre":"Establecimientos educativos","codigo":"","tipologia":"EDUCACIÓN","category":"equipamiento-local","source":"GAD Mejía | equipamiento"},"geometry":{"type":"Point","coordinates":[-78.588917,-0.489417]}},{"type":"Feature","properties":{"objectId":89,"descr":"ESCUELA DEL MILENIO","nombre":"Establecimientos educativos","codigo":"","tipologia":"EDUCACIÓN","category":"equipamiento-local","source":"GAD Mejía | equipamiento"},"geometry":{"type":"Point","coordinates":[-78.567046,-0.496724]}},{"type":"Feature","properties":{"objectId":90,"descr":"ESCUELA TANDAPI","nombre":"Establecimientos educativos","codigo":"","tipologia":"EDUCACIÓN","category":"equipamiento-local","source":"GAD Mejía | equipamiento"},"geometry":{"type":"Point","coordinates":[-78.80382,-0.409094]}},{"type":"Feature","properties":{"objectId":91,"descr":"ESCUELA MACHACHI","nombre":"Establecimientos educativos","codigo":"","tipologia":"EDUCACIÓN","category":"equipamiento-local","source":"GAD Mejía | equipamiento"},"geometry":{"type":"Point","coordinates":[-78.561347,-0.514141]}},{"type":"Feature","properties":{"objectId":2,"descr":"MERCADO CENTRAL","nombre":"Supermercado-mercado","codigo":"","tipologia":"APROVICIONAMIENTO","category":"equipamiento-local","source":"GAD Mejía | equipamiento"},"geometry":{"type":"Point","coordinates":[-78.568301,-0.513367]}},{"type":"Feature","properties":{"objectId":5,"descr":"MERCADO MAYORISTA","nombre":"Supermercado-mercado","codigo":"","tipologia":"APROVICIONAMIENTO","category":"equipamiento-local","source":"GAD Mejía | equipamiento"},"geometry":{"type":"Point","coordinates":[-78.567256,-0.515906]}},{"type":"Feature","properties":{"objectId":1,"descr":"Botadero","nombre":"Relleno Sanitario","codigo":"","tipologia":"INFRAESTRUCTURA ESPECIAL","category":"equipamiento-local","source":"GAD Mejía | equipamiento"},"geometry":{"type":"Point","coordinates":[-78.601693,-0.605712]}},{"type":"Feature","properties":{"objectId":1,"descr":"Cementerio","nombre":"Cementerio","codigo":"","tipologia":"SERVICIOS FUNERARIOS","category":"equipamiento-local","source":"GAD Mejía | equipamiento"},"geometry":{"type":"Point","coordinates":[-78.587588,-0.516794]}},{"type":"Feature","properties":{"objectId":2,"descr":"Cementerio","nombre":"Cementerio","codigo":"","tipologia":"SERVICIOS FUNERARIOS","category":"equipamiento-local","source":"GAD Mejía | equipamiento"},"geometry":{"type":"Point","coordinates":[-78.563566,-0.508]}},{"type":"Feature","properties":{"objectId":3,"descr":"Cementerio","nombre":"Cementerio","codigo":"","tipologia":"SERVICIOS FUNERARIOS","category":"equipamiento-local","source":"GAD Mejía | equipamiento"},"geometry":{"type":"Point","coordinates":[-78.53764,-0.433212]}},{"type":"Feature","properties":{"objectId":4,"descr":"Cementerio","nombre":"Cementerio","codigo":"","tipologia":"SERVICIOS FUNERARIOS","category":"equipamiento-local","source":"GAD Mejía | equipamiento"},"geometry":{"type":"Point","coordinates":[-78.759676,-0.430256]}},{"type":"Feature","properties":{"objectId":5,"descr":"Cementerio","nombre":"Cementerio","codigo":"","tipologia":"SERVICIOS FUNERARIOS","category":"equipamiento-local","source":"GAD Mejía | equipamiento"},"geometry":{"type":"Point","coordinates":[-78.54948,-0.404829]}},{"type":"Feature","properties":{"objectId":6,"descr":"Cementerio","nombre":"Cementerio","codigo":"","tipologia":"SERVICIOS FUNERARIOS","category":"equipamiento-local","source":"GAD Mejía | equipamiento"},"geometry":{"type":"Point","coordinates":[-78.521902,-0.382263]}},{"type":"Feature","properties":{"objectId":7,"descr":"Cementerio","nombre":"Cementerio","codigo":"","tipologia":"SERVICIOS FUNERARIOS","category":"equipamiento-local","source":"GAD Mejía | equipamiento"},"geometry":{"type":"Point","coordinates":[-78.547811,-0.361411]}},{"type":"Feature","properties":{"objectId":8,"descr":"Cementerio","nombre":"Cementerio","codigo":"","tipologia":"SERVICIOS FUNERARIOS","category":"equipamiento-local","source":"GAD Mejía | equipamiento"},"geometry":{"type":"Point","coordinates":[-78.581843,-0.472094]}},{"type":"Feature","properties":{"objectId":1,"descr":"Cementerio","nombre":"Cementerio","codigo":"","tipologia":"SERVICIOS FUNERARIOS","category":"equipamiento-local","source":"GAD Mejía | equipamiento"},"geometry":{"type":"Point","coordinates":[-78.587588,-0.516794]}},{"type":"Feature","properties":{"objectId":2,"descr":"Cementerio","nombre":"Cementerio","codigo":"","tipologia":"SERVICIOS FUNERARIOS","category":"equipamiento-local","source":"GAD Mejía | equipamiento"},"geometry":{"type":"Point","coordinates":[-78.563566,-0.508]}},{"type":"Feature","properties":{"objectId":3,"descr":"Cementerio","nombre":"Cementerio","codigo":"","tipologia":"SERVICIOS FUNERARIOS","category":"equipamiento-local","source":"GAD Mejía | equipamiento"},"geometry":{"type":"Point","coordinates":[-78.53764,-0.433212]}},{"type":"Feature","properties":{"objectId":4,"descr":"Cementerio","nombre":"Cementerio","codigo":"","tipologia":"SERVICIOS FUNERARIOS","category":"equipamiento-local","source":"GAD Mejía | equipamiento"},"geometry":{"type":"Point","coordinates":[-78.759676,-0.430256]}},{"type":"Feature","properties":{"objectId":5,"descr":"Cementerio","nombre":"Cementerio","codigo":"","tipologia":"SERVICIOS FUNERARIOS","category":"equipamiento-local","source":"GAD Mejía | equipamiento"},"geometry":{"type":"Point","coordinates":[-78.54948,-0.404829]}},{"type":"Feature","properties":{"objectId":6,"descr":"Cementerio","nombre":"Cementerio","codigo":"","tipologia":"SERVICIOS FUNERARIOS","category":"equipamiento-local","source":"GAD Mejía | equipamiento"},"geometry":{"type":"Point","coordinates":[-78.521902,-0.382263]}},{"type":"Feature","properties":{"objectId":7,"descr":"Cementerio","nombre":"Cementerio","codigo":"","tipologia":"SERVICIOS FUNERARIOS","category":"equipamiento-local","source":"GAD Mejía | equipamiento"},"geometry":{"type":"Point","coordinates":[-78.547811,-0.361411]}},{"type":"Feature","properties":{"objectId":8,"descr":"Cementerio","nombre":"Cementerio","codigo":"","tipologia":"SERVICIOS FUNERARIOS","category":"equipamiento-local","source":"GAD Mejía | equipamiento"},"geometry":{"type":"Point","coordinates":[-78.581843,-0.472094]}}]}