{"type":"FeatureCollection","features":[{"type":"Feature","properties":{"objectId":47,"fcode":"PATRIMONIO_47","tde":"EDIFICACIÓN PATRIMONIAL","obs":"DENTRO DEL PREDIO SE ENCUENTRA UNA EDIFICACIÓN PATRIMONIAL QUE DEBERÁ SER TOMADA EN CUENTA PARA CUALQUIER TRÁMITE POSTERIOR","category":"patrimonio","source":"GAD Mejía | patrimonio"},"geometry":{"type":"Polygon","coordinates":[[[-78.534863,-0.490118],[-78.534822,-0.490126],[-78.534759,-0.490126],[-78.534673,-0.490128],[-78.534593,-0.490139],[-78.534552,-0.490142],[-78.534552,-0.490142],[-78.534471,-0.490144],[-78.53444,-0.490147],[-78.534379,-0.490153],[-78.534379,-0.490153],[-78.534305,-0.490171],[-78.534242,-0.490185],[-78.534242,-0.490185],[-78.534238,-0.490187],[-78.53421,-0.490199],[-78.534195,-0.49021],[-78.534195,-0.49021],[-78.534181,-0.490221],[-78.534181,-0.490221],[-78.534158,-0.490247],[-78.534126,-0.490286],[-78.534111,-0.490319],[-78.534097,-0.49035],[-78.53409,-0.490378],[-78.534082,-0.490413],[-78.534067,-0.490475],[-78.534062,-0.490496],[-78.534062,-0.490496],[-78.53406,-0.4905],[-78.534047,-0.49053],[-78.534034,-0.490548],[-78.534034,-0.490548],[-78.534022,-0.490565],[-78.534006,-0.490578],[-78.533983,-0.490594],[-78.533974,-0.4906],[-78.533965,-0.490606],[-78.533936,-0.49061],[-78.533926,-0.490613],[-78.533916,-0.490615],[-78.533898,-0.490624],[-78.53388,-0.490632],[-78.533856,-0.490647],[-78.533832,-0.490663],[-78.533806,-0.490686],[-78.533739,-0.490749],[-78.533739,-0.490749],[-78.533706,-0.490777],[-78.533638,-0.490836],[-78.533581,-0.490879],[-78.533494,-0.490908],[-78.533494,-0.490908],[-78.533457,-0.49092],[-78.533398,-0.490943],[-78.533398,-0.490943],[-78.533346,-0.490981],[-78.5333,-0.491024],[-78.533244,-0.49111],[-78.533202,-0.491169],[-78.533169,-0.491181],[-78.533169,-0.491181],[-78.533041,-0.491182],[-78.533041,-0.491182],[-78.533024,-0.491182],[-78.533024,-0.491182],[-78.532963,-0.491192],[-78.532881,-0.491206],[-78.532613,-0.491304],[-78.532592,-0.491348],[-78.532592,-0.491348],[-78.532097,-0.491594],[-78.532085,-0.491602],[-78.532079,-0.491607],[-78.532028,-0.491644],[-78.531915,-0.491726],[-78.531744,-0.491914],[-78.531737,-0.491921],[-78.531734,-0.491924],[-78.531655,-0.492024],[-78.531578,-0.492129],[-78.531517,-0.492266],[-78.531445,-0.492446],[-78.531445,-0.492446],[-78.531359,-0.492579],[-78.531276,-0.492672],[-78.531162,-0.492776],[-78.531076,-0.492832],[-78.530984,-0.492893],[-78.530891,-0.492931],[-78.530891,-0.492931],[-78.530733,-0.492974],[-78.530477,-0.493036],[-78.530101,-0.493094],[-78.529713,-0.493157],[-78.529546,-0.493157],[-78.529284,-0.493148],[-78.529164,-0.493151],[-78.529092,-0.49316],[-78.529009,-0.493189],[-78.528868,-0.493264],[-78.528767,-0.493304],[-78.528688,-0.49332],[-78.528616,-0.493334],[-78.527935,-0.493329],[-78.527815,-0.493329],[-78.527674,-0.493354],[-78.527566,-0.493386],[-78.527162,-0.493573],[-78.527162,-0.493573],[-78.526717,-0.493767],[-78.526607,-0.493759],[-78.525226,-0.493658],[-78.525004,-0.493117],[-78.524291,-0.493172],[-78.524059,-0.493078],[-78.524059,-0.493078],[-78.523837,-0.492527],[-78.523806,-0.492271],[-78.523764,-0.491929],[-78.523764,-0.491929],[-78.523671,-0.492332],[-78.52357,-0.492767],[-78.523597,-0.492781],[-78.523612,-0.49282],[-78.523626,-0.492923],[-78.523628,-0.492941],[-78.523633,-0.493],[-78.523671,-0.493084],[-78.523778,-0.493229],[-78.523808,-0.493279],[-78.52382,-0.493301],[-78.523824,-0.493306],[-78.523844,-0.493334],[-78.523909,-0.4934],[-78.523952,-0.493444],[-78.524064,-0.493574],[-78.524081,-0.493588],[-78.524226,-0.49368],[-78.524385,-0.49378],[-78.524477,-0.493829],[-78.524523,-0.493861],[-78.524566,-0.493874],[-78.524606,-0.493882],[-78.524626,-0.49389],[-78.524641,-0.493895],[-78.52468,-0.493908],[-78.524686,-0.49391],[-78.524702,-0.493925],[-78.524735,-0.493958],[-78.524765,-0.493989],[-78.524752,-0.493996],[-78.524714,-0.494067],[-78.52471,-0.494112],[-78.524706,-0.494158],[-78.524733,-0.494206],[-78.524743,-0.494223],[-78.524831,-0.494275],[-78.52488,-0.494303],[-78.52493,-0.49438],[-78.525091,-0.494623],[-78.525189,-0.494829],[-78.525256,-0.494969],[-78.525281,-0.495138],[-78.525274,-0.495163],[-78.525258,-0.495218],[-78.525107,-0.495393],[-78.524851,-0.495847],[-78.524727,-0.49604],[-78.524721,-0.496119],[-78.524839,-0.496183],[-78.525058,-0.496259],[-78.525184,-0.496272],[-78.525337,-0.496248],[-78.525337,-0.496248],[-78.525256,-0.496339],[-78.525141,-0.496393],[-78.525161,-0.496407],[-78.525254,-0.496471],[-78.525363,-0.496545],[-78.52556,-0.496679],[-78.525579,-0.496692],[-78.525585,-0.496696],[-78.525599,-0.496689],[-78.525644,-0.496667],[-78.525723,-0.496627],[-78.525849,-0.496572],[-78.526048,-0.496506],[-78.526218,-0.496438],[-78.526602,-0.496253],[-78.52733,-0.495891],[-78.527663,-0.49572],[-78.52796,-0.495557],[-78.528302,-0.49536],[-78.528499,-0.495306],[-78.528937,-0.495351],[-78.529233,-0.495533],[-78.529392,-0.495759],[-78.529594,-0.496007],[-78.529956,-0.4962],[-78.530307,-0.496484],[-78.530317,-0.496493],[-78.530777,-0.49668],[-78.531199,-0.496791],[-78.531478,-0.49678],[-78.531818,-0.496819],[-78.532059,-0.496973],[-78.532316,-0.497166],[-78.532348,-0.497212],[-78.532508,-0.497442],[-78.532574,-0.497718],[-78.532562,-0.49812],[-78.532594,-0.498211],[-78.532705,-0.498528],[-78.532902,-0.498793],[-78.533088,-0.498937],[-78.5334,-0.499113],[-78.533723,-0.499284],[-78.534227,-0.499563],[-78.534358,-0.499595],[-78.534552,-0.499618],[-78.534577,-0.499621],[-78.534752,-0.499625],[-78.534854,-0.499633],[-78.535615,-0.499795],[-78.535908,-0.499738],[-78.536094,-0.499732],[-78.536226,-0.499722],[-78.536979,-0.499275],[-78.537261,-0.499132],[-78.53738,-0.499024],[-78.537391,-0.499015],[-78.537583,-0.49894],[-78.537741,-0.498873],[-78.53787,-0.49867],[-78.537876,-0.498601],[-78.537908,-0.498573],[-78.53796,-0.498529],[-78.538017,-0.498482],[-78.53809,-0.49842],[-78.538128,-0.498388],[-78.538177,-0.498352],[-78.538248,-0.498309],[-78.538289,-0.498278],[-78.538324,-0.49824],[-78.538353,-0.498191],[-78.538386,-0.498132],[-78.538432,-0.498052],[-78.538457,-0.498001],[-78.538489,-0.497941],[-78.538528,-0.497885],[-78.538549,-0.497865],[-78.538588,-0.497837],[-78.538624,-0.497822],[-78.538646,-0.497815],[-78.538678,-0.497808],[-78.538712,-0.497803],[-78.538742,-0.4978],[-78.538769,-0.497797],[-78.538799,-0.497796],[-78.538834,-0.497795],[-78.538898,-0.497793],[-78.538925,-0.497787],[-78.53894,-0.497776],[-78.538948,-0.497763],[-78.538955,-0.497743],[-78.538961,-0.49772],[-78.538977,-0.497654],[-78.53899,-0.497615],[-78.538995,-0.497604],[-78.53901,-0.497579],[-78.539031,-0.497555],[-78.539063,-0.497526],[-78.539091,-0.497505],[-78.539131,-0.497478],[-78.539141,-0.497473],[-78.539167,-0.49746],[-78.539185,-0.497453],[-78.539201,-0.497449],[-78.539212,-0.497448],[-78.539237,-0.497448],[-78.539263,-0.497448],[-78.539284,-0.497449],[-78.539303,-0.497449],[-78.539311,-0.497464],[-78.539327,-0.497494],[-78.539346,-0.497528],[-78.539356,-0.497547],[-78.539355,-0.497573],[-78.539352,-0.497586],[-78.53935,-0.497599],[-78.539346,-0.497621],[-78.539337,-0.497666],[-78.539336,-0.497678],[-78.539337,-0.497682],[-78.539338,-0.497688],[-78.539339,-0.49769],[-78.53934,-0.497689],[-78.53937,-0.497717],[-78.539498,-0.497571],[-78.539507,-0.497561],[-78.539473,-0.497529],[-78.539486,-0.497515],[-78.539484,-0.497513],[-78.539497,-0.497499],[-78.539477,-0.49748],[-78.539464,-0.497468],[-78.539438,-0.497496],[-78.539425,-0.497484],[-78.53943,-0.49739],[-78.539504,-0.497394],[-78.539553,-0.49726],[-78.539566,-0.497214],[-78.539618,-0.49703],[-78.539664,-0.496376],[-78.539756,-0.495857],[-78.539796,-0.495766],[-78.539859,-0.495653],[-78.539896,-0.495563],[-78.539925,-0.495471],[-78.540003,-0.495211],[-78.540097,-0.494922],[-78.540132,-0.494779],[-78.540165,-0.494686],[-78.540193,-0.494618],[-78.54022,-0.494571],[-78.540241,-0.494533],[-78.540162,-0.494448],[-78.540095,-0.494356],[-78.539726,-0.494007],[-78.539528,-0.493819],[-78.539282,-0.493614],[-78.539243,-0.493534],[-78.538882,-0.493182],[-78.538714,-0.49303],[-78.538615,-0.49294],[-78.538395,-0.492741],[-78.538063,-0.492435],[-78.538055,-0.492425],[-78.538046,-0.492413],[-78.538043,-0.49241],[-78.538044,-0.492409],[-78.538141,-0.492358],[-78.538243,-0.492285],[-78.538297,-0.492209],[-78.538344,-0.492104],[-78.53838,-0.49199],[-78.538388,-0.491925],[-78.538429,-0.491872],[-78.538511,-0.491848],[-78.53853,-0.49185],[-78.53853,-0.49185],[-78.53853,-0.49185],[-78.538607,-0.491864],[-78.538676,-0.491883],[-78.538735,-0.491883],[-78.538868,-0.491888],[-78.53894,-0.491891],[-78.53894,-0.491891],[-78.539125,-0.491848],[-78.539205,-0.491797],[-78.539205,-0.491797],[-78.539269,-0.491722],[-78.539288,-0.491604],[-78.539289,-0.491479],[-78.539328,-0.491251],[-78.53933,-0.491239],[-78.539348,-0.49113],[-78.539386,-0.491067],[-78.539435,-0.491015],[-78.539519,-0.490964],[-78.539571,-0.49094],[-78.539494,-0.49085],[-78.539494,-0.490849],[-78.53976,-0.490294],[-78.539816,-0.490178],[-78.539816,-0.490178],[-78.539779,-0.490155],[-78.539727,-0.490114],[-78.539727,-0.490114],[-78.539646,-0.490024],[-78.539646,-0.490024],[-78.539568,-0.489944],[-78.539531,-0.489906],[-78.539508,-0.489882],[-78.539443,-0.489798],[-78.539215,-0.489476],[-78.538961,-0.489087],[-78.538877,-0.488948],[-78.538708,-0.488667],[-78.538536,-0.488407],[-78.538308,-0.488097],[-78.538071,-0.487774],[-78.537861,-0.487462],[-78.537727,-0.487263],[-78.537499,-0.486989],[-78.53736,-0.486818],[-78.537256,-0.486687],[-78.537181,-0.486602],[-78.537124,-0.486552],[-78.537112,-0.486544],[-78.537097,-0.48654],[-78.537079,-0.486537],[-78.537062,-0.486539],[-78.537062,-0.486539],[-78.53706,-0.48654],[-78.537033,-0.486551],[-78.537013,-0.486569],[-78.536962,-0.486616],[-78.536897,-0.486683],[-78.536844,-0.486739],[-78.536779,-0.486807],[-78.536667,-0.486933],[-78.536667,-0.486933],[-78.536592,-0.487036],[-78.536592,-0.487036],[-78.536578,-0.487057],[-78.53648,-0.487201],[-78.536354,-0.487398],[-78.536354,-0.487398],[-78.536297,-0.487479],[-78.536238,-0.487543],[-78.536238,-0.487543],[-78.53614,-0.487628],[-78.53608,-0.487672],[-78.536054,-0.487691],[-78.535956,-0.487748],[-78.535936,-0.487766],[-78.535926,-0.487774],[-78.535899,-0.487808],[-78.535879,-0.487833],[-78.535856,-0.487876],[-78.535786,-0.488003],[-78.535772,-0.488048],[-78.535737,-0.488161],[-78.535714,-0.488264],[-78.535698,-0.488333],[-78.535657,-0.48845],[-78.535657,-0.48845],[-78.535601,-0.488552],[-78.535511,-0.488704],[-78.535424,-0.488831],[-78.535391,-0.488877],[-78.535374,-0.488889],[-78.53538,-0.488923],[-78.535357,-0.48895],[-78.53534,-0.48897],[-78.535335,-0.488989],[-78.535331,-0.489003],[-78.53537,-0.489027],[-78.53537,-0.489027],[-78.535395,-0.48905],[-78.535408,-0.489075],[-78.535408,-0.489075],[-78.535405,-0.489125],[-78.535402,-0.489181],[-78.535394,-0.489222],[-78.535384,-0.489275],[-78.535349,-0.489328],[-78.535286,-0.489374],[-78.535259,-0.489391],[-78.535236,-0.489405],[-78.535204,-0.489432],[-78.535197,-0.48944],[-78.535185,-0.489455],[-78.535173,-0.489476],[-78.53517,-0.489502],[-78.535164,-0.489615],[-78.535161,-0.489638],[-78.53516,-0.489641],[-78.535154,-0.489664],[-78.535154,-0.489664],[-78.535145,-0.489678],[-78.53514,-0.48969],[-78.535127,-0.489715],[-78.535124,-0.489719],[-78.535118,-0.489726],[-78.535099,-0.489754],[-78.535099,-0.489754],[-78.535088,-0.489776],[-78.535084,-0.489793],[-78.535084,-0.489793],[-78.53508,-0.489801],[-78.535071,-0.489817],[-78.535053,-0.489848],[-78.535037,-0.489873],[-78.535037,-0.489873],[-78.535036,-0.489875],[-78.535028,-0.489889],[-78.53501,-0.489922],[-78.535007,-0.489928],[-78.534992,-0.489955],[-78.534984,-0.48997],[-78.534976,-0.489986],[-78.534956,-0.490014],[-78.534943,-0.490039],[-78.534937,-0.490054],[-78.534934,-0.490061],[-78.534929,-0.490078],[-78.534917,-0.490097],[-78.534888,-0.490107],[-78.534863,-0.490118],[-78.534863,-0.490118]]]}},{"type":"Feature","properties":{"objectId":6,"fcode":"PATRIMONIO_6","tde":"EDIFICACIÓN PATRIMONIAL","obs":"DENTRO DEL PREDIO SE ENCUENTRA UNA EDIFICACIÓN PATRIMONIAL QUE DEBERÁ SER TOMADA EN CUENTA PARA CUALQUIER TRÁMITE POSTERIOR","category":"patrimonio","source":"GAD Mejía | patrimonio"},"geometry":{"type":"Polygon","coordinates":[[[-78.54425,-0.405711],[-78.54434,-0.405808],[-78.544767,-0.405418],[-78.544673,-0.405303],[-78.54425,-0.405711]]]}},{"type":"Feature","properties":{"objectId":4,"fcode":"PATRIMONIO_4","tde":"EDIFICACIÓN PATRIMONIAL","obs":"DENTRO DEL PREDIO SE ENCUENTRA UNA EDIFICACIÓN PATRIMONIAL QUE DEBERÁ SER TOMADA EN CUENTA PARA CUALQUIER TRÁMITE POSTERIOR","category":"patrimonio","source":"GAD Mejía | patrimonio"},"geometry":{"type":"Polygon","coordinates":[[[-78.52116,-0.38488],[-78.521187,-0.384911],[-78.521318,-0.38479],[-78.521315,-0.384788],[-78.521295,-0.38478],[-78.52127,-0.384771],[-78.521248,-0.384766],[-78.521226,-0.384763],[-78.5212,-0.384764],[-78.521194,-0.384765],[-78.521187,-0.384767],[-78.521162,-0.384784],[-78.521165,-0.384787],[-78.521209,-0.384847],[-78.52116,-0.38488]]]}},{"type":"Feature","properties":{"objectId":5,"fcode":"PATRIMONIO_5","tde":"EDIFICACIÓN PATRIMONIAL","obs":"DENTRO DEL PREDIO SE ENCUENTRA UNA EDIFICACIÓN PATRIMONIAL QUE DEBERÁ SER TOMADA EN CUENTA PARA CUALQUIER TRÁMITE POSTERIOR","category":"patrimonio","source":"GAD Mejía | patrimonio"},"geometry":{"type":"Polygon","coordinates":[[[-78.521653,-0.385109],[-78.521513,-0.385237],[-78.521542,-0.385274],[-78.521698,-0.385162],[-78.521653,-0.385109]]]}},{"type":"Feature","properties":{"objectId":1,"fcode":"PATRIMONIO_1","tde":"EDIFICACIÓN PATRIMONIAL","obs":"DENTRO DEL PREDIO SE ENCUENTRA UNA EDIFICACIÓN PATRIMONIAL QUE DEBERÁ SER TOMADA EN CUENTA PARA CUALQUIER TRÁMITE POSTERIOR","category":"patrimonio","source":"GAD Mejía | patrimonio"},"geometry":{"type":"Polygon","coordinates":[[[-78.544179,-0.404364],[-78.544243,-0.404513],[-78.544341,-0.404468],[-78.544352,-0.40445],[-78.544329,-0.404318],[-78.544179,-0.404364]]]}},{"type":"Feature","properties":{"objectId":2,"fcode":"PATRIMONIO_2","tde":"EDIFICACIÓN PATRIMONIAL","obs":"DENTRO DEL PREDIO SE ENCUENTRA UNA EDIFICACIÓN PATRIMONIAL QUE DEBERÁ SER TOMADA EN CUENTA PARA CUALQUIER TRÁMITE POSTERIOR","category":"patrimonio","source":"GAD Mejía | patrimonio"},"geometry":{"type":"Polygon","coordinates":[[[-78.552404,-0.478373],[-78.552087,-0.478884],[-78.551791,-0.479426],[-78.551671,-0.479618],[-78.55127,-0.480353],[-78.551269,-0.480355],[-78.552247,-0.480811],[-78.552249,-0.480812],[-78.55225,-0.48081],[-78.552251,-0.480808],[-78.552398,-0.480564],[-78.552489,-0.480575],[-78.552608,-0.480681],[-78.552614,-0.480687],[-78.552772,-0.480828],[-78.552782,-0.480837],[-78.553104,-0.481125],[-78.553111,-0.481127],[-78.553142,-0.481134],[-78.553167,-0.481142],[-78.553184,-0.481167],[-78.553188,-0.481201],[-78.55319,-0.481222],[-78.553074,-0.48157],[-78.553082,-0.4816],[-78.553095,-0.481623],[-78.55311,-0.481638],[-78.553116,-0.481644],[-78.553142,-0.481671],[-78.553148,-0.481678],[-78.553278,-0.481806],[-78.553307,-0.481829],[-78.553497,-0.482009],[-78.553499,-0.482011],[-78.553579,-0.482083],[-78.553714,-0.482206],[-78.553845,-0.482257],[-78.553958,-0.482282],[-78.553991,-0.48229],[-78.554039,-0.482294],[-78.554097,-0.482296],[-78.554154,-0.482291],[-78.554305,-0.482301],[-78.55432,-0.482302],[-78.55432,-0.482302],[-78.554398,-0.482311],[-78.55458,-0.48236],[-78.554592,-0.482364],[-78.554596,-0.482365],[-78.5547,-0.48239],[-78.554812,-0.482434],[-78.554842,-0.482446],[-78.554895,-0.482452],[-78.554895,-0.482452],[-78.554904,-0.482453],[-78.554902,-0.482424],[-78.554888,-0.481793],[-78.554855,-0.481379],[-78.554888,-0.481181],[-78.555186,-0.480385],[-78.55513,-0.480373],[-78.555077,-0.480341],[-78.555039,-0.4803],[-78.554999,-0.480281],[-78.554805,-0.479991],[-78.554681,-0.479835],[-78.554556,-0.479686],[-78.554541,-0.479505],[-78.554541,-0.479373],[-78.55451,-0.479233],[-78.554417,-0.479116],[-78.55434,-0.478967],[-78.55427,-0.478858],[-78.554215,-0.478693],[-78.554207,-0.478497],[-78.554239,-0.478363],[-78.554309,-0.478277],[-78.554347,-0.478138],[-78.554309,-0.477998],[-78.554099,-0.477756],[-78.553983,-0.477514],[-78.55382,-0.477397],[-78.553817,-0.477389],[-78.553025,-0.4779],[-78.552832,-0.478003],[-78.552518,-0.478253],[-78.552404,-0.478373]]]}},{"type":"Feature","properties":{"objectId":3,"fcode":"PATRIMONIO_3","tde":"EDIFICACIÓN PATRIMONIAL","obs":"DENTRO DEL PREDIO SE ENCUENTRA UNA EDIFICACIÓN PATRIMONIAL QUE DEBERÁ SER TOMADA EN CUENTA PARA CUALQUIER TRÁMITE POSTERIOR","category":"patrimonio","source":"GAD Mejía | patrimonio"},"geometry":{"type":"Polygon","coordinates":[[[-78.539658,-0.498644],[-78.539626,-0.498766],[-78.539621,-0.498765],[-78.538944,-0.498656],[-78.538716,-0.499046],[-78.538724,-0.499834],[-78.539257,-0.500513],[-78.539508,-0.500389],[-78.539673,-0.50071],[-78.540236,-0.500382],[-78.540164,-0.500195],[-78.540112,-0.500041],[-78.5401,-0.500005],[-78.540051,-0.499906],[-78.539973,-0.499798],[-78.540034,-0.499773],[-78.540372,-0.499631],[-78.54047,-0.49959],[-78.540498,-0.499387],[-78.540514,-0.4992],[-78.540534,-0.498963],[-78.540554,-0.498903],[-78.54057,-0.498858],[-78.540574,-0.498641],[-78.540574,-0.498618],[-78.540496,-0.498622],[-78.540105,-0.498643],[-78.540066,-0.498646],[-78.539955,-0.498652],[-78.539946,-0.498488],[-78.539944,-0.498478],[-78.539942,-0.498469],[-78.53993,-0.498442],[-78.539918,-0.498325],[-78.539914,-0.498243],[-78.539915,-0.498222],[-78.539923,-0.498044],[-78.539927,-0.497952],[-78.540489,-0.497922],[-78.540489,-0.497922],[-78.540479,-0.497864],[-78.540472,-0.497827],[-78.540465,-0.497785],[-78.540459,-0.497745],[-78.540459,-0.497745],[-78.540441,-0.497713],[-78.540431,-0.497694],[-78.540384,-0.49767],[-78.539844,-0.497538],[-78.539757,-0.497516],[-78.539769,-0.4976],[-78.539832,-0.497708],[-78.539844,-0.49777],[-78.539848,-0.497792],[-78.539858,-0.497862],[-78.539858,-0.498006],[-78.539832,-0.49821],[-78.539791,-0.498344],[-78.539702,-0.498545],[-78.539658,-0.498644]]]}},{"type":"Feature","properties":{"objectId":7,"fcode":"PATRIMONIO_7","tde":"EDIFICACIÓN PATRIMONIAL","obs":"DENTRO DEL PREDIO SE ENCUENTRA UNA EDIFICACIÓN PATRIMONIAL QUE DEBERÁ SER TOMADA EN CUENTA PARA CUALQUIER TRÁMITE POSTERIOR","category":"patrimonio","source":"GAD Mejía | patrimonio"},"geometry":{"type":"Polygon","coordinates":[[[-78.585705,-0.469104],[-78.585776,-0.46912],[-78.585789,-0.469067],[-78.585718,-0.469053],[-78.585705,-0.469104]]]}},{"type":"Feature","properties":{"objectId":8,"fcode":"PATRIMONIO_8","tde":"EDIFICACIÓN PATRIMONIAL","obs":"DENTRO DEL PREDIO SE ENCUENTRA UNA EDIFICACIÓN PATRIMONIAL QUE DEBERÁ SER TOMADA EN CUENTA PARA CUALQUIER TRÁMITE POSTERIOR","category":"patrimonio","source":"GAD Mejía | patrimonio"},"geometry":{"type":"Polygon","coordinates":[[[-78.584871,-0.518406],[-78.58498,-0.518165],[-78.584834,-0.518107],[-78.584829,-0.518105],[-78.584814,-0.518142],[-78.584822,-0.518144],[-78.584802,-0.518193],[-78.584775,-0.518285],[-78.584749,-0.518361],[-78.584871,-0.518406]]]}},{"type":"Feature","properties":{"objectId":9,"fcode":"PATRIMONIO_9","tde":"EDIFICACIÓN PATRIMONIAL","obs":"DENTRO DEL PREDIO SE ENCUENTRA UNA EDIFICACIÓN PATRIMONIAL QUE DEBERÁ SER TOMADA EN CUENTA PARA CUALQUIER TRÁMITE POSTERIOR","category":"patrimonio","source":"GAD Mejía | patrimonio"},"geometry":{"type":"Polygon","coordinates":[[[-78.522485,-0.385002],[-78.522532,-0.385069],[-78.522534,-0.385071],[-78.522536,-0.385072],[-78.522538,-0.385074],[-78.52254,-0.385075],[-78.522543,-0.385077],[-78.522545,-0.385077],[-78.522548,-0.385078],[-78.52255,-0.385078],[-78.522553,-0.385078],[-78.522556,-0.385077],[-78.522558,-0.385077],[-78.522561,-0.385076],[-78.522704,-0.385004],[-78.522651,-0.384919],[-78.522645,-0.384915],[-78.522485,-0.385002]]]}},{"type":"Feature","properties":{"objectId":10,"fcode":"PATRIMONIO_10","tde":"EDIFICACIÓN PATRIMONIAL","obs":"DENTRO DEL PREDIO SE ENCUENTRA UNA EDIFICACIÓN PATRIMONIAL QUE DEBERÁ SER TOMADA EN CUENTA PARA CUALQUIER TRÁMITE POSTERIOR","category":"patrimonio","source":"GAD Mejía | patrimonio"},"geometry":{"type":"Polygon","coordinates":[[[-78.565951,-0.51316],[-78.566048,-0.512995],[-78.565961,-0.512946],[-78.565917,-0.512922],[-78.565867,-0.512894],[-78.565803,-0.512859],[-78.565759,-0.512941],[-78.565685,-0.512901],[-78.565647,-0.512972],[-78.565603,-0.512944],[-78.565431,-0.513252],[-78.565566,-0.513323],[-78.565651,-0.51317],[-78.565732,-0.513024],[-78.565951,-0.51316]]]}},{"type":"Feature","properties":{"objectId":11,"fcode":"PATRIMONIO_11","tde":"EDIFICACIÓN PATRIMONIAL","obs":"DENTRO DEL PREDIO SE ENCUENTRA UNA EDIFICACIÓN PATRIMONIAL QUE DEBERÁ SER TOMADA EN CUENTA PARA CUALQUIER TRÁMITE POSTERIOR","category":"patrimonio","source":"GAD Mejía | patrimonio"},"geometry":{"type":"Polygon","coordinates":[[[-78.522167,-0.386107],[-78.522211,-0.386182],[-78.522285,-0.386131],[-78.522284,-0.386129],[-78.522308,-0.386111],[-78.522296,-0.386094],[-78.522322,-0.386075],[-78.522329,-0.38607],[-78.522298,-0.386028],[-78.522286,-0.386026],[-78.522233,-0.386055],[-78.522235,-0.386059],[-78.522241,-0.386066],[-78.522167,-0.386107]]]}},{"type":"Feature","properties":{"objectId":12,"fcode":"PATRIMONIO_12","tde":"EDIFICACIÓN PATRIMONIAL","obs":"DENTRO DEL PREDIO SE ENCUENTRA UNA EDIFICACIÓN PATRIMONIAL QUE DEBERÁ SER TOMADA EN CUENTA PARA CUALQUIER TRÁMITE POSTERIOR","category":"patrimonio","source":"GAD Mejía | patrimonio"},"geometry":{"type":"Polygon","coordinates":[[[-78.522942,-0.386916],[-78.522817,-0.387006],[-78.52285,-0.387052],[-78.522976,-0.386962],[-78.522942,-0.386916]]]}},{"type":"Feature","properties":{"objectId":13,"fcode":"PATRIMONIO_13","tde":"EDIFICACIÓN PATRIMONIAL","obs":"DENTRO DEL PREDIO SE ENCUENTRA UNA EDIFICACIÓN PATRIMONIAL QUE DEBERÁ SER TOMADA EN CUENTA PARA CUALQUIER TRÁMITE POSTERIOR","category":"patrimonio","source":"GAD Mejía | patrimonio"},"geometry":{"type":"Polygon","coordinates":[[[-78.564617,-0.512457],[-78.564788,-0.512559],[-78.564664,-0.512764],[-78.564631,-0.512819],[-78.564795,-0.512907],[-78.564818,-0.512866],[-78.564868,-0.512773],[-78.564937,-0.512669],[-78.564989,-0.512632],[-78.56499,-0.512632],[-78.565009,-0.512586],[-78.565045,-0.512495],[-78.565067,-0.512439],[-78.565068,-0.512438],[-78.565103,-0.512373],[-78.565112,-0.512378],[-78.565156,-0.512289],[-78.564836,-0.512121],[-78.564833,-0.51212],[-78.56483,-0.512119],[-78.564828,-0.512119],[-78.564825,-0.512119],[-78.564822,-0.512119],[-78.564819,-0.512119],[-78.564819,-0.51212],[-78.564816,-0.51212],[-78.564814,-0.512122],[-78.564812,-0.512123],[-78.564809,-0.512125],[-78.564808,-0.512127],[-78.564806,-0.51213],[-78.564617,-0.512457]]]}},{"type":"Feature","properties":{"objectId":14,"fcode":"PATRIMONIO_14","tde":"EDIFICACIÓN PATRIMONIAL","obs":"DENTRO DEL PREDIO SE ENCUENTRA UNA EDIFICACIÓN PATRIMONIAL QUE DEBERÁ SER TOMADA EN CUENTA PARA CUALQUIER TRÁMITE POSTERIOR","category":"patrimonio","source":"GAD Mejía | patrimonio"},"geometry":{"type":"Polygon","coordinates":[[[-78.584827,-0.519275],[-78.584827,-0.519278],[-78.584826,-0.519281],[-78.584827,-0.519284],[-78.584827,-0.519287],[-78.584828,-0.51929],[-78.584829,-0.519293],[-78.584831,-0.519295],[-78.584833,-0.519297],[-78.584835,-0.519299],[-78.584838,-0.519301],[-78.58484,-0.519302],[-78.585667,-0.519649],[-78.585667,-0.519649],[-78.58567,-0.51965],[-78.585673,-0.519651],[-78.585676,-0.519651],[-78.585679,-0.51965],[-78.585682,-0.51965],[-78.585685,-0.519649],[-78.585687,-0.519647],[-78.58569,-0.519645],[-78.585692,-0.519643],[-78.585694,-0.519641],[-78.585695,-0.519638],[-78.585697,-0.519636],[-78.585924,-0.518975],[-78.585621,-0.518852],[-78.585632,-0.518817],[-78.585251,-0.518659],[-78.585188,-0.518615],[-78.585104,-0.518581],[-78.585082,-0.51864],[-78.585072,-0.518636],[-78.584841,-0.519191],[-78.584855,-0.519208],[-78.584847,-0.519228],[-78.584828,-0.519273],[-78.584827,-0.519275]]]}},{"type":"Feature","properties":{"objectId":15,"fcode":"PATRIMONIO_15","tde":"EDIFICACIÓN PATRIMONIAL","obs":"DENTRO DEL PREDIO SE ENCUENTRA UNA EDIFICACIÓN PATRIMONIAL QUE DEBERÁ SER TOMADA EN CUENTA PARA CUALQUIER TRÁMITE POSTERIOR","category":"patrimonio","source":"GAD Mejía | patrimonio"},"geometry":{"type":"Polygon","coordinates":[[[-78.585477,-0.469707],[-78.585484,-0.469666],[-78.585488,-0.469667],[-78.585508,-0.469554],[-78.585509,-0.469551],[-78.585509,-0.469548],[-78.585508,-0.469546],[-78.585507,-0.469543],[-78.585506,-0.46954],[-78.585505,-0.469538],[-78.585503,-0.469535],[-78.585501,-0.469533],[-78.585499,-0.469531],[-78.585496,-0.46953],[-78.585494,-0.469529],[-78.585491,-0.469528],[-78.585331,-0.469494],[-78.585293,-0.469663],[-78.585477,-0.469707]]]}},{"type":"Feature","properties":{"objectId":16,"fcode":"PATRIMONIO_16","tde":"EDIFICACIÓN PATRIMONIAL","obs":"DENTRO DEL PREDIO SE ENCUENTRA UNA EDIFICACIÓN PATRIMONIAL QUE DEBERÁ SER TOMADA EN CUENTA PARA CUALQUIER TRÁMITE POSTERIOR","category":"patrimonio","source":"GAD Mejía | patrimonio"},"geometry":{"type":"Polygon","coordinates":[[[-78.577321,-0.522545],[-78.577335,-0.522594],[-78.577335,-0.522656],[-78.577341,-0.522693],[-78.577346,-0.522717],[-78.577344,-0.522747],[-78.577357,-0.522785],[-78.577361,-0.522824],[-78.577364,-0.522863],[-78.57735,-0.52289],[-78.577351,-0.52292],[-78.577353,-0.522973],[-78.577379,-0.523009],[-78.577479,-0.523112],[-78.577511,-0.523139],[-78.577559,-0.52318],[-78.577575,-0.523218],[-78.577603,-0.523282],[-78.577666,-0.52355],[-78.57767,-0.52355],[-78.578132,-0.523526],[-78.578119,-0.523483],[-78.577983,-0.523032],[-78.57784,-0.52256],[-78.577386,-0.522532],[-78.577321,-0.522545]]]}},{"type":"Feature","properties":{"objectId":17,"fcode":"PATRIMONIO_17","tde":"EDIFICACIÓN PATRIMONIAL","obs":"DENTRO DEL PREDIO SE ENCUENTRA UNA EDIFICACIÓN PATRIMONIAL QUE DEBERÁ SER TOMADA EN CUENTA PARA CUALQUIER TRÁMITE POSTERIOR","category":"patrimonio","source":"GAD Mejía | patrimonio"},"geometry":{"type":"Polygon","coordinates":[[[-78.544595,-0.404295],[-78.544414,-0.404415],[-78.544417,-0.404479],[-78.544474,-0.404553],[-78.544529,-0.404624],[-78.544585,-0.404696],[-78.544792,-0.404534],[-78.544605,-0.404286],[-78.544595,-0.404295]]]}},{"type":"Feature","properties":{"objectId":18,"fcode":"PATRIMONIO_18","tde":"EDIFICACIÓN PATRIMONIAL","obs":"DENTRO DEL PREDIO SE ENCUENTRA UNA EDIFICACIÓN PATRIMONIAL QUE DEBERÁ SER TOMADA EN CUENTA PARA CUALQUIER TRÁMITE POSTERIOR","category":"patrimonio","source":"GAD Mejía | patrimonio"},"geometry":{"type":"Polygon","coordinates":[[[-78.564246,-0.512611],[-78.564363,-0.512674],[-78.564366,-0.512675],[-78.564369,-0.512676],[-78.564371,-0.512676],[-78.564374,-0.512676],[-78.564377,-0.512676],[-78.56438,-0.512675],[-78.564383,-0.512674],[-78.564385,-0.512673],[-78.564386,-0.512673],[-78.564388,-0.512672],[-78.56439,-0.51267],[-78.564392,-0.512667],[-78.564393,-0.512665],[-78.564471,-0.51253],[-78.564352,-0.512465],[-78.56433,-0.512455],[-78.564246,-0.512611]]]}},{"type":"Feature","properties":{"objectId":19,"fcode":"PATRIMONIO_19","tde":"EDIFICACIÓN PATRIMONIAL","obs":"DENTRO DEL PREDIO SE ENCUENTRA UNA EDIFICACIÓN PATRIMONIAL QUE DEBERÁ SER TOMADA EN CUENTA PARA CUALQUIER TRÁMITE POSTERIOR","category":"patrimonio","source":"GAD Mejía | patrimonio"},"geometry":{"type":"Polygon","coordinates":[[[-78.569442,-0.512612],[-78.569445,-0.512614],[-78.56956,-0.512673],[-78.569644,-0.512526],[-78.569505,-0.51245],[-78.569504,-0.512452],[-78.569435,-0.512583],[-78.569434,-0.512586],[-78.569433,-0.512589],[-78.569432,-0.512592],[-78.569432,-0.512595],[-78.569433,-0.512598],[-78.569433,-0.512601],[-78.569434,-0.512603],[-78.569435,-0.512605],[-78.569436,-0.512606],[-78.569438,-0.512608],[-78.569438,-0.512609],[-78.56944,-0.512611],[-78.569442,-0.512612]]]}},{"type":"Feature","properties":{"objectId":31,"fcode":"PATRIMONIO_31","tde":"EDIFICACIÓN PATRIMONIAL","obs":"DENTRO DEL PREDIO SE ENCUENTRA UNA EDIFICACIÓN PATRIMONIAL QUE DEBERÁ SER TOMADA EN CUENTA PARA CUALQUIER TRÁMITE POSTERIOR","category":"patrimonio","source":"GAD Mejía | patrimonio"},"geometry":{"type":"Polygon","coordinates":[[[-78.521149,-0.385144],[-78.521158,-0.385159],[-78.52119,-0.385202],[-78.521082,-0.385355],[-78.521117,-0.385405],[-78.521319,-0.385146],[-78.521369,-0.385083],[-78.52136,-0.385073],[-78.521487,-0.384921],[-78.521455,-0.384894],[-78.521413,-0.384858],[-78.521334,-0.384961],[-78.521241,-0.38506],[-78.521149,-0.385144]]]}},{"type":"Feature","properties":{"objectId":58,"fcode":"PATRIMONIO_58","tde":"EDIFICACIÓN PATRIMONIAL","obs":"DENTRO DEL PREDIO SE ENCUENTRA UNA EDIFICACIÓN PATRIMONIAL QUE DEBERÁ SER TOMADA EN CUENTA PARA CUALQUIER TRÁMITE POSTERIOR","category":"patrimonio","source":"GAD Mejía | patrimonio"},"geometry":{"type":"Polygon","coordinates":[[[-78.544313,-0.404673],[-78.544373,-0.40475],[-78.544529,-0.404624],[-78.544474,-0.404553],[-78.544313,-0.404673]]]}},{"type":"Feature","properties":{"objectId":20,"fcode":"PATRIMONIO_20","tde":"EDIFICACIÓN PATRIMONIAL","obs":"DENTRO DEL PREDIO SE ENCUENTRA UNA EDIFICACIÓN PATRIMONIAL QUE DEBERÁ SER TOMADA EN CUENTA PARA CUALQUIER TRÁMITE POSTERIOR","category":"patrimonio","source":"GAD Mejía | patrimonio"},"geometry":{"type":"Polygon","coordinates":[[[-78.519378,-0.385199],[-78.519353,-0.385219],[-78.519345,-0.385228],[-78.519341,-0.385235],[-78.519338,-0.385241],[-78.519337,-0.385252],[-78.519335,-0.385263],[-78.519334,-0.38529],[-78.519334,-0.38531],[-78.519342,-0.385333],[-78.519565,-0.38566],[-78.519567,-0.385663],[-78.519569,-0.385665],[-78.519571,-0.385666],[-78.519574,-0.385668],[-78.519576,-0.385669],[-78.519579,-0.38567],[-78.519582,-0.38567],[-78.519585,-0.38567],[-78.519587,-0.38567],[-78.51959,-0.385669],[-78.519593,-0.385668],[-78.519595,-0.385667],[-78.520006,-0.385421],[-78.520177,-0.385311],[-78.520268,-0.385258],[-78.520185,-0.38512],[-78.520082,-0.38495],[-78.519979,-0.385008],[-78.519971,-0.385002],[-78.519917,-0.384993],[-78.519907,-0.385001],[-78.519876,-0.384958],[-78.519863,-0.384947],[-78.519849,-0.384938],[-78.519835,-0.384929],[-78.519824,-0.384924],[-78.519817,-0.384922],[-78.519807,-0.384922],[-78.519795,-0.384922],[-78.519783,-0.384924],[-78.519775,-0.384927],[-78.519757,-0.384937],[-78.519648,-0.38501],[-78.519651,-0.385014],[-78.519378,-0.385199]]]}},{"type":"Feature","properties":{"objectId":21,"fcode":"PATRIMONIO_21","tde":"EDIFICACIÓN PATRIMONIAL","obs":"DENTRO DEL PREDIO SE ENCUENTRA UNA EDIFICACIÓN PATRIMONIAL QUE DEBERÁ SER TOMADA EN CUENTA PARA CUALQUIER TRÁMITE POSTERIOR","category":"patrimonio","source":"GAD Mejía | patrimonio"},"geometry":{"type":"Polygon","coordinates":[[[-78.584987,-0.468083],[-78.584963,-0.468209],[-78.585108,-0.468243],[-78.585136,-0.468109],[-78.584987,-0.468083]]]}},{"type":"Feature","properties":{"objectId":22,"fcode":"PATRIMONIO_22","tde":"EDIFICACIÓN PATRIMONIAL","obs":"DENTRO DEL PREDIO SE ENCUENTRA UNA EDIFICACIÓN PATRIMONIAL QUE DEBERÁ SER TOMADA EN CUENTA PARA CUALQUIER TRÁMITE POSTERIOR","category":"patrimonio","source":"GAD Mejía | patrimonio"},"geometry":{"type":"Polygon","coordinates":[[[-78.586204,-0.516222],[-78.586736,-0.516367],[-78.586735,-0.516414],[-78.586733,-0.516462],[-78.586731,-0.516514],[-78.586758,-0.516519],[-78.586781,-0.51636],[-78.586847,-0.516344],[-78.587234,-0.515484],[-78.585606,-0.514975],[-78.585241,-0.515958],[-78.586204,-0.516222]]]}},{"type":"Feature","properties":{"objectId":23,"fcode":"PATRIMONIO_23","tde":"EDIFICACIÓN PATRIMONIAL","obs":"DENTRO DEL PREDIO SE ENCUENTRA UNA EDIFICACIÓN PATRIMONIAL QUE DEBERÁ SER TOMADA EN CUENTA PARA CUALQUIER TRÁMITE POSTERIOR","category":"patrimonio","source":"GAD Mejía | patrimonio"},"geometry":{"type":"Polygon","coordinates":[[[-78.585697,-0.468107],[-78.585665,-0.46828],[-78.585674,-0.468282],[-78.585659,-0.468357],[-78.585716,-0.468368],[-78.585741,-0.468219],[-78.58575,-0.468165],[-78.585919,-0.468198],[-78.585931,-0.468153],[-78.585726,-0.468112],[-78.585697,-0.468107]]]}},{"type":"Feature","properties":{"objectId":24,"fcode":"PATRIMONIO_24","tde":"EDIFICACIÓN PATRIMONIAL","obs":"DENTRO DEL PREDIO SE ENCUENTRA UNA EDIFICACIÓN PATRIMONIAL QUE DEBERÁ SER TOMADA EN CUENTA PARA CUALQUIER TRÁMITE POSTERIOR","category":"patrimonio","source":"GAD Mejía | patrimonio"},"geometry":{"type":"Polygon","coordinates":[[[-78.566162,-0.508329],[-78.566164,-0.508331],[-78.566167,-0.508333],[-78.56741,-0.508895],[-78.567414,-0.508897],[-78.567418,-0.508898],[-78.567422,-0.508899],[-78.567425,-0.508899],[-78.567429,-0.508899],[-78.567431,-0.508899],[-78.567433,-0.508899],[-78.567437,-0.508898],[-78.567439,-0.508898],[-78.567441,-0.508898],[-78.567444,-0.508896],[-78.567448,-0.508895],[-78.567451,-0.508893],[-78.567455,-0.508891],[-78.567513,-0.508849],[-78.567526,-0.508841],[-78.567527,-0.50884],[-78.567534,-0.508836],[-78.56754,-0.508831],[-78.567547,-0.508827],[-78.567554,-0.508823],[-78.56756,-0.508819],[-78.567567,-0.508815],[-78.567574,-0.508811],[-78.567597,-0.508797],[-78.567622,-0.508784],[-78.567646,-0.508772],[-78.567671,-0.508761],[-78.567697,-0.50875],[-78.567722,-0.50874],[-78.567748,-0.508731],[-78.567774,-0.508723],[-78.567801,-0.508715],[-78.567827,-0.508709],[-78.567854,-0.508703],[-78.567881,-0.508698],[-78.567891,-0.508697],[-78.567893,-0.508697],[-78.56782,-0.508576],[-78.567667,-0.508322],[-78.567617,-0.508138],[-78.567591,-0.508],[-78.56755,-0.507919],[-78.567351,-0.507694],[-78.567317,-0.507663],[-78.567292,-0.507646],[-78.567241,-0.50762],[-78.567197,-0.507605],[-78.567124,-0.507592],[-78.566962,-0.507584],[-78.566799,-0.507565],[-78.566654,-0.507528],[-78.56654,-0.507487],[-78.566359,-0.507871],[-78.566156,-0.508302],[-78.566155,-0.508305],[-78.566154,-0.508308],[-78.566154,-0.508311],[-78.566154,-0.508312],[-78.566154,-0.508314],[-78.566154,-0.508317],[-78.566155,-0.508318],[-78.566155,-0.50832],[-78.566156,-0.508322],[-78.566158,-0.508325],[-78.56616,-0.508327],[-78.566162,-0.508329]]]}},{"type":"Feature","properties":{"objectId":39,"fcode":"PATRIMONIO_39","tde":"EDIFICACIÓN PATRIMONIAL","obs":"DENTRO DEL PREDIO SE ENCUENTRA UNA EDIFICACIÓN PATRIMONIAL QUE DEBERÁ SER TOMADA EN CUENTA PARA CUALQUIER TRÁMITE POSTERIOR","category":"patrimonio","source":"GAD Mejía | patrimonio"},"geometry":{"type":"Polygon","coordinates":[[[-78.568226,-0.51283],[-78.568531,-0.512947],[-78.56857,-0.512852],[-78.568554,-0.512846],[-78.568551,-0.512852],[-78.568272,-0.512738],[-78.568226,-0.51283]]]}},{"type":"Feature","properties":{"objectId":40,"fcode":"PATRIMONIO_40","tde":"EDIFICACIÓN PATRIMONIAL","obs":"DENTRO DEL PREDIO SE ENCUENTRA UNA EDIFICACIÓN PATRIMONIAL QUE DEBERÁ SER TOMADA EN CUENTA PARA CUALQUIER TRÁMITE POSTERIOR","category":"patrimonio","source":"GAD Mejía | patrimonio"},"geometry":{"type":"Polygon","coordinates":[[[-78.521626,-0.38539],[-78.521787,-0.385297],[-78.521727,-0.385206],[-78.52157,-0.385312],[-78.521626,-0.38539]]]}},{"type":"Feature","properties":{"objectId":25,"fcode":"PATRIMONIO_25","tde":"EDIFICACIÓN PATRIMONIAL","obs":"DENTRO DEL PREDIO SE ENCUENTRA UNA EDIFICACIÓN PATRIMONIAL QUE DEBERÁ SER TOMADA EN CUENTA PARA CUALQUIER TRÁMITE POSTERIOR","category":"patrimonio","source":"GAD Mejía | patrimonio"},"geometry":{"type":"Polygon","coordinates":[[[-78.579598,-0.525595],[-78.579819,-0.526299],[-78.580091,-0.526213],[-78.580054,-0.52609],[-78.579918,-0.525627],[-78.579909,-0.525624],[-78.579909,-0.525624],[-78.579897,-0.52562],[-78.579897,-0.52562],[-78.579885,-0.525617],[-78.579885,-0.525617],[-78.579873,-0.525613],[-78.579873,-0.525613],[-78.579861,-0.52561],[-78.579861,-0.52561],[-78.579849,-0.525607],[-78.579849,-0.525607],[-78.579837,-0.525605],[-78.579836,-0.525605],[-78.579824,-0.525602],[-78.579824,-0.525602],[-78.579812,-0.5256],[-78.579812,-0.5256],[-78.5798,-0.525598],[-78.5798,-0.525598],[-78.579787,-0.525596],[-78.579787,-0.525596],[-78.579775,-0.525595],[-78.579775,-0.525595],[-78.579763,-0.525593],[-78.579762,-0.525593],[-78.57975,-0.525592],[-78.57975,-0.525592],[-78.579738,-0.525591],[-78.579738,-0.525591],[-78.579725,-0.52559],[-78.579725,-0.52559],[-78.579713,-0.52559],[-78.579713,-0.52559],[-78.5797,-0.52559],[-78.5797,-0.52559],[-78.579688,-0.525589],[-78.579688,-0.525589],[-78.579675,-0.52559],[-78.579675,-0.52559],[-78.579663,-0.52559],[-78.579663,-0.52559],[-78.57965,-0.52559],[-78.57965,-0.52559],[-78.579638,-0.525591],[-78.579638,-0.525591],[-78.579625,-0.525592],[-78.579625,-0.525592],[-78.579613,-0.525593],[-78.579613,-0.525593],[-78.5796,-0.525595],[-78.5796,-0.525595],[-78.579598,-0.525595]]]}},{"type":"Feature","properties":{"objectId":26,"fcode":"PATRIMONIO_26","tde":"EDIFICACIÓN PATRIMONIAL","obs":"DENTRO DEL PREDIO SE ENCUENTRA UNA EDIFICACIÓN PATRIMONIAL QUE DEBERÁ SER TOMADA EN CUENTA PARA CUALQUIER TRÁMITE POSTERIOR","category":"patrimonio","source":"GAD Mejía | patrimonio"},"geometry":{"type":"Polygon","coordinates":[[[-78.569552,-0.514142],[-78.569554,-0.514144],[-78.569557,-0.514145],[-78.569559,-0.514146],[-78.569578,-0.514154],[-78.569608,-0.514087],[-78.569566,-0.51407],[-78.569547,-0.514117],[-78.569547,-0.514117],[-78.569546,-0.51412],[-78.569545,-0.514122],[-78.569545,-0.514122],[-78.569545,-0.514125],[-78.569545,-0.514128],[-78.569546,-0.514131],[-78.569547,-0.514134],[-78.569548,-0.514137],[-78.56955,-0.514139],[-78.569552,-0.514142]]]}},{"type":"Feature","properties":{"objectId":27,"fcode":"PATRIMONIO_27","tde":"EDIFICACIÓN PATRIMONIAL","obs":"DENTRO DEL PREDIO SE ENCUENTRA UNA EDIFICACIÓN PATRIMONIAL QUE DEBERÁ SER TOMADA EN CUENTA PARA CUALQUIER TRÁMITE POSTERIOR","category":"patrimonio","source":"GAD Mejía | patrimonio"},"geometry":{"type":"Polygon","coordinates":[[[-78.564596,-0.511887],[-78.564766,-0.511977],[-78.564769,-0.511978],[-78.564771,-0.511979],[-78.564773,-0.511979],[-78.564774,-0.51198],[-78.564777,-0.51198],[-78.56478,-0.511979],[-78.564782,-0.511979],[-78.564784,-0.511978],[-78.564785,-0.511978],[-78.564786,-0.511977],[-78.564788,-0.511976],[-78.564789,-0.511975],[-78.56479,-0.511975],[-78.564792,-0.511973],[-78.564794,-0.511971],[-78.564796,-0.511968],[-78.564887,-0.511812],[-78.564675,-0.511719],[-78.564596,-0.511887]]]}},{"type":"Feature","properties":{"objectId":28,"fcode":"PATRIMONIO_28","tde":"EDIFICACIÓN PATRIMONIAL","obs":"DENTRO DEL PREDIO SE ENCUENTRA UNA EDIFICACIÓN PATRIMONIAL QUE DEBERÁ SER TOMADA EN CUENTA PARA CUALQUIER TRÁMITE POSTERIOR","category":"patrimonio","source":"GAD Mejía | patrimonio"},"geometry":{"type":"Polygon","coordinates":[[[-78.521238,-0.386276],[-78.521332,-0.386413],[-78.5214,-0.386512],[-78.521679,-0.386333],[-78.521653,-0.386299],[-78.521643,-0.386307],[-78.521509,-0.386119],[-78.521421,-0.386174],[-78.521238,-0.386276]]]}},{"type":"Feature","properties":{"objectId":29,"fcode":"PATRIMONIO_29","tde":"EDIFICACIÓN PATRIMONIAL","obs":"DENTRO DEL PREDIO SE ENCUENTRA UNA EDIFICACIÓN PATRIMONIAL QUE DEBERÁ SER TOMADA EN CUENTA PARA CUALQUIER TRÁMITE POSTERIOR","category":"patrimonio","source":"GAD Mejía | patrimonio"},"geometry":{"type":"Polygon","coordinates":[[[-78.582937,-0.467823],[-78.582893,-0.467996],[-78.582941,-0.468005],[-78.583085,-0.468034],[-78.583111,-0.467879],[-78.583111,-0.467876],[-78.583111,-0.467874],[-78.583111,-0.467871],[-78.58311,-0.467868],[-78.583109,-0.467865],[-78.583107,-0.467863],[-78.583106,-0.46786],[-78.583104,-0.467858],[-78.583101,-0.467857],[-78.583099,-0.467855],[-78.583096,-0.467854],[-78.583093,-0.467853],[-78.582937,-0.467823]]]}},{"type":"Feature","properties":{"objectId":30,"fcode":"PATRIMONIO_30","tde":"EDIFICACIÓN PATRIMONIAL","obs":"DENTRO DEL PREDIO SE ENCUENTRA UNA EDIFICACIÓN PATRIMONIAL QUE DEBERÁ SER TOMADA EN CUENTA PARA CUALQUIER TRÁMITE POSTERIOR","category":"patrimonio","source":"GAD Mejía | patrimonio"},"geometry":{"type":"Polygon","coordinates":[[[-78.543966,-0.403188],[-78.54405,-0.403264],[-78.544043,-0.403272],[-78.544086,-0.403315],[-78.544093,-0.403322],[-78.544126,-0.403369],[-78.544199,-0.403307],[-78.544233,-0.403279],[-78.544092,-0.403096],[-78.543966,-0.403188]]]}},{"type":"Feature","properties":{"objectId":32,"fcode":"PATRIMONIO_32","tde":"EDIFICACIÓN PATRIMONIAL","obs":"DENTRO DEL PREDIO SE ENCUENTRA UNA EDIFICACIÓN PATRIMONIAL QUE DEBERÁ SER TOMADA EN CUENTA PARA CUALQUIER TRÁMITE POSTERIOR","category":"patrimonio","source":"GAD Mejía | patrimonio"},"geometry":{"type":"Polygon","coordinates":[[[-78.586074,-0.467895],[-78.586075,-0.467895],[-78.586078,-0.467896],[-78.586081,-0.467897],[-78.586184,-0.467922],[-78.586186,-0.467913],[-78.586188,-0.467904],[-78.586189,-0.467904],[-78.586263,-0.467921],[-78.58628,-0.467856],[-78.586077,-0.46781],[-78.586064,-0.467871],[-78.586063,-0.467873],[-78.586063,-0.467876],[-78.586063,-0.467876],[-78.586064,-0.467879],[-78.586064,-0.467882],[-78.586065,-0.467885],[-78.586066,-0.467886],[-78.586067,-0.467887],[-78.586068,-0.46789],[-78.58607,-0.467892],[-78.586073,-0.467894],[-78.586074,-0.467895]]]}},{"type":"Feature","properties":{"objectId":33,"fcode":"PATRIMONIO_33","tde":"EDIFICACIÓN PATRIMONIAL","obs":"DENTRO DEL PREDIO SE ENCUENTRA UNA EDIFICACIÓN PATRIMONIAL QUE DEBERÁ SER TOMADA EN CUENTA PARA CUALQUIER TRÁMITE POSTERIOR","category":"patrimonio","source":"GAD Mejía | patrimonio"},"geometry":{"type":"Polygon","coordinates":[[[-78.581232,-0.472147],[-78.581331,-0.472175],[-78.581416,-0.472198],[-78.581502,-0.472222],[-78.58159,-0.472246],[-78.581675,-0.472269],[-78.58176,-0.472292],[-78.581849,-0.472317],[-78.581934,-0.47234],[-78.582019,-0.472363],[-78.582109,-0.472388],[-78.582269,-0.472432],[-78.582427,-0.472078],[-78.582428,-0.472075],[-78.582429,-0.472071],[-78.582429,-0.472068],[-78.582429,-0.472065],[-78.582428,-0.472062],[-78.582427,-0.472059],[-78.582425,-0.472056],[-78.582423,-0.472053],[-78.582421,-0.472051],[-78.582418,-0.472049],[-78.582415,-0.472048],[-78.582412,-0.472047],[-78.581403,-0.471767],[-78.581401,-0.471766],[-78.581398,-0.471766],[-78.581395,-0.471766],[-78.581393,-0.471767],[-78.58139,-0.471767],[-78.581387,-0.471769],[-78.581385,-0.47177],[-78.581383,-0.471772],[-78.581381,-0.471773],[-78.581379,-0.471776],[-78.581378,-0.471778],[-78.581377,-0.47178],[-78.581232,-0.472147]]]}},{"type":"Feature","properties":{"objectId":34,"fcode":"PATRIMONIO_34","tde":"EDIFICACIÓN PATRIMONIAL","obs":"DENTRO DEL PREDIO SE ENCUENTRA UNA EDIFICACIÓN PATRIMONIAL QUE DEBERÁ SER TOMADA EN CUENTA PARA CUALQUIER TRÁMITE POSTERIOR","category":"patrimonio","source":"GAD Mejía | patrimonio"},"geometry":{"type":"Polygon","coordinates":[[[-78.564607,-0.513044],[-78.564637,-0.513059],[-78.564613,-0.513101],[-78.564712,-0.513152],[-78.564798,-0.512996],[-78.564671,-0.512928],[-78.564607,-0.513044]]]}},{"type":"Feature","properties":{"objectId":35,"fcode":"PATRIMONIO_35","tde":"EDIFICACIÓN PATRIMONIAL","obs":"DENTRO DEL PREDIO SE ENCUENTRA UNA EDIFICACIÓN PATRIMONIAL QUE DEBERÁ SER TOMADA EN CUENTA PARA CUALQUIER TRÁMITE POSTERIOR","category":"patrimonio","source":"GAD Mejía | patrimonio"},"geometry":{"type":"Polygon","coordinates":[[[-78.58715,-0.468738],[-78.587048,-0.468717],[-78.587026,-0.468812],[-78.587068,-0.468822],[-78.587075,-0.4688],[-78.587134,-0.468814],[-78.58715,-0.468738]]]}},{"type":"Feature","properties":{"objectId":36,"fcode":"PATRIMONIO_36","tde":"EDIFICACIÓN PATRIMONIAL","obs":"DENTRO DEL PREDIO SE ENCUENTRA UNA EDIFICACIÓN PATRIMONIAL QUE DEBERÁ SER TOMADA EN CUENTA PARA CUALQUIER TRÁMITE POSTERIOR","category":"patrimonio","source":"GAD Mejía | patrimonio"},"geometry":{"type":"Polygon","coordinates":[[[-78.564354,-0.511263],[-78.564293,-0.511365],[-78.56444,-0.511433],[-78.564465,-0.511445],[-78.564525,-0.511346],[-78.564354,-0.511263]]]}},{"type":"Feature","properties":{"objectId":37,"fcode":"PATRIMONIO_37","tde":"EDIFICACIÓN PATRIMONIAL","obs":"DENTRO DEL PREDIO SE ENCUENTRA UNA EDIFICACIÓN PATRIMONIAL QUE DEBERÁ SER TOMADA EN CUENTA PARA CUALQUIER TRÁMITE POSTERIOR","category":"patrimonio","source":"GAD Mejía | patrimonio"},"geometry":{"type":"Polygon","coordinates":[[[-78.566987,-0.511508],[-78.566938,-0.511594],[-78.567091,-0.511684],[-78.567106,-0.511655],[-78.567159,-0.511682],[-78.567196,-0.511627],[-78.567147,-0.511599],[-78.566987,-0.511508]]]}},{"type":"Feature","properties":{"objectId":38,"fcode":"PATRIMONIO_38","tde":"EDIFICACIÓN PATRIMONIAL","obs":"DENTRO DEL PREDIO SE ENCUENTRA UNA EDIFICACIÓN PATRIMONIAL QUE DEBERÁ SER TOMADA EN CUENTA PARA CUALQUIER TRÁMITE POSTERIOR","category":"patrimonio","source":"GAD Mejía | patrimonio"},"geometry":{"type":"Polygon","coordinates":[[[-78.564136,-0.511628],[-78.564136,-0.511631],[-78.564136,-0.511634],[-78.564136,-0.511634],[-78.564136,-0.511637],[-78.564137,-0.51164],[-78.564139,-0.511643],[-78.564141,-0.511645],[-78.564141,-0.511646],[-78.564143,-0.511648],[-78.564145,-0.51165],[-78.564148,-0.511651],[-78.564315,-0.51174],[-78.564397,-0.511538],[-78.564236,-0.511459],[-78.564139,-0.511619],[-78.564137,-0.511622],[-78.564136,-0.511625],[-78.564136,-0.511628]]]}},{"type":"Feature","properties":{"objectId":41,"fcode":"PATRIMONIO_41","tde":"EDIFICACIÓN PATRIMONIAL","obs":"DENTRO DEL PREDIO SE ENCUENTRA UNA EDIFICACIÓN PATRIMONIAL QUE DEBERÁ SER TOMADA EN CUENTA PARA CUALQUIER TRÁMITE POSTERIOR","category":"patrimonio","source":"GAD Mejía | patrimonio"},"geometry":{"type":"Polygon","coordinates":[[[-78.564127,-0.509992],[-78.563952,-0.510289],[-78.564039,-0.510336],[-78.564127,-0.510384],[-78.564272,-0.510121],[-78.564283,-0.510125],[-78.564305,-0.510087],[-78.564312,-0.510075],[-78.564325,-0.51005],[-78.564216,-0.509991],[-78.564202,-0.510017],[-78.564195,-0.510029],[-78.564127,-0.509992]]]}},{"type":"Feature","properties":{"objectId":42,"fcode":"PATRIMONIO_42","tde":"EDIFICACIÓN PATRIMONIAL","obs":"DENTRO DEL PREDIO SE ENCUENTRA UNA EDIFICACIÓN PATRIMONIAL QUE DEBERÁ SER TOMADA EN CUENTA PARA CUALQUIER TRÁMITE POSTERIOR","category":"patrimonio","source":"GAD Mejía | patrimonio"},"geometry":{"type":"Polygon","coordinates":[[[-78.528946,-0.395312],[-78.529139,-0.395516],[-78.52933,-0.395331],[-78.529332,-0.395329],[-78.529333,-0.395327],[-78.529335,-0.395324],[-78.529336,-0.395321],[-78.529336,-0.395319],[-78.529336,-0.395316],[-78.529336,-0.395313],[-78.529336,-0.39531],[-78.529335,-0.395307],[-78.529334,-0.395304],[-78.529332,-0.395302],[-78.52933,-0.3953],[-78.529107,-0.395065],[-78.529032,-0.395139],[-78.529019,-0.395191],[-78.529013,-0.395249],[-78.528946,-0.395312]]]}},{"type":"Feature","properties":{"objectId":43,"fcode":"PATRIMONIO_43","tde":"EDIFICACIÓN PATRIMONIAL","obs":"DENTRO DEL PREDIO SE ENCUENTRA UNA EDIFICACIÓN PATRIMONIAL QUE DEBERÁ SER TOMADA EN CUENTA PARA CUALQUIER TRÁMITE POSTERIOR","category":"patrimonio","source":"GAD Mejía | patrimonio"},"geometry":{"type":"Polygon","coordinates":[[[-78.5544,-0.525906],[-78.554401,-0.525909],[-78.554401,-0.525911],[-78.554403,-0.525914],[-78.554404,-0.525917],[-78.554406,-0.525919],[-78.554408,-0.525921],[-78.554408,-0.525921],[-78.55441,-0.525923],[-78.554413,-0.525924],[-78.554528,-0.525981],[-78.554576,-0.525883],[-78.55444,-0.525814],[-78.554402,-0.525894],[-78.554401,-0.525897],[-78.554401,-0.5259],[-78.5544,-0.525903],[-78.5544,-0.525906]]]}},{"type":"Feature","properties":{"objectId":44,"fcode":"PATRIMONIO_44","tde":"EDIFICACIÓN PATRIMONIAL","obs":"DENTRO DEL PREDIO SE ENCUENTRA UNA EDIFICACIÓN PATRIMONIAL QUE DEBERÁ SER TOMADA EN CUENTA PARA CUALQUIER TRÁMITE POSTERIOR","category":"patrimonio","source":"GAD Mejía | patrimonio"},"geometry":{"type":"Polygon","coordinates":[[[-78.567297,-0.511912],[-78.567194,-0.5121],[-78.567462,-0.512248],[-78.567572,-0.512059],[-78.567358,-0.511942],[-78.567297,-0.511912]]]}},{"type":"Feature","properties":{"objectId":45,"fcode":"PATRIMONIO_45","tde":"EDIFICACIÓN PATRIMONIAL","obs":"DENTRO DEL PREDIO SE ENCUENTRA UNA EDIFICACIÓN PATRIMONIAL QUE DEBERÁ SER TOMADA EN CUENTA PARA CUALQUIER TRÁMITE POSTERIOR","category":"patrimonio","source":"GAD Mejía | patrimonio"},"geometry":{"type":"Polygon","coordinates":[[[-78.567636,-0.513909],[-78.567517,-0.514157],[-78.567562,-0.514181],[-78.567684,-0.514246],[-78.567769,-0.514065],[-78.567798,-0.514004],[-78.567636,-0.513909]]]}},{"type":"Feature","properties":{"objectId":46,"fcode":"PATRIMONIO_46","tde":"EDIFICACIÓN PATRIMONIAL","obs":"DENTRO DEL PREDIO SE ENCUENTRA UNA EDIFICACIÓN PATRIMONIAL QUE DEBERÁ SER TOMADA EN CUENTA PARA CUALQUIER TRÁMITE POSTERIOR","category":"patrimonio","source":"GAD Mejía | patrimonio"},"geometry":{"type":"Polygon","coordinates":[[[-78.5838,-0.468026],[-78.583781,-0.46811],[-78.583765,-0.468182],[-78.583825,-0.468188],[-78.583932,-0.468203],[-78.583964,-0.46806],[-78.5838,-0.468026]]]}},{"type":"Feature","properties":{"objectId":48,"fcode":"PATRIMONIO_48","tde":"EDIFICACIÓN PATRIMONIAL","obs":"DENTRO DEL PREDIO SE ENCUENTRA UNA EDIFICACIÓN PATRIMONIAL QUE DEBERÁ SER TOMADA EN CUENTA PARA CUALQUIER TRÁMITE POSTERIOR","category":"patrimonio","source":"GAD Mejía | patrimonio"},"geometry":{"type":"Polygon","coordinates":[[[-78.521181,-0.384368],[-78.521273,-0.384507],[-78.521278,-0.384513],[-78.521267,-0.384521],[-78.521375,-0.384664],[-78.521386,-0.384656],[-78.521457,-0.38475],[-78.521462,-0.384756],[-78.521469,-0.384762],[-78.521475,-0.384766],[-78.521482,-0.384771],[-78.52149,-0.384774],[-78.521493,-0.384775],[-78.521498,-0.384776],[-78.521506,-0.384778],[-78.521514,-0.384778],[-78.521523,-0.384777],[-78.521531,-0.384776],[-78.521539,-0.384774],[-78.521546,-0.38477],[-78.522011,-0.384538],[-78.522013,-0.384536],[-78.522016,-0.384534],[-78.522018,-0.384532],[-78.52202,-0.384529],[-78.522021,-0.384526],[-78.522022,-0.384523],[-78.522023,-0.38452],[-78.522023,-0.384517],[-78.522023,-0.384514],[-78.522022,-0.384511],[-78.522021,-0.384508],[-78.522019,-0.384505],[-78.521704,-0.384039],[-78.521702,-0.384037],[-78.5217,-0.384035],[-78.521698,-0.384033],[-78.521696,-0.384032],[-78.521693,-0.384031],[-78.52169,-0.38403],[-78.521687,-0.384029],[-78.521685,-0.384029],[-78.521682,-0.38403],[-78.521679,-0.38403],[-78.521676,-0.384031],[-78.521674,-0.384033],[-78.521188,-0.384336],[-78.521186,-0.384338],[-78.521184,-0.38434],[-78.521182,-0.384343],[-78.52118,-0.384345],[-78.521179,-0.384348],[-78.521178,-0.384351],[-78.521178,-0.384354],[-78.521178,-0.384357],[-78.521178,-0.38436],[-78.521179,-0.384363],[-78.52118,-0.384365],[-78.521181,-0.384368]]]}},{"type":"Feature","properties":{"objectId":57,"fcode":"PATRIMONIO_57","tde":"EDIFICACIÓN PATRIMONIAL","obs":"DENTRO DEL PREDIO SE ENCUENTRA UNA EDIFICACIÓN PATRIMONIAL QUE DEBERÁ SER TOMADA EN CUENTA PARA CUALQUIER TRÁMITE POSTERIOR","category":"patrimonio","source":"GAD Mejía | patrimonio"},"geometry":{"type":"Polygon","coordinates":[[[-78.543194,-0.401915],[-78.543122,-0.402198],[-78.543209,-0.402284],[-78.543359,-0.401978],[-78.543463,-0.401835],[-78.54336,-0.401758],[-78.543321,-0.401752],[-78.543252,-0.401931],[-78.543194,-0.401915]]]}},{"type":"Feature","properties":{"objectId":49,"fcode":"PATRIMONIO_49","tde":"EDIFICACIÓN PATRIMONIAL","obs":"DENTRO DEL PREDIO SE ENCUENTRA UNA EDIFICACIÓN PATRIMONIAL QUE DEBERÁ SER TOMADA EN CUENTA PARA CUALQUIER TRÁMITE POSTERIOR","category":"patrimonio","source":"GAD Mejía | patrimonio"},"geometry":{"type":"Polygon","coordinates":[[[-78.599951,-0.519622],[-78.599932,-0.519351],[-78.599928,-0.51929],[-78.599919,-0.519165],[-78.599887,-0.519161],[-78.599839,-0.519156],[-78.599837,-0.519156],[-78.5998,-0.519151],[-78.599778,-0.519149],[-78.599713,-0.519141],[-78.599631,-0.519131],[-78.599628,-0.519209],[-78.599627,-0.51924],[-78.599624,-0.519312],[-78.599619,-0.519467],[-78.599617,-0.519513],[-78.599635,-0.519529],[-78.599655,-0.51954],[-78.599668,-0.519548],[-78.599802,-0.519572],[-78.599951,-0.519622]]]}},{"type":"Feature","properties":{"objectId":50,"fcode":"PATRIMONIO_50","tde":"EDIFICACIÓN PATRIMONIAL","obs":"DENTRO DEL PREDIO SE ENCUENTRA UNA EDIFICACIÓN PATRIMONIAL QUE DEBERÁ SER TOMADA EN CUENTA PARA CUALQUIER TRÁMITE POSTERIOR","category":"patrimonio","source":"GAD Mejía | patrimonio"},"geometry":{"type":"Polygon","coordinates":[[[-78.566938,-0.511594],[-78.566911,-0.511639],[-78.567068,-0.511728],[-78.567091,-0.511684],[-78.566938,-0.511594]]]}},{"type":"Feature","properties":{"objectId":51,"fcode":"PATRIMONIO_51","tde":"EDIFICACIÓN PATRIMONIAL","obs":"DENTRO DEL PREDIO SE ENCUENTRA UNA EDIFICACIÓN PATRIMONIAL QUE DEBERÁ SER TOMADA EN CUENTA PARA CUALQUIER TRÁMITE POSTERIOR","category":"patrimonio","source":"GAD Mejía | patrimonio"},"geometry":{"type":"Polygon","coordinates":[[[-78.521679,-0.386333],[-78.5214,-0.386512],[-78.521426,-0.386555],[-78.521498,-0.386678],[-78.521565,-0.386793],[-78.521888,-0.386619],[-78.52184,-0.386555],[-78.521844,-0.386553],[-78.521679,-0.386333]]]}},{"type":"Feature","properties":{"objectId":52,"fcode":"PATRIMONIO_52","tde":"EDIFICACIÓN PATRIMONIAL","obs":"DENTRO DEL PREDIO SE ENCUENTRA UNA EDIFICACIÓN PATRIMONIAL QUE DEBERÁ SER TOMADA EN CUENTA PARA CUALQUIER TRÁMITE POSTERIOR","category":"patrimonio","source":"GAD Mejía | patrimonio"},"geometry":{"type":"Polygon","coordinates":[[[-78.564712,-0.513152],[-78.564833,-0.513214],[-78.564866,-0.513153],[-78.564842,-0.513137],[-78.564887,-0.51306],[-78.564893,-0.513048],[-78.564798,-0.512996],[-78.564712,-0.513152]]]}},{"type":"Feature","properties":{"objectId":65,"fcode":"PATRIMONIO_65","tde":"EDIFICACIÓN PATRIMONIAL","obs":"DENTRO DEL PREDIO SE ENCUENTRA UNA EDIFICACIÓN PATRIMONIAL QUE DEBERÁ SER TOMADA EN CUENTA PARA CUALQUIER TRÁMITE POSTERIOR","category":"patrimonio","source":"GAD Mejía | patrimonio"},"geometry":{"type":"Polygon","coordinates":[[[-78.564056,-0.512842],[-78.564236,-0.512942],[-78.564286,-0.512854],[-78.564135,-0.512773],[-78.564087,-0.51275],[-78.564074,-0.512772],[-78.56407,-0.512769],[-78.564035,-0.512832],[-78.564056,-0.512842]]]}},{"type":"Feature","properties":{"objectId":66,"fcode":"PATRIMONIO_66","tde":"EDIFICACIÓN PATRIMONIAL","obs":"DENTRO DEL PREDIO SE ENCUENTRA UNA EDIFICACIÓN PATRIMONIAL QUE DEBERÁ SER TOMADA EN CUENTA PARA CUALQUIER TRÁMITE POSTERIOR","category":"patrimonio","source":"GAD Mejía | patrimonio"},"geometry":{"type":"Polygon","coordinates":[[[-78.585386,-0.467563],[-78.585344,-0.467713],[-78.585433,-0.46773],[-78.585436,-0.46773],[-78.585438,-0.467731],[-78.585441,-0.46773],[-78.585444,-0.46773],[-78.585446,-0.467729],[-78.585449,-0.467727],[-78.585451,-0.467726],[-78.585453,-0.467724],[-78.585455,-0.467722],[-78.585457,-0.467719],[-78.585458,-0.467717],[-78.585459,-0.467714],[-78.585497,-0.467585],[-78.585386,-0.467563]]]}},{"type":"Feature","properties":{"objectId":67,"fcode":"PATRIMONIO_67","tde":"EDIFICACIÓN PATRIMONIAL","obs":"DENTRO DEL PREDIO SE ENCUENTRA UNA EDIFICACIÓN PATRIMONIAL QUE DEBERÁ SER TOMADA EN CUENTA PARA CUALQUIER TRÁMITE POSTERIOR","category":"patrimonio","source":"GAD Mejía | patrimonio"},"geometry":{"type":"Polygon","coordinates":[[[-78.553883,-0.526865],[-78.553501,-0.526716],[-78.553497,-0.526724],[-78.553467,-0.526791],[-78.553467,-0.526792],[-78.553851,-0.52696],[-78.553883,-0.526865]]]}},{"type":"Feature","properties":{"objectId":68,"fcode":"PATRIMONIO_68","tde":"EDIFICACIÓN PATRIMONIAL","obs":"DENTRO DEL PREDIO SE ENCUENTRA UNA EDIFICACIÓN PATRIMONIAL QUE DEBERÁ SER TOMADA EN CUENTA PARA CUALQUIER TRÁMITE POSTERIOR","category":"patrimonio","source":"GAD Mejía | patrimonio"},"geometry":{"type":"Polygon","coordinates":[[[-78.542906,-0.401831],[-78.54299,-0.401855],[-78.543002,-0.401719],[-78.542912,-0.401723],[-78.542906,-0.401831]]]}},{"type":"Feature","properties":{"objectId":69,"fcode":"PATRIMONIO_69","tde":"EDIFICACIÓN PATRIMONIAL","obs":"DENTRO DEL PREDIO SE ENCUENTRA UNA EDIFICACIÓN PATRIMONIAL QUE DEBERÁ SER TOMADA EN CUENTA PARA CUALQUIER TRÁMITE POSTERIOR","category":"patrimonio","source":"GAD Mejía | patrimonio"},"geometry":{"type":"Polygon","coordinates":[[[-78.568638,-0.509187],[-78.56827,-0.509004],[-78.568227,-0.509105],[-78.568598,-0.509277],[-78.568638,-0.509187]]]}},{"type":"Feature","properties":{"objectId":53,"fcode":"PATRIMONIO_53","tde":"EDIFICACIÓN PATRIMONIAL","obs":"DENTRO DEL PREDIO SE ENCUENTRA UNA EDIFICACIÓN PATRIMONIAL QUE DEBERÁ SER TOMADA EN CUENTA PARA CUALQUIER TRÁMITE POSTERIOR","category":"patrimonio","source":"GAD Mejía | patrimonio"},"geometry":{"type":"Polygon","coordinates":[[[-78.578861,-0.528167],[-78.578832,-0.52942],[-78.578612,-0.529375],[-78.578538,-0.529744],[-78.578936,-0.529882],[-78.578938,-0.529882],[-78.578941,-0.529883],[-78.578943,-0.529884],[-78.578945,-0.529885],[-78.578948,-0.529886],[-78.57895,-0.529886],[-78.578952,-0.529887],[-78.578955,-0.529888],[-78.578957,-0.529888],[-78.578959,-0.529889],[-78.578962,-0.529889],[-78.578964,-0.52989],[-78.578966,-0.52989],[-78.578969,-0.529891],[-78.578971,-0.529891],[-78.578974,-0.529891],[-78.578976,-0.529891],[-78.578978,-0.529892],[-78.578981,-0.529892],[-78.578983,-0.529892],[-78.578986,-0.529892],[-78.578988,-0.529892],[-78.57899,-0.529892],[-78.578993,-0.529892],[-78.578995,-0.529892],[-78.578998,-0.529892],[-78.579,-0.529892],[-78.579002,-0.529891],[-78.579005,-0.529891],[-78.579007,-0.529891],[-78.57901,-0.529891],[-78.579012,-0.52989],[-78.579015,-0.52989],[-78.579015,-0.52989],[-78.579038,-0.529886],[-78.579039,-0.529886],[-78.579046,-0.529885],[-78.579047,-0.529884],[-78.579054,-0.529883],[-78.579055,-0.529883],[-78.579062,-0.529882],[-78.579063,-0.529882],[-78.579071,-0.529881],[-78.579072,-0.529881],[-78.579079,-0.52988],[-78.57908,-0.52988],[-78.579087,-0.529879],[-78.579088,-0.529879],[-78.579096,-0.529879],[-78.579097,-0.529879],[-78.579104,-0.529878],[-78.579105,-0.529878],[-78.579112,-0.529878],[-78.579113,-0.529878],[-78.579121,-0.529878],[-78.579122,-0.529878],[-78.579129,-0.529878],[-78.57913,-0.529878],[-78.579137,-0.529878],[-78.579138,-0.529878],[-78.579146,-0.529879],[-78.579147,-0.529879],[-78.579154,-0.529879],[-78.579155,-0.529879],[-78.579162,-0.52988],[-78.579163,-0.52988],[-78.579171,-0.52988],[-78.579172,-0.52988],[-78.579179,-0.529881],[-78.57918,-0.529881],[-78.579187,-0.529882],[-78.579188,-0.529882],[-78.579195,-0.529883],[-78.579197,-0.529884],[-78.579204,-0.529885],[-78.579205,-0.529885],[-78.579212,-0.529886],[-78.579213,-0.529886],[-78.57922,-0.529888],[-78.579221,-0.529888],[-78.579228,-0.52989],[-78.579229,-0.52989],[-78.579236,-0.529891],[-78.579481,-0.529943],[-78.579484,-0.529943],[-78.579485,-0.529944],[-78.57949,-0.529945],[-78.579495,-0.529946],[-78.579499,-0.529947],[-78.579504,-0.529948],[-78.579509,-0.529948],[-78.579513,-0.529949],[-78.579518,-0.52995],[-78.579523,-0.52995],[-78.579528,-0.529951],[-78.579532,-0.529951],[-78.579537,-0.529951],[-78.579542,-0.529952],[-78.579547,-0.529952],[-78.579551,-0.529952],[-78.579556,-0.529952],[-78.579561,-0.529952],[-78.579566,-0.529951],[-78.579571,-0.529951],[-78.579575,-0.529951],[-78.57958,-0.52995],[-78.579585,-0.52995],[-78.57959,-0.529949],[-78.579594,-0.529948],[-78.579599,-0.529948],[-78.579604,-0.529947],[-78.579608,-0.529946],[-78.579612,-0.529945],[-78.579611,-0.529939],[-78.579656,-0.529893],[-78.579655,-0.529881],[-78.579654,-0.529868],[-78.579654,-0.529855],[-78.579655,-0.529842],[-78.579656,-0.529829],[-78.579657,-0.529818],[-78.579659,-0.529808],[-78.579666,-0.529778],[-78.579683,-0.529719],[-78.579692,-0.529692],[-78.579592,-0.529697],[-78.579592,-0.529688],[-78.57959,-0.529666],[-78.579583,-0.529582],[-78.579581,-0.529554],[-78.579566,-0.529353],[-78.579562,-0.529311],[-78.579561,-0.529287],[-78.579554,-0.529207],[-78.579539,-0.529011],[-78.579538,-0.529007],[-78.579508,-0.528926],[-78.579504,-0.528916],[-78.579498,-0.528899],[-78.579469,-0.528822],[-78.579426,-0.528735],[-78.579405,-0.528696],[-78.579346,-0.528578],[-78.579326,-0.528538],[-78.579309,-0.528504],[-78.579307,-0.528501],[-78.579263,-0.528413],[-78.579237,-0.528363],[-78.579209,-0.528308],[-78.579191,-0.528271],[-78.579186,-0.528255],[-78.579177,-0.528226],[-78.578861,-0.528167]]]}},{"type":"Feature","properties":{"objectId":54,"fcode":"PATRIMONIO_54","tde":"EDIFICACIÓN PATRIMONIAL","obs":"DENTRO DEL PREDIO SE ENCUENTRA UNA EDIFICACIÓN PATRIMONIAL QUE DEBERÁ SER TOMADA EN CUENTA PARA CUALQUIER TRÁMITE POSTERIOR","category":"patrimonio","source":"GAD Mejía | patrimonio"},"geometry":{"type":"Polygon","coordinates":[[[-78.527076,-0.39244],[-78.527579,-0.392043],[-78.527553,-0.392007],[-78.527476,-0.391901],[-78.527425,-0.39183],[-78.527283,-0.391629],[-78.527145,-0.391433],[-78.526837,-0.390996],[-78.52664,-0.390715],[-78.526086,-0.391048],[-78.52614,-0.391106],[-78.526372,-0.391458],[-78.526406,-0.391509],[-78.526585,-0.391778],[-78.526585,-0.391778],[-78.526585,-0.391778],[-78.526585,-0.391778],[-78.526708,-0.39197],[-78.526877,-0.392189],[-78.527023,-0.392378],[-78.527076,-0.39244]]]}},{"type":"Feature","properties":{"objectId":55,"fcode":"PATRIMONIO_55","tde":"EDIFICACIÓN PATRIMONIAL","obs":"DENTRO DEL PREDIO SE ENCUENTRA UNA EDIFICACIÓN PATRIMONIAL QUE DEBERÁ SER TOMADA EN CUENTA PARA CUALQUIER TRÁMITE POSTERIOR","category":"patrimonio","source":"GAD Mejía | patrimonio"},"geometry":{"type":"Polygon","coordinates":[[[-78.584834,-0.518107],[-78.58498,-0.518165],[-78.584871,-0.518406],[-78.585028,-0.518465],[-78.58503,-0.518466],[-78.585033,-0.518466],[-78.585036,-0.518466],[-78.585039,-0.518466],[-78.585041,-0.518466],[-78.585042,-0.518465],[-78.585045,-0.518464],[-78.585047,-0.518463],[-78.58505,-0.518461],[-78.585052,-0.518459],[-78.585054,-0.518457],[-78.585055,-0.518454],[-78.585056,-0.518452],[-78.585221,-0.518013],[-78.585221,-0.518012],[-78.585266,-0.517894],[-78.585109,-0.517826],[-78.584968,-0.517764],[-78.584834,-0.518107]]]}},{"type":"Feature","properties":{"objectId":56,"fcode":"PATRIMONIO_56","tde":"EDIFICACIÓN PATRIMONIAL","obs":"DENTRO DEL PREDIO SE ENCUENTRA UNA EDIFICACIÓN PATRIMONIAL QUE DEBERÁ SER TOMADA EN CUENTA PARA CUALQUIER TRÁMITE POSTERIOR","category":"patrimonio","source":"GAD Mejía | patrimonio"},"geometry":{"type":"Polygon","coordinates":[[[-78.585659,-0.468357],[-78.585674,-0.468282],[-78.585665,-0.46828],[-78.585697,-0.468107],[-78.585655,-0.468099],[-78.585639,-0.468096],[-78.585581,-0.468342],[-78.585659,-0.468357]]]}},{"type":"Feature","properties":{"objectId":59,"fcode":"PATRIMONIO_59","tde":"EDIFICACIÓN PATRIMONIAL","obs":"DENTRO DEL PREDIO SE ENCUENTRA UNA EDIFICACIÓN PATRIMONIAL QUE DEBERÁ SER TOMADA EN CUENTA PARA CUALQUIER TRÁMITE POSTERIOR","category":"patrimonio","source":"GAD Mejía | patrimonio"},"geometry":{"type":"Polygon","coordinates":[[[-78.586077,-0.46781],[-78.58628,-0.467856],[-78.5863,-0.467775],[-78.586098,-0.467723],[-78.58609,-0.467722],[-78.586069,-0.467808],[-78.586077,-0.46781]]]}},{"type":"Feature","properties":{"objectId":60,"fcode":"PATRIMONIO_60","tde":"EDIFICACIÓN PATRIMONIAL","obs":"DENTRO DEL PREDIO SE ENCUENTRA UNA EDIFICACIÓN PATRIMONIAL QUE DEBERÁ SER TOMADA EN CUENTA PARA CUALQUIER TRÁMITE POSTERIOR","category":"patrimonio","source":"GAD Mejía | patrimonio"},"geometry":{"type":"Polygon","coordinates":[[[-78.567695,-0.513785],[-78.56786,-0.513873],[-78.567921,-0.513743],[-78.567779,-0.513665],[-78.567776,-0.513664],[-78.567773,-0.513663],[-78.56777,-0.513662],[-78.567767,-0.513662],[-78.567764,-0.513663],[-78.567761,-0.513663],[-78.567758,-0.513664],[-78.567756,-0.513666],[-78.567753,-0.513668],[-78.567751,-0.51367],[-78.567749,-0.513672],[-78.567747,-0.513675],[-78.567695,-0.513785]]]}},{"type":"Feature","properties":{"objectId":61,"fcode":"PATRIMONIO_61","tde":"EDIFICACIÓN PATRIMONIAL","obs":"DENTRO DEL PREDIO SE ENCUENTRA UNA EDIFICACIÓN PATRIMONIAL QUE DEBERÁ SER TOMADA EN CUENTA PARA CUALQUIER TRÁMITE POSTERIOR","category":"patrimonio","source":"GAD Mejía | patrimonio"},"geometry":{"type":"Polygon","coordinates":[[[-78.563562,-0.509566],[-78.563563,-0.509567],[-78.563564,-0.509568],[-78.563567,-0.50957],[-78.56357,-0.509572],[-78.563661,-0.509621],[-78.563834,-0.509308],[-78.563729,-0.509248],[-78.563559,-0.509543],[-78.563558,-0.509546],[-78.563557,-0.509549],[-78.563557,-0.509552],[-78.563558,-0.509555],[-78.563558,-0.509558],[-78.563559,-0.509561],[-78.563561,-0.509563],[-78.563562,-0.509566]]]}},{"type":"Feature","properties":{"objectId":62,"fcode":"PATRIMONIO_62","tde":"EDIFICACIÓN PATRIMONIAL","obs":"DENTRO DEL PREDIO SE ENCUENTRA UNA EDIFICACIÓN PATRIMONIAL QUE DEBERÁ SER TOMADA EN CUENTA PARA CUALQUIER TRÁMITE POSTERIOR","category":"patrimonio","source":"GAD Mejía | patrimonio"},"geometry":{"type":"Polygon","coordinates":[[[-78.566014,-0.512734],[-78.565917,-0.512922],[-78.565961,-0.512946],[-78.56606,-0.512759],[-78.566014,-0.512734]]]}},{"type":"Feature","properties":{"objectId":63,"fcode":"PATRIMONIO_63","tde":"EDIFICACIÓN PATRIMONIAL","obs":"DENTRO DEL PREDIO SE ENCUENTRA UNA EDIFICACIÓN PATRIMONIAL QUE DEBERÁ SER TOMADA EN CUENTA PARA CUALQUIER TRÁMITE POSTERIOR","category":"patrimonio","source":"GAD Mejía | patrimonio"},"geometry":{"type":"Polygon","coordinates":[[[-78.584828,-0.469092],[-78.584849,-0.46899],[-78.584886,-0.468817],[-78.584681,-0.468773],[-78.584678,-0.468773],[-78.584675,-0.468773],[-78.584672,-0.468773],[-78.584669,-0.468774],[-78.584667,-0.468775],[-78.584664,-0.468776],[-78.584662,-0.468778],[-78.58466,-0.46878],[-78.584658,-0.468782],[-78.584656,-0.468784],[-78.584655,-0.468787],[-78.584654,-0.46879],[-78.584571,-0.4691],[-78.584705,-0.469126],[-78.584818,-0.469147],[-78.584825,-0.469102],[-78.584826,-0.469098],[-78.584828,-0.469092]]]}},{"type":"Feature","properties":{"objectId":64,"fcode":"PATRIMONIO_64","tde":"EDIFICACIÓN PATRIMONIAL","obs":"DENTRO DEL PREDIO SE ENCUENTRA UNA EDIFICACIÓN PATRIMONIAL QUE DEBERÁ SER TOMADA EN CUENTA PARA CUALQUIER TRÁMITE POSTERIOR","category":"patrimonio","source":"GAD Mejía | patrimonio"},"geometry":{"type":"Polygon","coordinates":[[[-78.584275,-0.520668],[-78.584424,-0.520733],[-78.584504,-0.520768],[-78.584585,-0.520803],[-78.584672,-0.520596],[-78.584611,-0.52057],[-78.584525,-0.520535],[-78.584355,-0.520464],[-78.584275,-0.520668]]]}},{"type":"Feature","properties":{"objectId":70,"fcode":"PATRIMONIO_70","tde":"EDIFICACIÓN PATRIMONIAL","obs":"DENTRO DEL PREDIO SE ENCUENTRA UNA EDIFICACIÓN PATRIMONIAL QUE DEBERÁ SER TOMADA EN CUENTA PARA CUALQUIER TRÁMITE POSTERIOR","category":"patrimonio","source":"GAD Mejía | patrimonio"},"geometry":{"type":"Polygon","coordinates":[[[-78.584949,-0.467787],[-78.585085,-0.467824],[-78.585103,-0.46774],[-78.584991,-0.467714],[-78.584989,-0.467714],[-78.584986,-0.467714],[-78.584983,-0.467714],[-78.58498,-0.467715],[-78.584978,-0.467716],[-78.584975,-0.467717],[-78.584973,-0.467718],[-78.584971,-0.46772],[-78.584969,-0.467723],[-78.584967,-0.467725],[-78.584966,-0.467727],[-78.584965,-0.46773],[-78.584949,-0.467787]]]}},{"type":"Feature","properties":{"objectId":71,"fcode":"PATRIMONIO_71","tde":"EDIFICACIÓN PATRIMONIAL","obs":"DENTRO DEL PREDIO SE ENCUENTRA UNA EDIFICACIÓN PATRIMONIAL QUE DEBERÁ SER TOMADA EN CUENTA PARA CUALQUIER TRÁMITE POSTERIOR","category":"patrimonio","source":"GAD Mejía | patrimonio"},"geometry":{"type":"Polygon","coordinates":[[[-78.585743,-0.468956],[-78.585718,-0.469053],[-78.585789,-0.469067],[-78.585776,-0.46912],[-78.585989,-0.46917],[-78.586009,-0.469088],[-78.586024,-0.469027],[-78.585811,-0.468971],[-78.585825,-0.468905],[-78.585759,-0.468892],[-78.585743,-0.468956]]]}},{"type":"Feature","properties":{"objectId":72,"fcode":"PATRIMONIO_72","tde":"EDIFICACIÓN PATRIMONIAL","obs":"DENTRO DEL PREDIO SE ENCUENTRA UNA EDIFICACIÓN PATRIMONIAL QUE DEBERÁ SER TOMADA EN CUENTA PARA CUALQUIER TRÁMITE POSTERIOR","category":"patrimonio","source":"GAD Mejía | patrimonio"},"geometry":{"type":"Polygon","coordinates":[[[-78.565825,-0.510379],[-78.565996,-0.510468],[-78.566152,-0.510174],[-78.56601,-0.5101],[-78.566008,-0.510099],[-78.566005,-0.510098],[-78.566005,-0.510098],[-78.566002,-0.510098],[-78.565999,-0.510098],[-78.565997,-0.510098],[-78.565994,-0.510099],[-78.565991,-0.5101],[-78.565989,-0.510101],[-78.565986,-0.510102],[-78.565984,-0.510104],[-78.565982,-0.510107],[-78.565981,-0.510109],[-78.565825,-0.510379]]]}},{"type":"Feature","properties":{"objectId":73,"fcode":"PATRIMONIO_73","tde":"EDIFICACIÓN PATRIMONIAL","obs":"DENTRO DEL PREDIO SE ENCUENTRA UNA EDIFICACIÓN PATRIMONIAL QUE DEBERÁ SER TOMADA EN CUENTA PARA CUALQUIER TRÁMITE POSTERIOR","category":"patrimonio","source":"GAD Mejía | patrimonio"},"geometry":{"type":"Polygon","coordinates":[[[-78.585748,-0.467555],[-78.585731,-0.467623],[-78.585707,-0.467713],[-78.585686,-0.467792],[-78.585856,-0.46783],[-78.585915,-0.467592],[-78.585787,-0.467563],[-78.585748,-0.467555]]]}},{"type":"Feature","properties":{"objectId":74,"fcode":"PATRIMONIO_74","tde":"EDIFICACIÓN PATRIMONIAL","obs":"DENTRO DEL PREDIO SE ENCUENTRA UNA EDIFICACIÓN PATRIMONIAL QUE DEBERÁ SER TOMADA EN CUENTA PARA CUALQUIER TRÁMITE POSTERIOR","category":"patrimonio","source":"GAD Mejía | patrimonio"},"geometry":{"type":"Polygon","coordinates":[[[-78.545054,-0.404301],[-78.54507,-0.404324],[-78.545114,-0.404384],[-78.54513,-0.404407],[-78.545141,-0.404399],[-78.545163,-0.404426],[-78.545204,-0.404476],[-78.545294,-0.404401],[-78.545128,-0.404291],[-78.545102,-0.40427],[-78.545054,-0.404301]]]}},{"type":"Feature","properties":{"objectId":75,"fcode":"PATRIMONIO_75","tde":"EDIFICACIÓN PATRIMONIAL","obs":"DENTRO DEL PREDIO SE ENCUENTRA UNA EDIFICACIÓN PATRIMONIAL QUE DEBERÁ SER TOMADA EN CUENTA PARA CUALQUIER TRÁMITE POSTERIOR","category":"patrimonio","source":"GAD Mejía | patrimonio"},"geometry":{"type":"Polygon","coordinates":[[[-78.56595,-0.511735],[-78.565952,-0.511737],[-78.565955,-0.511738],[-78.566314,-0.511927],[-78.566509,-0.511587],[-78.566457,-0.511559],[-78.566274,-0.511461],[-78.566129,-0.511383],[-78.565946,-0.511707],[-78.565945,-0.51171],[-78.565944,-0.511713],[-78.565943,-0.511716],[-78.565943,-0.511719],[-78.565943,-0.511722],[-78.565944,-0.511725],[-78.565945,-0.511728],[-78.565946,-0.51173],[-78.565946,-0.51173],[-78.565948,-0.511733],[-78.56595,-0.511735]]]}},{"type":"Feature","properties":{"objectId":76,"fcode":"PATRIMONIO_76","tde":"EDIFICACIÓN PATRIMONIAL","obs":"DENTRO DEL PREDIO SE ENCUENTRA UNA EDIFICACIÓN PATRIMONIAL QUE DEBERÁ SER TOMADA EN CUENTA PARA CUALQUIER TRÁMITE POSTERIOR","category":"patrimonio","source":"GAD Mejía | patrimonio"},"geometry":{"type":"Polygon","coordinates":[[[-78.584331,-0.518055],[-78.584134,-0.517993],[-78.584093,-0.51811],[-78.584267,-0.518164],[-78.58427,-0.518165],[-78.584273,-0.518165],[-78.584276,-0.518165],[-78.584279,-0.518165],[-78.584281,-0.518164],[-78.584284,-0.518163],[-78.584286,-0.518161],[-78.584289,-0.51816],[-78.584291,-0.518158],[-78.584292,-0.518155],[-78.584294,-0.518153],[-78.584295,-0.51815],[-78.584331,-0.518055]]]}},{"type":"Feature","properties":{"objectId":77,"fcode":"PATRIMONIO_77","tde":"EDIFICACIÓN PATRIMONIAL","obs":"DENTRO DEL PREDIO SE ENCUENTRA UNA EDIFICACIÓN PATRIMONIAL QUE DEBERÁ SER TOMADA EN CUENTA PARA CUALQUIER TRÁMITE POSTERIOR","category":"patrimonio","source":"GAD Mejía | patrimonio"},"geometry":{"type":"Polygon","coordinates":[[[-78.56688,-0.511694],[-78.566778,-0.511871],[-78.567194,-0.5121],[-78.567297,-0.511912],[-78.567145,-0.511836],[-78.56688,-0.511694]]]}},{"type":"Feature","properties":{"objectId":78,"fcode":"PATRIMONIO_78","tde":"EDIFICACIÓN PATRIMONIAL","obs":"DENTRO DEL PREDIO SE ENCUENTRA UNA EDIFICACIÓN PATRIMONIAL QUE DEBERÁ SER TOMADA EN CUENTA PARA CUALQUIER TRÁMITE POSTERIOR","category":"patrimonio","source":"GAD Mejía | patrimonio"},"geometry":{"type":"Polygon","coordinates":[[[-78.584981,-0.468837],[-78.584961,-0.46892],[-78.585103,-0.468952],[-78.58512,-0.468881],[-78.585121,-0.468877],[-78.585121,-0.468873],[-78.585121,-0.468869],[-78.58512,-0.468865],[-78.585118,-0.468861],[-78.585117,-0.468857],[-78.585114,-0.468853],[-78.585111,-0.46885],[-78.585108,-0.468848],[-78.585105,-0.468846],[-78.585104,-0.468846],[-78.5851,-0.468844],[-78.585096,-0.468843],[-78.585016,-0.468825],[-78.585013,-0.468835],[-78.585011,-0.468844],[-78.584981,-0.468837]]]}},{"type":"Feature","properties":{"objectId":79,"fcode":"PATRIMONIO_79","tde":"EDIFICACIÓN PATRIMONIAL","obs":"DENTRO DEL PREDIO SE ENCUENTRA UNA EDIFICACIÓN PATRIMONIAL QUE DEBERÁ SER TOMADA EN CUENTA PARA CUALQUIER TRÁMITE POSTERIOR","category":"patrimonio","source":"GAD Mejía | patrimonio"},"geometry":{"type":"Polygon","coordinates":[[[-78.565154,-0.513753],[-78.564868,-0.513595],[-78.564818,-0.513682],[-78.564951,-0.513764],[-78.565097,-0.513854],[-78.565154,-0.513753]]]}},{"type":"Feature","properties":{"objectId":80,"fcode":"PATRIMONIO_80","tde":"EDIFICACIÓN PATRIMONIAL","obs":"DENTRO DEL PREDIO SE ENCUENTRA UNA EDIFICACIÓN PATRIMONIAL QUE DEBERÁ SER TOMADA EN CUENTA PARA CUALQUIER TRÁMITE POSTERIOR","category":"patrimonio","source":"GAD Mejía | patrimonio"},"geometry":{"type":"Polygon","coordinates":[[[-78.521773,-0.386769],[-78.521871,-0.386954],[-78.522036,-0.386871],[-78.522044,-0.386838],[-78.521934,-0.386682],[-78.521773,-0.386769]]]}},{"type":"Feature","properties":{"objectId":81,"fcode":"PATRIMONIO_81","tde":"EDIFICACIÓN PATRIMONIAL","obs":"DENTRO DEL PREDIO SE ENCUENTRA UNA EDIFICACIÓN PATRIMONIAL QUE DEBERÁ SER TOMADA EN CUENTA PARA CUALQUIER TRÁMITE POSTERIOR","category":"patrimonio","source":"GAD Mejía | patrimonio"},"geometry":{"type":"Polygon","coordinates":[[[-78.566237,-0.512803],[-78.566336,-0.512858],[-78.566233,-0.513059],[-78.566211,-0.513102],[-78.566189,-0.513144],[-78.566071,-0.513378],[-78.566206,-0.513449],[-78.566284,-0.513489],[-78.566365,-0.513529],[-78.566456,-0.513576],[-78.566463,-0.513564],[-78.56651,-0.513486],[-78.566605,-0.51333],[-78.566651,-0.513254],[-78.566698,-0.513177],[-78.566537,-0.513077],[-78.566602,-0.512969],[-78.566616,-0.512978],[-78.566661,-0.512911],[-78.566302,-0.512714],[-78.566299,-0.512713],[-78.566297,-0.512712],[-78.566294,-0.512711],[-78.566291,-0.512711],[-78.566288,-0.512711],[-78.566285,-0.512712],[-78.566282,-0.512713],[-78.56628,-0.512714],[-78.566277,-0.512716],[-78.566275,-0.512718],[-78.566273,-0.51272],[-78.566272,-0.512722],[-78.566244,-0.51277],[-78.566229,-0.512796],[-78.566238,-0.512801],[-78.566237,-0.512803]]]}},{"type":"Feature","properties":{"objectId":82,"fcode":"PATRIMONIO_82","tde":"EDIFICACIÓN PATRIMONIAL","obs":"DENTRO DEL PREDIO SE ENCUENTRA UNA EDIFICACIÓN PATRIMONIAL QUE DEBERÁ SER TOMADA EN CUENTA PARA CUALQUIER TRÁMITE POSTERIOR","category":"patrimonio","source":"GAD Mejía | patrimonio"},"geometry":{"type":"Polygon","coordinates":[[[-78.522992,-0.386643],[-78.5229,-0.38651],[-78.522811,-0.386555],[-78.522808,-0.386557],[-78.522806,-0.386559],[-78.522803,-0.386561],[-78.522802,-0.386564],[-78.5228,-0.386567],[-78.522799,-0.38657],[-78.522799,-0.386573],[-78.522799,-0.386576],[-78.522799,-0.38658],[-78.5228,-0.386583],[-78.522801,-0.386586],[-78.522803,-0.386589],[-78.522884,-0.386699],[-78.522992,-0.386643]]]}},{"type":"Feature","properties":{"objectId":83,"fcode":"PATRIMONIO_83","tde":"EDIFICACIÓN PATRIMONIAL","obs":"DENTRO DEL PREDIO SE ENCUENTRA UNA EDIFICACIÓN PATRIMONIAL QUE DEBERÁ SER TOMADA EN CUENTA PARA CUALQUIER TRÁMITE POSTERIOR","category":"patrimonio","source":"GAD Mejía | patrimonio"},"geometry":{"type":"Polygon","coordinates":[[[-78.55355,-0.527245],[-78.553515,-0.52734],[-78.553684,-0.527403],[-78.553699,-0.527408],[-78.553731,-0.527313],[-78.553744,-0.527274],[-78.553564,-0.527207],[-78.55355,-0.527245]]]}},{"type":"Feature","properties":{"objectId":84,"fcode":"PATRIMONIO_84","tde":"EDIFICACIÓN PATRIMONIAL","obs":"DENTRO DEL PREDIO SE ENCUENTRA UNA EDIFICACIÓN PATRIMONIAL QUE DEBERÁ SER TOMADA EN CUENTA PARA CUALQUIER TRÁMITE POSTERIOR","category":"patrimonio","source":"GAD Mejía | patrimonio"},"geometry":{"type":"Polygon","coordinates":[[[-78.566628,-0.512137],[-78.566626,-0.512138],[-78.566623,-0.512139],[-78.56662,-0.51214],[-78.566618,-0.512142],[-78.566616,-0.512144],[-78.566614,-0.512146],[-78.566612,-0.512149],[-78.56661,-0.512153],[-78.566474,-0.512397],[-78.566548,-0.512437],[-78.566583,-0.512454],[-78.566701,-0.512512],[-78.566788,-0.512553],[-78.566772,-0.51258],[-78.56681,-0.5126],[-78.566863,-0.512628],[-78.56688,-0.512637],[-78.566911,-0.512579],[-78.566991,-0.512432],[-78.567033,-0.512354],[-78.566642,-0.51214],[-78.56664,-0.512139],[-78.566637,-0.512138],[-78.566634,-0.512137],[-78.566631,-0.512137],[-78.566628,-0.512137]]]}},{"type":"Feature","properties":{"objectId":103,"fcode":"PATRIMONIO_103","tde":"EDIFICACIÓN PATRIMONIAL","obs":"DENTRO DEL PREDIO SE ENCUENTRA UNA EDIFICACIÓN PATRIMONIAL QUE DEBERÁ SER TOMADA EN CUENTA PARA CUALQUIER TRÁMITE POSTERIOR","category":"patrimonio","source":"GAD Mejía | patrimonio"},"geometry":{"type":"Polygon","coordinates":[[[-78.585175,-0.518391],[-78.585139,-0.518488],[-78.585307,-0.518562],[-78.585997,-0.518756],[-78.586047,-0.5186],[-78.585781,-0.518513],[-78.585525,-0.51842],[-78.585503,-0.518412],[-78.58539,-0.51835],[-78.585348,-0.518458],[-78.585175,-0.518391]]]}},{"type":"Feature","properties":{"objectId":85,"fcode":"PATRIMONIO_85","tde":"EDIFICACIÓN PATRIMONIAL","obs":"DENTRO DEL PREDIO SE ENCUENTRA UNA EDIFICACIÓN PATRIMONIAL QUE DEBERÁ SER TOMADA EN CUENTA PARA CUALQUIER TRÁMITE POSTERIOR","category":"patrimonio","source":"GAD Mejía | patrimonio"},"geometry":{"type":"Polygon","coordinates":[[[-78.518303,-0.388747],[-78.51881,-0.38906],[-78.518811,-0.38906],[-78.518884,-0.389107],[-78.518885,-0.389108],[-78.518936,-0.389141],[-78.518936,-0.389141],[-78.518969,-0.389163],[-78.518969,-0.389164],[-78.519018,-0.389197],[-78.519021,-0.389199],[-78.519046,-0.389218],[-78.519046,-0.389218],[-78.519078,-0.389243],[-78.51908,-0.389245],[-78.51913,-0.389286],[-78.519131,-0.389287],[-78.519169,-0.389319],[-78.519171,-0.389321],[-78.519211,-0.389358],[-78.519214,-0.38936],[-78.519252,-0.389399],[-78.519275,-0.389422],[-78.519277,-0.389424],[-78.51931,-0.389458],[-78.519311,-0.389459],[-78.519335,-0.389485],[-78.519336,-0.389487],[-78.51936,-0.389515],[-78.519361,-0.389516],[-78.519389,-0.38955],[-78.519391,-0.389552],[-78.519428,-0.389601],[-78.519429,-0.389602],[-78.519489,-0.389686],[-78.519491,-0.389689],[-78.519525,-0.389742],[-78.519526,-0.389743],[-78.519549,-0.38978],[-78.51955,-0.389782],[-78.519562,-0.389803],[-78.51963,-0.389762],[-78.519748,-0.389665],[-78.519682,-0.389587],[-78.519681,-0.389586],[-78.519645,-0.389539],[-78.519644,-0.389538],[-78.519594,-0.389468],[-78.519594,-0.389468],[-78.519549,-0.389401],[-78.519548,-0.3894],[-78.519444,-0.38924],[-78.519444,-0.389239],[-78.519388,-0.389148],[-78.519387,-0.389146],[-78.519375,-0.389119],[-78.519374,-0.389117],[-78.519367,-0.389093],[-78.519367,-0.389092],[-78.519362,-0.389065],[-78.519361,-0.389063],[-78.51936,-0.389033],[-78.51936,-0.38903],[-78.519361,-0.389008],[-78.519362,-0.389005],[-78.51937,-0.388968],[-78.519371,-0.388965],[-78.519382,-0.388938],[-78.519383,-0.388936],[-78.519393,-0.388917],[-78.519393,-0.388916],[-78.519407,-0.388895],[-78.519407,-0.388894],[-78.519422,-0.388874],[-78.519423,-0.388873],[-78.51943,-0.388864],[-78.519432,-0.388862],[-78.51944,-0.388854],[-78.519442,-0.388853],[-78.519455,-0.388843],[-78.519456,-0.388842],[-78.519475,-0.38883],[-78.519477,-0.388829],[-78.519494,-0.388821],[-78.519496,-0.388821],[-78.519514,-0.388815],[-78.519514,-0.388815],[-78.519526,-0.388812],[-78.519527,-0.388811],[-78.519543,-0.388808],[-78.519544,-0.388808],[-78.519562,-0.388806],[-78.519563,-0.388806],[-78.519585,-0.388804],[-78.519585,-0.388804],[-78.519609,-0.388804],[-78.51961,-0.388804],[-78.519631,-0.388805],[-78.519632,-0.388806],[-78.51965,-0.388808],[-78.519652,-0.388809],[-78.519677,-0.388816],[-78.519678,-0.388817],[-78.519706,-0.388828],[-78.519708,-0.388829],[-78.519743,-0.38885],[-78.519745,-0.388852],[-78.519786,-0.388886],[-78.519787,-0.388887],[-78.519826,-0.388924],[-78.519826,-0.388924],[-78.519917,-0.389017],[-78.519987,-0.389084],[-78.519988,-0.389084],[-78.520042,-0.38914],[-78.520074,-0.389166],[-78.520127,-0.389202],[-78.520157,-0.389218],[-78.520185,-0.389227],[-78.520231,-0.38924],[-78.520259,-0.389247],[-78.52029,-0.389253],[-78.520317,-0.389256],[-78.520339,-0.389254],[-78.52037,-0.38925],[-78.520399,-0.389242],[-78.520428,-0.389234],[-78.52046,-0.38922],[-78.520611,-0.389144],[-78.521073,-0.388894],[-78.520985,-0.38876],[-78.520938,-0.38869],[-78.520893,-0.388622],[-78.520811,-0.388486],[-78.520731,-0.388355],[-78.520726,-0.388347],[-78.520698,-0.388301],[-78.520694,-0.388293],[-78.520621,-0.388179],[-78.520549,-0.388063],[-78.520494,-0.387939],[-78.520454,-0.387759],[-78.520355,-0.387809],[-78.520351,-0.387801],[-78.520325,-0.387753],[-78.520319,-0.387742],[-78.520265,-0.387657],[-78.520137,-0.387518],[-78.520048,-0.387538],[-78.520001,-0.387554],[-78.51997,-0.387562],[-78.519902,-0.38758],[-78.519809,-0.3876],[-78.519699,-0.387613],[-78.519622,-0.387613],[-78.519568,-0.387613],[-78.519494,-0.38761],[-78.519403,-0.387597],[-78.519331,-0.387587],[-78.519269,-0.387585],[-78.519193,-0.387585],[-78.519148,-0.387581],[-78.519095,-0.387571],[-78.519028,-0.387571],[-78.518973,-0.387587],[-78.518927,-0.387587],[-78.518886,-0.387593],[-78.518843,-0.387591],[-78.518783,-0.387583],[-78.51872,-0.387566],[-78.51867,-0.387557],[-78.518628,-0.387557],[-78.518561,-0.387557],[-78.518537,-0.387555],[-78.518495,-0.387542],[-78.518464,-0.387533],[-78.518409,-0.387503],[-78.518355,-0.387488],[-78.518335,-0.387478],[-78.518326,-0.38746],[-78.518326,-0.387408],[-78.518316,-0.387358],[-78.518304,-0.387318],[-78.518285,-0.387289],[-78.518239,-0.387241],[-78.518201,-0.387214],[-78.518149,-0.387186],[-78.518114,-0.387174],[-78.518066,-0.387159],[-78.517995,-0.387139],[-78.517945,-0.387125],[-78.517894,-0.38712],[-78.517856,-0.387122],[-78.517819,-0.387134],[-78.517772,-0.387155],[-78.517754,-0.387157],[-78.517684,-0.387169],[-78.517814,-0.387297],[-78.517958,-0.387481],[-78.51818,-0.38791],[-78.518186,-0.38794],[-78.518188,-0.387975],[-78.518201,-0.388046],[-78.518207,-0.388101],[-78.518208,-0.38811],[-78.518206,-0.388136],[-78.518208,-0.388167],[-78.518224,-0.388247],[-78.518235,-0.388274],[-78.518238,-0.388298],[-78.518239,-0.388328],[-78.518229,-0.388362],[-78.518233,-0.388409],[-78.518262,-0.388542],[-78.518264,-0.388575],[-78.518264,-0.388598],[-78.518286,-0.38865],[-78.518296,-0.388683],[-78.5183,-0.388706],[-78.518303,-0.388736],[-78.518303,-0.388747]]]}},{"type":"Feature","properties":{"objectId":86,"fcode":"PATRIMONIO_86","tde":"EDIFICACIÓN PATRIMONIAL","obs":"DENTRO DEL PREDIO SE ENCUENTRA UNA EDIFICACIÓN PATRIMONIAL QUE DEBERÁ SER TOMADA EN CUENTA PARA CUALQUIER TRÁMITE POSTERIOR","category":"patrimonio","source":"GAD Mejía | patrimonio"},"geometry":{"type":"Polygon","coordinates":[[[-78.521215,-0.385703],[-78.520958,-0.38586],[-78.52099,-0.385904],[-78.521024,-0.385892],[-78.52124,-0.385785],[-78.521242,-0.385783],[-78.521245,-0.385781],[-78.521247,-0.385779],[-78.521249,-0.385776],[-78.52125,-0.385773],[-78.521251,-0.38577],[-78.521252,-0.385767],[-78.521252,-0.385764],[-78.521252,-0.38576],[-78.521251,-0.385757],[-78.52125,-0.385754],[-78.521248,-0.385751],[-78.521215,-0.385703]]]}},{"type":"Feature","properties":{"objectId":87,"fcode":"PATRIMONIO_87","tde":"EDIFICACIÓN PATRIMONIAL","obs":"DENTRO DEL PREDIO SE ENCUENTRA UNA EDIFICACIÓN PATRIMONIAL QUE DEBERÁ SER TOMADA EN CUENTA PARA CUALQUIER TRÁMITE POSTERIOR","category":"patrimonio","source":"GAD Mejía | patrimonio"},"geometry":{"type":"Polygon","coordinates":[[[-78.569608,-0.514087],[-78.569578,-0.514154],[-78.569641,-0.514179],[-78.569669,-0.514111],[-78.569608,-0.514087]]]}},{"type":"Feature","properties":{"objectId":88,"fcode":"PATRIMONIO_88","tde":"EDIFICACIÓN PATRIMONIAL","obs":"DENTRO DEL PREDIO SE ENCUENTRA UNA EDIFICACIÓN PATRIMONIAL QUE DEBERÁ SER TOMADA EN CUENTA PARA CUALQUIER TRÁMITE POSTERIOR","category":"patrimonio","source":"GAD Mejía | patrimonio"},"geometry":{"type":"Polygon","coordinates":[[[-78.554944,-0.525816],[-78.554859,-0.525769],[-78.554743,-0.525706],[-78.554679,-0.52567],[-78.554615,-0.525802],[-78.554576,-0.525883],[-78.554528,-0.525981],[-78.554824,-0.526127],[-78.554975,-0.525833],[-78.554944,-0.525816]]]}},{"type":"Feature","properties":{"objectId":89,"fcode":"PATRIMONIO_89","tde":"EDIFICACIÓN PATRIMONIAL","obs":"DENTRO DEL PREDIO SE ENCUENTRA UNA EDIFICACIÓN PATRIMONIAL QUE DEBERÁ SER TOMADA EN CUENTA PARA CUALQUIER TRÁMITE POSTERIOR","category":"patrimonio","source":"GAD Mejía | patrimonio"},"geometry":{"type":"Polygon","coordinates":[[[-78.566911,-0.511639],[-78.56688,-0.511694],[-78.567145,-0.511836],[-78.567212,-0.511709],[-78.567159,-0.511682],[-78.567106,-0.511655],[-78.567091,-0.511684],[-78.567068,-0.511728],[-78.566911,-0.511639]]]}},{"type":"Feature","properties":{"objectId":90,"fcode":"PATRIMONIO_90","tde":"EDIFICACIÓN PATRIMONIAL","obs":"DENTRO DEL PREDIO SE ENCUENTRA UNA EDIFICACIÓN PATRIMONIAL QUE DEBERÁ SER TOMADA EN CUENTA PARA CUALQUIER TRÁMITE POSTERIOR","category":"patrimonio","source":"GAD Mejía | patrimonio"},"geometry":{"type":"Polygon","coordinates":[[[-78.565154,-0.513753],[-78.565205,-0.513661],[-78.565204,-0.51366],[-78.564916,-0.513513],[-78.564868,-0.513595],[-78.565154,-0.513753]]]}},{"type":"Feature","properties":{"objectId":91,"fcode":"PATRIMONIO_91","tde":"EDIFICACIÓN PATRIMONIAL","obs":"DENTRO DEL PREDIO SE ENCUENTRA UNA EDIFICACIÓN PATRIMONIAL QUE DEBERÁ SER TOMADA EN CUENTA PARA CUALQUIER TRÁMITE POSTERIOR","category":"patrimonio","source":"GAD Mejía | patrimonio"},"geometry":{"type":"Polygon","coordinates":[[[-78.522174,-0.384563],[-78.522202,-0.384603],[-78.52226,-0.384568],[-78.522249,-0.384549],[-78.522457,-0.38443],[-78.522433,-0.384396],[-78.522182,-0.38453],[-78.522179,-0.384532],[-78.522177,-0.384534],[-78.522174,-0.384536],[-78.522173,-0.384539],[-78.522171,-0.384542],[-78.522171,-0.384543],[-78.52217,-0.384545],[-78.52217,-0.384548],[-78.52217,-0.384551],[-78.52217,-0.384554],[-78.522171,-0.384557],[-78.522172,-0.38456],[-78.522174,-0.384563]]]}},{"type":"Feature","properties":{"objectId":104,"fcode":"PATRIMONIO_104","tde":"EDIFICACIÓN PATRIMONIAL","obs":"DENTRO DEL PREDIO SE ENCUENTRA UNA EDIFICACIÓN PATRIMONIAL QUE DEBERÁ SER TOMADA EN CUENTA PARA CUALQUIER TRÁMITE POSTERIOR","category":"patrimonio","source":"GAD Mejía | patrimonio"},"geometry":{"type":"Polygon","coordinates":[[[-78.564077,-0.511735],[-78.564075,-0.511737],[-78.564073,-0.51174],[-78.564025,-0.511829],[-78.564099,-0.51187],[-78.564161,-0.511761],[-78.564103,-0.511731],[-78.564101,-0.511729],[-78.564099,-0.511729],[-78.564098,-0.511729],[-78.564095,-0.511728],[-78.564092,-0.511728],[-78.564089,-0.511728],[-78.564086,-0.511729],[-78.564084,-0.51173],[-78.564084,-0.51173],[-78.564081,-0.511731],[-78.564079,-0.511733],[-78.564077,-0.511735]]]}},{"type":"Feature","properties":{"objectId":105,"fcode":"PATRIMONIO_105","tde":"EDIFICACIÓN PATRIMONIAL","obs":"DENTRO DEL PREDIO SE ENCUENTRA UNA EDIFICACIÓN PATRIMONIAL QUE DEBERÁ SER TOMADA EN CUENTA PARA CUALQUIER TRÁMITE POSTERIOR","category":"patrimonio","source":"GAD Mejía | patrimonio"},"geometry":{"type":"Polygon","coordinates":[[[-78.565331,-0.501893],[-78.56525,-0.502063],[-78.565168,-0.502238],[-78.565377,-0.502338],[-78.56545,-0.502183],[-78.565538,-0.501997],[-78.565331,-0.501893]]]}},{"type":"Feature","properties":{"objectId":106,"fcode":"PATRIMONIO_106","tde":"EDIFICACIÓN PATRIMONIAL","obs":"DENTRO DEL PREDIO SE ENCUENTRA UNA EDIFICACIÓN PATRIMONIAL QUE DEBERÁ SER TOMADA EN CUENTA PARA CUALQUIER TRÁMITE POSTERIOR","category":"patrimonio","source":"GAD Mejía | patrimonio"},"geometry":{"type":"Polygon","coordinates":[[[-78.554737,-0.526627],[-78.554737,-0.526629],[-78.554737,-0.52663],[-78.554738,-0.526633],[-78.554739,-0.526635],[-78.554741,-0.526638],[-78.554743,-0.52664],[-78.554745,-0.526642],[-78.554747,-0.526644],[-78.555264,-0.526961],[-78.555352,-0.526783],[-78.555428,-0.526627],[-78.55546,-0.526564],[-78.55546,-0.526563],[-78.55544,-0.526553],[-78.555417,-0.52654],[-78.555155,-0.526398],[-78.554949,-0.526287],[-78.55474,-0.526613],[-78.554739,-0.526615],[-78.554738,-0.526618],[-78.554737,-0.526621],[-78.554737,-0.526624],[-78.554737,-0.526627]]]}},{"type":"Feature","properties":{"objectId":92,"fcode":"PATRIMONIO_92","tde":"EDIFICACIÓN PATRIMONIAL","obs":"DENTRO DEL PREDIO SE ENCUENTRA UNA EDIFICACIÓN PATRIMONIAL QUE DEBERÁ SER TOMADA EN CUENTA PARA CUALQUIER TRÁMITE POSTERIOR","category":"patrimonio","source":"GAD Mejía | patrimonio"},"geometry":{"type":"Polygon","coordinates":[[[-78.541545,-0.403203],[-78.541717,-0.403111],[-78.541783,-0.403005],[-78.541788,-0.402881],[-78.541793,-0.40285],[-78.541789,-0.402801],[-78.541806,-0.402752],[-78.541839,-0.402723],[-78.54197,-0.402676],[-78.541994,-0.402655],[-78.542007,-0.402635],[-78.542046,-0.402555],[-78.542077,-0.402493],[-78.542093,-0.402457],[-78.542112,-0.402422],[-78.542121,-0.402405],[-78.542124,-0.4024],[-78.542127,-0.402396],[-78.542148,-0.402375],[-78.542193,-0.402329],[-78.542198,-0.402324],[-78.542211,-0.402315],[-78.542226,-0.402304],[-78.542241,-0.402294],[-78.54225,-0.402288],[-78.542307,-0.402251],[-78.542403,-0.402197],[-78.542535,-0.402171],[-78.542547,-0.402171],[-78.542554,-0.402171],[-78.542684,-0.402171],[-78.542697,-0.402174],[-78.5427,-0.402119],[-78.5427,-0.402117],[-78.5427,-0.402114],[-78.542705,-0.40202],[-78.542719,-0.401755],[-78.542591,-0.401771],[-78.542508,-0.401794],[-78.542391,-0.401828],[-78.542257,-0.401878],[-78.542129,-0.401969],[-78.541979,-0.402075],[-78.54186,-0.402111],[-78.541793,-0.402121],[-78.541741,-0.402121],[-78.54167,-0.402109],[-78.541593,-0.402083],[-78.541524,-0.402045],[-78.541464,-0.402004],[-78.541236,-0.401839],[-78.541158,-0.401788],[-78.540988,-0.401672],[-78.540857,-0.401604],[-78.540798,-0.401575],[-78.540652,-0.401524],[-78.540646,-0.40152],[-78.540534,-0.401491],[-78.540482,-0.401481],[-78.540407,-0.401472],[-78.540334,-0.401469],[-78.540194,-0.401463],[-78.540095,-0.401458],[-78.53981,-0.401429],[-78.539735,-0.401426],[-78.539617,-0.401422],[-78.539335,-0.401388],[-78.538939,-0.401295],[-78.538684,-0.401212],[-78.538551,-0.401152],[-78.538494,-0.401109],[-78.538397,-0.401042],[-78.538373,-0.401038],[-78.538271,-0.400984],[-78.538234,-0.400953],[-78.538089,-0.400886],[-78.537966,-0.400811],[-78.537864,-0.400752],[-78.537762,-0.4007],[-78.537643,-0.400648],[-78.537629,-0.400643],[-78.537147,-0.400643],[-78.536578,-0.400668],[-78.53644,-0.400664],[-78.536323,-0.400653],[-78.536099,-0.400619],[-78.535611,-0.400548],[-78.535196,-0.400437],[-78.534862,-0.400357],[-78.534674,-0.400304],[-78.534574,-0.400258],[-78.534527,-0.400232],[-78.534473,-0.400201],[-78.53439,-0.400257],[-78.53435,-0.400281],[-78.534301,-0.400306],[-78.53427,-0.400322],[-78.534234,-0.400338],[-78.534205,-0.400356],[-78.534185,-0.40037],[-78.534159,-0.400396],[-78.534147,-0.400417],[-78.534041,-0.40059],[-78.534057,-0.400677],[-78.534116,-0.400833],[-78.534151,-0.400901],[-78.534177,-0.400996],[-78.534178,-0.401234],[-78.534181,-0.401291],[-78.53421,-0.401499],[-78.534229,-0.401519],[-78.534243,-0.401532],[-78.534262,-0.401551],[-78.534297,-0.401613],[-78.534304,-0.401626],[-78.534323,-0.40166],[-78.534334,-0.401672],[-78.534396,-0.401741],[-78.534413,-0.401762],[-78.53443,-0.401785],[-78.534439,-0.401795],[-78.534463,-0.401866],[-78.534496,-0.401921],[-78.53453,-0.401945],[-78.534564,-0.401965],[-78.534584,-0.401976],[-78.534631,-0.401999],[-78.534656,-0.402011],[-78.534733,-0.402026],[-78.534756,-0.40203],[-78.534776,-0.40204],[-78.534853,-0.402077],[-78.534921,-0.402111],[-78.534985,-0.402144],[-78.534991,-0.402147],[-78.535043,-0.402167],[-78.535058,-0.402173],[-78.535059,-0.402174],[-78.535104,-0.402212],[-78.53518,-0.402274],[-78.535268,-0.402312],[-78.535321,-0.402324],[-78.535359,-0.402324],[-78.535374,-0.402324],[-78.535405,-0.402324],[-78.535438,-0.402317],[-78.535493,-0.402305],[-78.535518,-0.402302],[-78.535551,-0.402298],[-78.535594,-0.402297],[-78.535629,-0.402296],[-78.535656,-0.402296],[-78.535725,-0.402309],[-78.535726,-0.40231],[-78.535738,-0.402316],[-78.535779,-0.402335],[-78.535788,-0.402339],[-78.535791,-0.40234],[-78.535834,-0.40238],[-78.535856,-0.402431],[-78.535861,-0.402444],[-78.535884,-0.402496],[-78.535903,-0.402562],[-78.535952,-0.402646],[-78.535957,-0.40265],[-78.535962,-0.402653],[-78.536052,-0.40272],[-78.536118,-0.402754],[-78.536125,-0.402758],[-78.536133,-0.402762],[-78.536199,-0.402787],[-78.536259,-0.402793],[-78.536304,-0.402803],[-78.536375,-0.402835],[-78.536429,-0.402879],[-78.536494,-0.402988],[-78.536544,-0.40308],[-78.53659,-0.403128],[-78.536598,-0.403136],[-78.536601,-0.40314],[-78.536627,-0.4032],[-78.536629,-0.403205],[-78.536636,-0.403223],[-78.53664,-0.403232],[-78.53667,-0.403256],[-78.536672,-0.403257],[-78.536708,-0.403261],[-78.536731,-0.403261],[-78.536757,-0.403261],[-78.536833,-0.40324],[-78.536879,-0.403243],[-78.536886,-0.403243],[-78.536912,-0.403255],[-78.53694,-0.403269],[-78.537007,-0.403336],[-78.537038,-0.403372],[-78.537047,-0.403382],[-78.537056,-0.403388],[-78.537066,-0.403395],[-78.537091,-0.403403],[-78.537119,-0.403401],[-78.537138,-0.4034],[-78.537139,-0.4034],[-78.537154,-0.403403],[-78.537208,-0.40342],[-78.537268,-0.40346],[-78.537371,-0.403568],[-78.537401,-0.40359],[-78.537404,-0.403593],[-78.537407,-0.403594],[-78.537444,-0.403613],[-78.537469,-0.403616],[-78.537495,-0.403609],[-78.537506,-0.403607],[-78.537506,-0.403606],[-78.537528,-0.403585],[-78.537536,-0.403572],[-78.537557,-0.403538],[-78.537561,-0.403505],[-78.53757,-0.403481],[-78.537593,-0.403439],[-78.537629,-0.403403],[-78.537659,-0.403373],[-78.537691,-0.403354],[-78.537721,-0.403348],[-78.537777,-0.403347],[-78.537801,-0.403356],[-78.537846,-0.403372],[-78.537868,-0.403374],[-78.537918,-0.403378],[-78.538031,-0.403376],[-78.538084,-0.403381],[-78.538098,-0.403385],[-78.538114,-0.403391],[-78.538135,-0.403398],[-78.538147,-0.403402],[-78.538151,-0.403404],[-78.538193,-0.403422],[-78.53823,-0.403435],[-78.538255,-0.403443],[-78.538311,-0.403466],[-78.538382,-0.403474],[-78.538487,-0.403485],[-78.538579,-0.403506],[-78.5386,-0.403508],[-78.538669,-0.403514],[-78.538726,-0.403513],[-78.53884,-0.403496],[-78.538963,-0.403465],[-78.539015,-0.403465],[-78.539033,-0.403472],[-78.539054,-0.403481],[-78.539071,-0.403497],[-78.539076,-0.403501],[-78.539078,-0.403503],[-78.539108,-0.403549],[-78.53918,-0.403662],[-78.539207,-0.403701],[-78.539252,-0.403769],[-78.539258,-0.403778],[-78.539278,-0.403793],[-78.53928,-0.403794],[-78.539289,-0.403801],[-78.53929,-0.403801],[-78.539297,-0.403802],[-78.539301,-0.403803],[-78.539319,-0.403805],[-78.539344,-0.403801],[-78.539366,-0.403776],[-78.539367,-0.403773],[-78.539372,-0.403764],[-78.539402,-0.403709],[-78.539432,-0.403624],[-78.539439,-0.403613],[-78.539446,-0.4036],[-78.539459,-0.403577],[-78.539498,-0.403534],[-78.5395,-0.403533],[-78.539507,-0.403528],[-78.539601,-0.403471],[-78.539612,-0.403468],[-78.539626,-0.403463],[-78.539651,-0.403455],[-78.539762,-0.403455],[-78.539865,-0.40346],[-78.539915,-0.403477],[-78.539929,-0.403482],[-78.53997,-0.403504],[-78.540026,-0.40357],[-78.540057,-0.403637],[-78.540066,-0.40371],[-78.540066,-0.403713],[-78.54007,-0.40372],[-78.540088,-0.403754],[-78.540097,-0.403768],[-78.540126,-0.403793],[-78.540187,-0.40379],[-78.540299,-0.403729],[-78.540391,-0.403641],[-78.540462,-0.403606],[-78.54051,-0.403581],[-78.540525,-0.403574],[-78.540614,-0.403534],[-78.540672,-0.403508],[-78.54073,-0.403481],[-78.540736,-0.403477],[-78.540819,-0.40342],[-78.540843,-0.403404],[-78.540938,-0.403363],[-78.540949,-0.403358],[-78.540967,-0.403351],[-78.54103,-0.403299],[-78.541032,-0.403297],[-78.541048,-0.403284],[-78.541065,-0.403272],[-78.54107,-0.403269],[-78.54108,-0.403266],[-78.541084,-0.403264],[-78.541121,-0.403251],[-78.541165,-0.403246],[-78.541234,-0.40325],[-78.541361,-0.403246],[-78.541374,-0.403246],[-78.541473,-0.403221],[-78.541518,-0.40321],[-78.541545,-0.403203]]]}},{"type":"Feature","properties":{"objectId":93,"fcode":"PATRIMONIO_93","tde":"EDIFICACIÓN PATRIMONIAL","obs":"DENTRO DEL PREDIO SE ENCUENTRA UNA EDIFICACIÓN PATRIMONIAL QUE DEBERÁ SER TOMADA EN CUENTA PARA CUALQUIER TRÁMITE POSTERIOR","category":"patrimonio","source":"GAD Mejía | patrimonio"},"geometry":{"type":"Polygon","coordinates":[[[-78.584485,-0.520389],[-78.584398,-0.520354],[-78.584355,-0.520464],[-78.584525,-0.520535],[-78.584571,-0.520425],[-78.584485,-0.520389]]]}},{"type":"Feature","properties":{"objectId":94,"fcode":"PATRIMONIO_94","tde":"EDIFICACIÓN PATRIMONIAL","obs":"DENTRO DEL PREDIO SE ENCUENTRA UNA EDIFICACIÓN PATRIMONIAL QUE DEBERÁ SER TOMADA EN CUENTA PARA CUALQUIER TRÁMITE POSTERIOR","category":"patrimonio","source":"GAD Mejía | patrimonio"},"geometry":{"type":"Polygon","coordinates":[[[-78.543119,-0.401844],[-78.543117,-0.401853],[-78.543207,-0.401885],[-78.543228,-0.401829],[-78.543251,-0.401741],[-78.543144,-0.401726],[-78.543119,-0.401844]]]}},{"type":"Feature","properties":{"objectId":95,"fcode":"PATRIMONIO_95","tde":"EDIFICACIÓN PATRIMONIAL","obs":"DENTRO DEL PREDIO SE ENCUENTRA UNA EDIFICACIÓN PATRIMONIAL QUE DEBERÁ SER TOMADA EN CUENTA PARA CUALQUIER TRÁMITE POSTERIOR","category":"patrimonio","source":"GAD Mejía | patrimonio"},"geometry":{"type":"Polygon","coordinates":[[[-78.54556,-0.405026],[-78.5455,-0.405047],[-78.545448,-0.405085],[-78.545446,-0.405112],[-78.545622,-0.405251],[-78.545719,-0.405078],[-78.545728,-0.405038],[-78.545603,-0.405023],[-78.54556,-0.405026]]]}},{"type":"Feature","properties":{"objectId":169,"fcode":"PATRIMONIO_169","tde":"EDIFICACIÓN PATRIMONIAL","obs":"DENTRO DEL PREDIO SE ENCUENTRA UNA EDIFICACIÓN PATRIMONIAL QUE DEBERÁ SER TOMADA EN CUENTA PARA CUALQUIER TRÁMITE POSTERIOR","category":"patrimonio","source":"GAD Mejía | patrimonio"},"geometry":{"type":"Polygon","coordinates":[[[-78.521388,-0.385102],[-78.521455,-0.385025],[-78.52153,-0.384964],[-78.521487,-0.384921],[-78.52136,-0.385073],[-78.521369,-0.385083],[-78.521388,-0.385102]]]}},{"type":"Feature","properties":{"objectId":96,"fcode":"PATRIMONIO_96","tde":"EDIFICACIÓN PATRIMONIAL","obs":"DENTRO DEL PREDIO SE ENCUENTRA UNA EDIFICACIÓN PATRIMONIAL QUE DEBERÁ SER TOMADA EN CUENTA PARA CUALQUIER TRÁMITE POSTERIOR","category":"patrimonio","source":"GAD Mejía | patrimonio"},"geometry":{"type":"Polygon","coordinates":[[[-78.583888,-0.467209],[-78.583964,-0.467223],[-78.583962,-0.467238],[-78.584072,-0.467258],[-78.584071,-0.467275],[-78.584123,-0.467316],[-78.584121,-0.467332],[-78.584249,-0.467357],[-78.584356,-0.467379],[-78.584427,-0.467105],[-78.584237,-0.467062],[-78.583926,-0.466993],[-78.583888,-0.467209]]]}},{"type":"Feature","properties":{"objectId":97,"fcode":"PATRIMONIO_97","tde":"EDIFICACIÓN PATRIMONIAL","obs":"DENTRO DEL PREDIO SE ENCUENTRA UNA EDIFICACIÓN PATRIMONIAL QUE DEBERÁ SER TOMADA EN CUENTA PARA CUALQUIER TRÁMITE POSTERIOR","category":"patrimonio","source":"GAD Mejía | patrimonio"},"geometry":{"type":"Polygon","coordinates":[[[-78.569641,-0.514179],[-78.569709,-0.514206],[-78.56981,-0.513959],[-78.569742,-0.513932],[-78.569691,-0.514055],[-78.569669,-0.514111],[-78.569641,-0.514179]]]}},{"type":"Feature","properties":{"objectId":98,"fcode":"PATRIMONIO_98","tde":"EDIFICACIÓN PATRIMONIAL","obs":"DENTRO DEL PREDIO SE ENCUENTRA UNA EDIFICACIÓN PATRIMONIAL QUE DEBERÁ SER TOMADA EN CUENTA PARA CUALQUIER TRÁMITE POSTERIOR","category":"patrimonio","source":"GAD Mejía | patrimonio"},"geometry":{"type":"Polygon","coordinates":[[[-78.561861,-0.509204],[-78.562196,-0.509377],[-78.562362,-0.509065],[-78.562048,-0.508901],[-78.562048,-0.5089],[-78.562046,-0.508899],[-78.562044,-0.508899],[-78.562043,-0.508898],[-78.562041,-0.508898],[-78.56204,-0.508898],[-78.562038,-0.508898],[-78.562037,-0.508898],[-78.562035,-0.508898],[-78.562034,-0.508898],[-78.562033,-0.508898],[-78.562031,-0.508898],[-78.56203,-0.508899],[-78.56203,-0.508899],[-78.562029,-0.508899],[-78.562027,-0.5089],[-78.562026,-0.508901],[-78.562025,-0.508902],[-78.562024,-0.508902],[-78.562022,-0.508903],[-78.562021,-0.508904],[-78.56202,-0.508905],[-78.562019,-0.508906],[-78.562018,-0.508908],[-78.562017,-0.50891],[-78.562017,-0.50891],[-78.561861,-0.509204]]]}},{"type":"Feature","properties":{"objectId":99,"fcode":"PATRIMONIO_99","tde":"EDIFICACIÓN PATRIMONIAL","obs":"DENTRO DEL PREDIO SE ENCUENTRA UNA EDIFICACIÓN PATRIMONIAL QUE DEBERÁ SER TOMADA EN CUENTA PARA CUALQUIER TRÁMITE POSTERIOR","category":"patrimonio","source":"GAD Mejía | patrimonio"},"geometry":{"type":"Polygon","coordinates":[[[-78.584875,-0.519471],[-78.584768,-0.519426],[-78.584746,-0.519478],[-78.584854,-0.519523],[-78.584875,-0.519471]]]}},{"type":"Feature","properties":{"objectId":100,"fcode":"PATRIMONIO_100","tde":"EDIFICACIÓN PATRIMONIAL","obs":"DENTRO DEL PREDIO SE ENCUENTRA UNA EDIFICACIÓN PATRIMONIAL QUE DEBERÁ SER TOMADA EN CUENTA PARA CUALQUIER TRÁMITE POSTERIOR","category":"patrimonio","source":"GAD Mejía | patrimonio"},"geometry":{"type":"Polygon","coordinates":[[[-78.543585,-0.403366],[-78.543735,-0.403363],[-78.543793,-0.403226],[-78.543611,-0.403156],[-78.543585,-0.403366]]]}},{"type":"Feature","properties":{"objectId":101,"fcode":"PATRIMONIO_101","tde":"EDIFICACIÓN PATRIMONIAL","obs":"DENTRO DEL PREDIO SE ENCUENTRA UNA EDIFICACIÓN PATRIMONIAL QUE DEBERÁ SER TOMADA EN CUENTA PARA CUALQUIER TRÁMITE POSTERIOR","category":"patrimonio","source":"GAD Mejía | patrimonio"},"geometry":{"type":"Polygon","coordinates":[[[-78.585127,-0.518519],[-78.585104,-0.518581],[-78.585188,-0.518615],[-78.585251,-0.518659],[-78.585632,-0.518817],[-78.585621,-0.518852],[-78.585924,-0.518975],[-78.585997,-0.518756],[-78.585307,-0.518562],[-78.585139,-0.518488],[-78.585127,-0.518519]]]}},{"type":"Feature","properties":{"objectId":102,"fcode":"PATRIMONIO_102","tde":"EDIFICACIÓN PATRIMONIAL","obs":"DENTRO DEL PREDIO SE ENCUENTRA UNA EDIFICACIÓN PATRIMONIAL QUE DEBERÁ SER TOMADA EN CUENTA PARA CUALQUIER TRÁMITE POSTERIOR","category":"patrimonio","source":"GAD Mejía | patrimonio"},"geometry":{"type":"Polygon","coordinates":[[[-78.56606,-0.510003],[-78.566062,-0.510005],[-78.566065,-0.510006],[-78.566249,-0.510102],[-78.566249,-0.510102],[-78.566342,-0.51015],[-78.566446,-0.509962],[-78.566152,-0.509808],[-78.566056,-0.509975],[-78.566054,-0.509978],[-78.566053,-0.509981],[-78.566053,-0.509984],[-78.566053,-0.509987],[-78.566053,-0.50999],[-78.566054,-0.509993],[-78.566055,-0.509996],[-78.566056,-0.509997],[-78.566056,-0.509998],[-78.566058,-0.510001],[-78.56606,-0.510003]]]}},{"type":"Feature","properties":{"objectId":107,"fcode":"PATRIMONIO_107","tde":"EDIFICACIÓN PATRIMONIAL","obs":"DENTRO DEL PREDIO SE ENCUENTRA UNA EDIFICACIÓN PATRIMONIAL QUE DEBERÁ SER TOMADA EN CUENTA PARA CUALQUIER TRÁMITE POSTERIOR","category":"patrimonio","source":"GAD Mejía | patrimonio"},"geometry":{"type":"Polygon","coordinates":[[[-78.545204,-0.404476],[-78.545039,-0.404611],[-78.545066,-0.404643],[-78.545326,-0.404429],[-78.545311,-0.404416],[-78.545294,-0.404401],[-78.545204,-0.404476]]]}},{"type":"Feature","properties":{"objectId":108,"fcode":"PATRIMONIO_108","tde":"EDIFICACIÓN PATRIMONIAL","obs":"DENTRO DEL PREDIO SE ENCUENTRA UNA EDIFICACIÓN PATRIMONIAL QUE DEBERÁ SER TOMADA EN CUENTA PARA CUALQUIER TRÁMITE POSTERIOR","category":"patrimonio","source":"GAD Mejía | patrimonio"},"geometry":{"type":"Polygon","coordinates":[[[-78.522633,-0.38605],[-78.52256,-0.3861],[-78.522482,-0.386156],[-78.522528,-0.386217],[-78.522633,-0.386151],[-78.52266,-0.386136],[-78.522687,-0.386124],[-78.522633,-0.38605]]]}},{"type":"Feature","properties":{"objectId":109,"fcode":"PATRIMONIO_109","tde":"EDIFICACIÓN PATRIMONIAL","obs":"DENTRO DEL PREDIO SE ENCUENTRA UNA EDIFICACIÓN PATRIMONIAL QUE DEBERÁ SER TOMADA EN CUENTA PARA CUALQUIER TRÁMITE POSTERIOR","category":"patrimonio","source":"GAD Mejía | patrimonio"},"geometry":{"type":"Polygon","coordinates":[[[-78.58588,-0.468465],[-78.585878,-0.468466],[-78.585876,-0.468467],[-78.585873,-0.468468],[-78.585871,-0.46847],[-78.585869,-0.468472],[-78.585867,-0.468474],[-78.585865,-0.468477],[-78.585864,-0.468479],[-78.585863,-0.468482],[-78.585782,-0.468801],[-78.58607,-0.468846],[-78.58603,-0.469005],[-78.586229,-0.469062],[-78.586362,-0.468593],[-78.586363,-0.46859],[-78.586363,-0.468587],[-78.586363,-0.468584],[-78.586362,-0.468581],[-78.586361,-0.468578],[-78.58636,-0.468576],[-78.586358,-0.468573],[-78.586356,-0.468571],[-78.586354,-0.468569],[-78.586351,-0.468567],[-78.586348,-0.468566],[-78.586346,-0.468565],[-78.58589,-0.468465],[-78.585887,-0.468465],[-78.585885,-0.468465],[-78.585884,-0.468465],[-78.585881,-0.468465],[-78.58588,-0.468465]]]}},{"type":"Feature","properties":{"objectId":110,"fcode":"PATRIMONIO_110","tde":"EDIFICACIÓN PATRIMONIAL","obs":"DENTRO DEL PREDIO SE ENCUENTRA UNA EDIFICACIÓN PATRIMONIAL QUE DEBERÁ SER TOMADA EN CUENTA PARA CUALQUIER TRÁMITE POSTERIOR","category":"patrimonio","source":"GAD Mejía | patrimonio"},"geometry":{"type":"Polygon","coordinates":[[[-78.584854,-0.519523],[-78.584746,-0.519478],[-78.584724,-0.519529],[-78.584832,-0.519575],[-78.584854,-0.519523]]]}},{"type":"Feature","properties":{"objectId":111,"fcode":"PATRIMONIO_111","tde":"EDIFICACIÓN PATRIMONIAL","obs":"DENTRO DEL PREDIO SE ENCUENTRA UNA EDIFICACIÓN PATRIMONIAL QUE DEBERÁ SER TOMADA EN CUENTA PARA CUALQUIER TRÁMITE POSTERIOR","category":"patrimonio","source":"GAD Mejía | patrimonio"},"geometry":{"type":"Polygon","coordinates":[[[-78.587048,-0.468717],[-78.586976,-0.468702],[-78.586973,-0.468701],[-78.586971,-0.468701],[-78.586968,-0.468701],[-78.586965,-0.468702],[-78.586962,-0.468703],[-78.58696,-0.468704],[-78.586958,-0.468706],[-78.586956,-0.468708],[-78.586954,-0.46871],[-78.586952,-0.468712],[-78.586951,-0.468715],[-78.58695,-0.468718],[-78.586863,-0.46902],[-78.586947,-0.469036],[-78.586969,-0.468959],[-78.586997,-0.468865],[-78.587011,-0.468869],[-78.587026,-0.468812],[-78.587048,-0.468717]]]}},{"type":"Feature","properties":{"objectId":112,"fcode":"PATRIMONIO_112","tde":"EDIFICACIÓN PATRIMONIAL","obs":"DENTRO DEL PREDIO SE ENCUENTRA UNA EDIFICACIÓN PATRIMONIAL QUE DEBERÁ SER TOMADA EN CUENTA PARA CUALQUIER TRÁMITE POSTERIOR","category":"patrimonio","source":"GAD Mejía | patrimonio"},"geometry":{"type":"Polygon","coordinates":[[[-78.554615,-0.525802],[-78.55448,-0.52573],[-78.55444,-0.525814],[-78.554576,-0.525883],[-78.554615,-0.525802]]]}},{"type":"Feature","properties":{"objectId":113,"fcode":"PATRIMONIO_113","tde":"EDIFICACIÓN PATRIMONIAL","obs":"DENTRO DEL PREDIO SE ENCUENTRA UNA EDIFICACIÓN PATRIMONIAL QUE DEBERÁ SER TOMADA EN CUENTA PARA CUALQUIER TRÁMITE POSTERIOR","category":"patrimonio","source":"GAD Mejía | patrimonio"},"geometry":{"type":"Polygon","coordinates":[[[-78.584768,-0.519426],[-78.584875,-0.519471],[-78.584898,-0.519419],[-78.58481,-0.519382],[-78.584807,-0.519381],[-78.584805,-0.519381],[-78.584802,-0.519381],[-78.584799,-0.519381],[-78.584796,-0.519381],[-78.584793,-0.519382],[-78.584791,-0.519384],[-78.584788,-0.519385],[-78.584786,-0.519387],[-78.584784,-0.519389],[-78.584782,-0.519392],[-78.584781,-0.519394],[-78.584768,-0.519426]]]}},{"type":"Feature","properties":{"objectId":114,"fcode":"PATRIMONIO_114","tde":"EDIFICACIÓN PATRIMONIAL","obs":"DENTRO DEL PREDIO SE ENCUENTRA UNA EDIFICACIÓN PATRIMONIAL QUE DEBERÁ SER TOMADA EN CUENTA PARA CUALQUIER TRÁMITE POSTERIOR","category":"patrimonio","source":"GAD Mejía | patrimonio"},"geometry":{"type":"Polygon","coordinates":[[[-78.584479,-0.52015],[-78.584478,-0.520152],[-78.584478,-0.520155],[-78.584477,-0.520158],[-78.584478,-0.52016],[-78.584478,-0.520163],[-78.584479,-0.520166],[-78.58448,-0.520168],[-78.584482,-0.520171],[-78.584483,-0.520173],[-78.584485,-0.520175],[-78.584488,-0.520176],[-78.58449,-0.520178],[-78.584499,-0.520182],[-78.584525,-0.520199],[-78.584554,-0.520213],[-78.584552,-0.520218],[-78.584638,-0.520251],[-78.584641,-0.520243],[-78.584643,-0.520244],[-78.584785,-0.520296],[-78.584785,-0.520296],[-78.58499,-0.520376],[-78.585075,-0.520147],[-78.585036,-0.520129],[-78.585031,-0.520141],[-78.584832,-0.520054],[-78.584827,-0.520064],[-78.584698,-0.520016],[-78.584695,-0.520024],[-78.584549,-0.519968],[-78.584524,-0.520033],[-78.584479,-0.520149],[-78.584479,-0.52015]]]}},{"type":"Feature","properties":{"objectId":157,"fcode":"PATRIMONIO_157","tde":"EDIFICACIÓN PATRIMONIAL","obs":"DENTRO DEL PREDIO SE ENCUENTRA UNA EDIFICACIÓN PATRIMONIAL QUE DEBERÁ SER TOMADA EN CUENTA PARA CUALQUIER TRÁMITE POSTERIOR","category":"patrimonio","source":"GAD Mejía | patrimonio"},"geometry":{"type":"Polygon","coordinates":[[[-78.534052,-0.400373],[-78.534131,-0.400298],[-78.534153,-0.400318],[-78.534254,-0.400221],[-78.534438,-0.400174],[-78.534358,-0.400136],[-78.534285,-0.400105],[-78.534216,-0.400076],[-78.534075,-0.40003],[-78.533989,-0.400005],[-78.53375,-0.399935],[-78.533708,-0.399967],[-78.534052,-0.400373]]]}},{"type":"Feature","properties":{"objectId":115,"fcode":"PATRIMONIO_115","tde":"EDIFICACIÓN PATRIMONIAL","obs":"DENTRO DEL PREDIO SE ENCUENTRA UNA EDIFICACIÓN PATRIMONIAL QUE DEBERÁ SER TOMADA EN CUENTA PARA CUALQUIER TRÁMITE POSTERIOR","category":"patrimonio","source":"GAD Mejía | patrimonio"},"geometry":{"type":"Polygon","coordinates":[[[-78.523973,-0.38933],[-78.524288,-0.389751],[-78.524289,-0.389751],[-78.524732,-0.390348],[-78.524776,-0.390407],[-78.524954,-0.390287],[-78.525169,-0.390141],[-78.525109,-0.390019],[-78.525076,-0.38993],[-78.525053,-0.389868],[-78.525026,-0.389812],[-78.524969,-0.389712],[-78.52463,-0.38923],[-78.524493,-0.389044],[-78.524492,-0.389042],[-78.52449,-0.38904],[-78.524488,-0.389039],[-78.524485,-0.389037],[-78.524483,-0.389036],[-78.52448,-0.389035],[-78.524478,-0.389035],[-78.524475,-0.389035],[-78.524472,-0.389035],[-78.52447,-0.389036],[-78.524467,-0.389036],[-78.524465,-0.389037],[-78.523981,-0.389296],[-78.523978,-0.389298],[-78.523976,-0.3893],[-78.523974,-0.389303],[-78.523972,-0.389305],[-78.52397,-0.389308],[-78.52397,-0.389311],[-78.523969,-0.389315],[-78.523969,-0.389318],[-78.523969,-0.389321],[-78.52397,-0.389324],[-78.523972,-0.389327],[-78.523973,-0.38933]]]}},{"type":"Feature","properties":{"objectId":116,"fcode":"PATRIMONIO_116","tde":"EDIFICACIÓN PATRIMONIAL","obs":"DENTRO DEL PREDIO SE ENCUENTRA UNA EDIFICACIÓN PATRIMONIAL QUE DEBERÁ SER TOMADA EN CUENTA PARA CUALQUIER TRÁMITE POSTERIOR","category":"patrimonio","source":"GAD Mejía | patrimonio"},"geometry":{"type":"Polygon","coordinates":[[[-78.522196,-0.385895],[-78.522041,-0.385993],[-78.521928,-0.386059],[-78.521979,-0.386132],[-78.522095,-0.38608],[-78.522247,-0.385998],[-78.522253,-0.385974],[-78.522196,-0.385895]]]}},{"type":"Feature","properties":{"objectId":117,"fcode":"PATRIMONIO_117","tde":"EDIFICACIÓN PATRIMONIAL","obs":"DENTRO DEL PREDIO SE ENCUENTRA UNA EDIFICACIÓN PATRIMONIAL QUE DEBERÁ SER TOMADA EN CUENTA PARA CUALQUIER TRÁMITE POSTERIOR","category":"patrimonio","source":"GAD Mejía | patrimonio"},"geometry":{"type":"Polygon","coordinates":[[[-78.522784,-0.386345],[-78.522679,-0.386426],[-78.52273,-0.386494],[-78.522731,-0.386496],[-78.522733,-0.386498],[-78.522735,-0.3865],[-78.522738,-0.386501],[-78.52274,-0.386502],[-78.522743,-0.386503],[-78.522745,-0.386503],[-78.522748,-0.386504],[-78.52275,-0.386503],[-78.522753,-0.386503],[-78.522755,-0.386502],[-78.522758,-0.386501],[-78.52286,-0.386449],[-78.522784,-0.386345]]]}},{"type":"Feature","properties":{"objectId":118,"fcode":"PATRIMONIO_118","tde":"EDIFICACIÓN PATRIMONIAL","obs":"DENTRO DEL PREDIO SE ENCUENTRA UNA EDIFICACIÓN PATRIMONIAL QUE DEBERÁ SER TOMADA EN CUENTA PARA CUALQUIER TRÁMITE POSTERIOR","category":"patrimonio","source":"GAD Mejía | patrimonio"},"geometry":{"type":"Polygon","coordinates":[[[-78.544152,-0.403052],[-78.544189,-0.403105],[-78.544183,-0.403109],[-78.544277,-0.403242],[-78.544344,-0.403186],[-78.544463,-0.403108],[-78.544432,-0.403042],[-78.544431,-0.403042],[-78.544412,-0.403017],[-78.544399,-0.403025],[-78.544327,-0.403069],[-78.54426,-0.402978],[-78.544152,-0.403052]]]}},{"type":"Feature","properties":{"objectId":119,"fcode":"PATRIMONIO_119","tde":"EDIFICACIÓN PATRIMONIAL","obs":"DENTRO DEL PREDIO SE ENCUENTRA UNA EDIFICACIÓN PATRIMONIAL QUE DEBERÁ SER TOMADA EN CUENTA PARA CUALQUIER TRÁMITE POSTERIOR","category":"patrimonio","source":"GAD Mejía | patrimonio"},"geometry":{"type":"Polygon","coordinates":[[[-78.522482,-0.386156],[-78.52256,-0.3861],[-78.522633,-0.38605],[-78.522598,-0.386001],[-78.522589,-0.385987],[-78.522511,-0.386041],[-78.522432,-0.386088],[-78.522482,-0.386156]]]}},{"type":"Feature","properties":{"objectId":120,"fcode":"PATRIMONIO_120","tde":"EDIFICACIÓN PATRIMONIAL","obs":"DENTRO DEL PREDIO SE ENCUENTRA UNA EDIFICACIÓN PATRIMONIAL QUE DEBERÁ SER TOMADA EN CUENTA PARA CUALQUIER TRÁMITE POSTERIOR","category":"patrimonio","source":"GAD Mejía | patrimonio"},"geometry":{"type":"Polygon","coordinates":[[[-78.584595,-0.517896],[-78.58462,-0.517907],[-78.584546,-0.51807],[-78.584437,-0.518027],[-78.584374,-0.518196],[-78.584373,-0.518199],[-78.584372,-0.518202],[-78.584372,-0.518205],[-78.584373,-0.518208],[-78.584373,-0.518211],[-78.584374,-0.518214],[-78.584376,-0.518216],[-78.584377,-0.518219],[-78.58438,-0.518221],[-78.584382,-0.518223],[-78.584384,-0.518224],[-78.584387,-0.518225],[-78.584749,-0.518361],[-78.584775,-0.518285],[-78.584802,-0.518193],[-78.584822,-0.518144],[-78.584814,-0.518142],[-78.584829,-0.518105],[-78.584834,-0.518107],[-78.584968,-0.517764],[-78.584693,-0.517643],[-78.584635,-0.517793],[-78.584595,-0.517896]]]}},{"type":"Feature","properties":{"objectId":121,"fcode":"PATRIMONIO_121","tde":"EDIFICACIÓN PATRIMONIAL","obs":"DENTRO DEL PREDIO SE ENCUENTRA UNA EDIFICACIÓN PATRIMONIAL QUE DEBERÁ SER TOMADA EN CUENTA PARA CUALQUIER TRÁMITE POSTERIOR","category":"patrimonio","source":"GAD Mejía | patrimonio"},"geometry":{"type":"Polygon","coordinates":[[[-78.523258,-0.38705],[-78.523182,-0.387088],[-78.523179,-0.38709],[-78.523176,-0.387092],[-78.523174,-0.387095],[-78.523172,-0.387097],[-78.523171,-0.3871],[-78.52317,-0.387103],[-78.523169,-0.387107],[-78.523169,-0.38711],[-78.52317,-0.387113],[-78.523171,-0.387116],[-78.523171,-0.387116],[-78.523172,-0.387119],[-78.523174,-0.387122],[-78.523233,-0.387202],[-78.523245,-0.387196],[-78.523379,-0.387379],[-78.52364,-0.387237],[-78.523583,-0.387159],[-78.523541,-0.387085],[-78.523496,-0.387007],[-78.523496,-0.387007],[-78.523469,-0.386955],[-78.523264,-0.387059],[-78.523258,-0.38705]]]}},{"type":"Feature","properties":{"objectId":122,"fcode":"PATRIMONIO_122","tde":"EDIFICACIÓN PATRIMONIAL","obs":"DENTRO DEL PREDIO SE ENCUENTRA UNA EDIFICACIÓN PATRIMONIAL QUE DEBERÁ SER TOMADA EN CUENTA PARA CUALQUIER TRÁMITE POSTERIOR","category":"patrimonio","source":"GAD Mejía | patrimonio"},"geometry":{"type":"Polygon","coordinates":[[[-78.578917,-0.448159],[-78.578964,-0.44912],[-78.579188,-0.449916],[-78.579288,-0.450726],[-78.579311,-0.451367],[-78.579358,-0.453112],[-78.579394,-0.454467],[-78.579504,-0.454449],[-78.580064,-0.454354],[-78.580244,-0.454327],[-78.580299,-0.454313],[-78.580423,-0.45427],[-78.580472,-0.454246],[-78.580517,-0.454228],[-78.580552,-0.454212],[-78.580598,-0.454202],[-78.580668,-0.454198],[-78.580747,-0.454216],[-78.58086,-0.454251],[-78.580945,-0.454298],[-78.58104,-0.454343],[-78.581117,-0.454393],[-78.581152,-0.454411],[-78.581174,-0.454418],[-78.581184,-0.454419],[-78.58119,-0.454419],[-78.581193,-0.454419],[-78.581199,-0.454418],[-78.581253,-0.454391],[-78.581327,-0.454334],[-78.581418,-0.454257],[-78.581459,-0.454216],[-78.581479,-0.454188],[-78.581482,-0.454184],[-78.581484,-0.454177],[-78.581484,-0.454175],[-78.581484,-0.45417],[-78.581483,-0.454157],[-78.581481,-0.454152],[-78.581416,-0.454073],[-78.581282,-0.453926],[-78.581189,-0.453832],[-78.581139,-0.453786],[-78.58104,-0.453724],[-78.581006,-0.453699],[-78.58097,-0.45366],[-78.580915,-0.45349],[-78.580979,-0.453469],[-78.581047,-0.453475],[-78.581091,-0.45348],[-78.581117,-0.45349],[-78.581703,-0.453692],[-78.581905,-0.453756],[-78.582082,-0.453799],[-78.582237,-0.453838],[-78.582294,-0.453852],[-78.58237,-0.453858],[-78.582416,-0.453856],[-78.582461,-0.453841],[-78.58251,-0.453823],[-78.582559,-0.453795],[-78.582582,-0.45378],[-78.582629,-0.453769],[-78.582692,-0.453754],[-78.582802,-0.45376],[-78.582919,-0.453772],[-78.582994,-0.453802],[-78.583123,-0.453865],[-78.583147,-0.453882],[-78.58319,-0.453931],[-78.583223,-0.453972],[-78.583279,-0.454072],[-78.583358,-0.454249],[-78.583608,-0.45422],[-78.583643,-0.454208],[-78.58367,-0.454196],[-78.583758,-0.454155],[-78.583791,-0.454132],[-78.583819,-0.454099],[-78.583836,-0.454042],[-78.583859,-0.453956],[-78.583901,-0.453861],[-78.583917,-0.453845],[-78.583965,-0.453815],[-78.584016,-0.453798],[-78.584057,-0.45379],[-78.584141,-0.45376],[-78.584306,-0.453654],[-78.584414,-0.453567],[-78.584591,-0.453443],[-78.584733,-0.453375],[-78.584754,-0.453361],[-78.584857,-0.4533],[-78.584896,-0.453284],[-78.584962,-0.45324],[-78.584998,-0.453191],[-78.585013,-0.453171],[-78.585099,-0.453053],[-78.585131,-0.453016],[-78.585191,-0.452975],[-78.585245,-0.45291],[-78.585522,-0.452532],[-78.585634,-0.452432],[-78.585755,-0.45236],[-78.585874,-0.452256],[-78.586094,-0.45197],[-78.586201,-0.45187],[-78.586199,-0.451867],[-78.586058,-0.45175],[-78.586031,-0.451726],[-78.585986,-0.451699],[-78.584921,-0.451169],[-78.584572,-0.451005],[-78.584467,-0.450956],[-78.584304,-0.45086],[-78.584145,-0.450746],[-78.583985,-0.450604],[-78.583879,-0.450497],[-78.583716,-0.450318],[-78.58361,-0.450149],[-78.5835,-0.449921],[-78.583474,-0.449855],[-78.583458,-0.449809],[-78.583443,-0.449771],[-78.583443,-0.449771],[-78.583379,-0.449517],[-78.583357,-0.449326],[-78.583343,-0.4492],[-78.583334,-0.448767],[-78.58333,-0.448521],[-78.583327,-0.448337],[-78.583323,-0.448158],[-78.583322,-0.448068],[-78.5823,-0.44805],[-78.581542,-0.448137],[-78.58043,-0.448211],[-78.579707,-0.448177],[-78.57913,-0.448169],[-78.578917,-0.448159]]]}},{"type":"Feature","properties":{"objectId":123,"fcode":"PATRIMONIO_123","tde":"EDIFICACIÓN PATRIMONIAL","obs":"DENTRO DEL PREDIO SE ENCUENTRA UNA EDIFICACIÓN PATRIMONIAL QUE DEBERÁ SER TOMADA EN CUENTA PARA CUALQUIER TRÁMITE POSTERIOR","category":"patrimonio","source":"GAD Mejía | patrimonio"},"geometry":{"type":"Polygon","coordinates":[[[-78.585669,-0.469249],[-78.585733,-0.469267],[-78.585736,-0.469255],[-78.585749,-0.469207],[-78.585684,-0.46919],[-78.585669,-0.469249]]]}},{"type":"Feature","properties":{"objectId":124,"fcode":"PATRIMONIO_124","tde":"EDIFICACIÓN PATRIMONIAL","obs":"DENTRO DEL PREDIO SE ENCUENTRA UNA EDIFICACIÓN PATRIMONIAL QUE DEBERÁ SER TOMADA EN CUENTA PARA CUALQUIER TRÁMITE POSTERIOR","category":"patrimonio","source":"GAD Mejía | patrimonio"},"geometry":{"type":"Polygon","coordinates":[[[-78.523065,-0.386946],[-78.523122,-0.387024],[-78.523124,-0.387026],[-78.523125,-0.387028],[-78.523128,-0.387029],[-78.52313,-0.387031],[-78.523132,-0.387032],[-78.523135,-0.387032],[-78.523137,-0.387033],[-78.52314,-0.387033],[-78.523143,-0.387033],[-78.523145,-0.387032],[-78.523148,-0.387032],[-78.52315,-0.387031],[-78.5234,-0.386904],[-78.523333,-0.386809],[-78.523065,-0.386946]]]}},{"type":"Feature","properties":{"objectId":149,"fcode":"PATRIMONIO_149","tde":"EDIFICACIÓN PATRIMONIAL","obs":"DENTRO DEL PREDIO SE ENCUENTRA UNA EDIFICACIÓN PATRIMONIAL QUE DEBERÁ SER TOMADA EN CUENTA PARA CUALQUIER TRÁMITE POSTERIOR","category":"patrimonio","source":"GAD Mejía | patrimonio"},"geometry":{"type":"Polygon","coordinates":[[[-78.523339,-0.387461],[-78.523078,-0.38762],[-78.523088,-0.387638],[-78.522848,-0.387796],[-78.522926,-0.387903],[-78.522927,-0.387905],[-78.522929,-0.387907],[-78.522931,-0.387909],[-78.522934,-0.38791],[-78.522936,-0.387911],[-78.522939,-0.387912],[-78.522941,-0.387912],[-78.522944,-0.387912],[-78.522947,-0.387912],[-78.522949,-0.387912],[-78.522952,-0.387911],[-78.522954,-0.38791],[-78.523188,-0.387784],[-78.523112,-0.387668],[-78.523219,-0.387606],[-78.523242,-0.38764],[-78.523392,-0.387532],[-78.523376,-0.38751],[-78.523383,-0.387505],[-78.523347,-0.387456],[-78.523339,-0.387461]]]}},{"type":"Feature","properties":{"objectId":125,"fcode":"PATRIMONIO_125","tde":"EDIFICACIÓN PATRIMONIAL","obs":"DENTRO DEL PREDIO SE ENCUENTRA UNA EDIFICACIÓN PATRIMONIAL QUE DEBERÁ SER TOMADA EN CUENTA PARA CUALQUIER TRÁMITE POSTERIOR","category":"patrimonio","source":"GAD Mejía | patrimonio"},"geometry":{"type":"Polygon","coordinates":[[[-78.583656,-0.467896],[-78.583748,-0.467498],[-78.583736,-0.467471],[-78.58331,-0.467386],[-78.583308,-0.467385],[-78.583306,-0.467385],[-78.583303,-0.467386],[-78.583301,-0.467386],[-78.583299,-0.467387],[-78.583297,-0.467388],[-78.583295,-0.46739],[-78.583293,-0.467391],[-78.583292,-0.467393],[-78.583291,-0.467395],[-78.58329,-0.467397],[-78.583289,-0.4674],[-78.583206,-0.467792],[-78.583206,-0.467795],[-78.583206,-0.467798],[-78.583207,-0.467801],[-78.583208,-0.467804],[-78.583209,-0.467806],[-78.583211,-0.467809],[-78.583213,-0.467811],[-78.583215,-0.467813],[-78.583218,-0.467814],[-78.58322,-0.467815],[-78.583223,-0.467816],[-78.583635,-0.467909],[-78.583637,-0.46791],[-78.583639,-0.46791],[-78.583642,-0.46791],[-78.583644,-0.467909],[-78.583646,-0.467908],[-78.583648,-0.467907],[-78.58365,-0.467906],[-78.583652,-0.467904],[-78.583653,-0.467902],[-78.583654,-0.4679],[-78.583655,-0.467898],[-78.583656,-0.467896]]]}},{"type":"Feature","properties":{"objectId":126,"fcode":"PATRIMONIO_126","tde":"EDIFICACIÓN PATRIMONIAL","obs":"DENTRO DEL PREDIO SE ENCUENTRA UNA EDIFICACIÓN PATRIMONIAL QUE DEBERÁ SER TOMADA EN CUENTA PARA CUALQUIER TRÁMITE POSTERIOR","category":"patrimonio","source":"GAD Mejía | patrimonio"},"geometry":{"type":"Polygon","coordinates":[[[-78.566987,-0.511508],[-78.567147,-0.511599],[-78.567175,-0.511552],[-78.567032,-0.511474],[-78.567029,-0.511473],[-78.567026,-0.511472],[-78.567024,-0.511472],[-78.567021,-0.511471],[-78.567018,-0.511472],[-78.567015,-0.511472],[-78.567012,-0.511473],[-78.56701,-0.511475],[-78.567009,-0.511475],[-78.567007,-0.511476],[-78.567005,-0.511478],[-78.567003,-0.51148],[-78.567002,-0.511483],[-78.566987,-0.511508]]]}},{"type":"Feature","properties":{"objectId":127,"fcode":"PATRIMONIO_127","tde":"EDIFICACIÓN PATRIMONIAL","obs":"DENTRO DEL PREDIO SE ENCUENTRA UNA EDIFICACIÓN PATRIMONIAL QUE DEBERÁ SER TOMADA EN CUENTA PARA CUALQUIER TRÁMITE POSTERIOR","category":"patrimonio","source":"GAD Mejía | patrimonio"},"geometry":{"type":"Polygon","coordinates":[[[-78.56356,-0.510764],[-78.563473,-0.510926],[-78.563442,-0.510985],[-78.56355,-0.511041],[-78.563662,-0.511099],[-78.5637,-0.511118],[-78.563704,-0.51111],[-78.563714,-0.51109],[-78.563725,-0.51107],[-78.563725,-0.51107],[-78.563768,-0.511093],[-78.563934,-0.510792],[-78.56363,-0.510633],[-78.56356,-0.510764]]]}},{"type":"Feature","properties":{"objectId":128,"fcode":"PATRIMONIO_128","tde":"EDIFICACIÓN PATRIMONIAL","obs":"DENTRO DEL PREDIO SE ENCUENTRA UNA EDIFICACIÓN PATRIMONIAL QUE DEBERÁ SER TOMADA EN CUENTA PARA CUALQUIER TRÁMITE POSTERIOR","category":"patrimonio","source":"GAD Mejía | patrimonio"},"geometry":{"type":"Polygon","coordinates":[[[-78.564353,-0.512918],[-78.564607,-0.513044],[-78.564671,-0.512928],[-78.564428,-0.512796],[-78.564425,-0.512795],[-78.564423,-0.512795],[-78.56442,-0.512795],[-78.564417,-0.512795],[-78.564414,-0.512796],[-78.564411,-0.512797],[-78.564409,-0.512798],[-78.564406,-0.5128],[-78.564404,-0.512802],[-78.564402,-0.512804],[-78.564402,-0.512804],[-78.564401,-0.512806],[-78.564341,-0.512911],[-78.564353,-0.512918]]]}},{"type":"Feature","properties":{"objectId":129,"fcode":"PATRIMONIO_129","tde":"EDIFICACIÓN PATRIMONIAL","obs":"DENTRO DEL PREDIO SE ENCUENTRA UNA EDIFICACIÓN PATRIMONIAL QUE DEBERÁ SER TOMADA EN CUENTA PARA CUALQUIER TRÁMITE POSTERIOR","category":"patrimonio","source":"GAD Mejía | patrimonio"},"geometry":{"type":"Polygon","coordinates":[[[-78.522485,-0.385002],[-78.522645,-0.384915],[-78.52264,-0.384911],[-78.522603,-0.384851],[-78.522495,-0.384909],[-78.522488,-0.384899],[-78.522436,-0.384932],[-78.522485,-0.385002]]]}},{"type":"Feature","properties":{"objectId":130,"fcode":"PATRIMONIO_130","tde":"EDIFICACIÓN PATRIMONIAL","obs":"DENTRO DEL PREDIO SE ENCUENTRA UNA EDIFICACIÓN PATRIMONIAL QUE DEBERÁ SER TOMADA EN CUENTA PARA CUALQUIER TRÁMITE POSTERIOR","category":"patrimonio","source":"GAD Mejía | patrimonio"},"geometry":{"type":"Polygon","coordinates":[[[-78.522266,-0.385308],[-78.522342,-0.385444],[-78.522342,-0.385445],[-78.522411,-0.385542],[-78.522442,-0.385586],[-78.522519,-0.385696],[-78.522596,-0.38582],[-78.522745,-0.385746],[-78.522682,-0.385645],[-78.522616,-0.38554],[-78.522546,-0.38543],[-78.522495,-0.385348],[-78.522438,-0.385372],[-78.52237,-0.385253],[-78.522266,-0.385308]]]}},{"type":"Feature","properties":{"objectId":131,"fcode":"PATRIMONIO_131","tde":"EDIFICACIÓN PATRIMONIAL","obs":"DENTRO DEL PREDIO SE ENCUENTRA UNA EDIFICACIÓN PATRIMONIAL QUE DEBERÁ SER TOMADA EN CUENTA PARA CUALQUIER TRÁMITE POSTERIOR","category":"patrimonio","source":"GAD Mejía | patrimonio"},"geometry":{"type":"Polygon","coordinates":[[[-78.565646,-0.51278],[-78.565609,-0.512841],[-78.565591,-0.51287],[-78.565562,-0.512917],[-78.565334,-0.512798],[-78.565165,-0.513089],[-78.565164,-0.513092],[-78.565163,-0.513095],[-78.565163,-0.513098],[-78.565163,-0.5131],[-78.565163,-0.513101],[-78.565164,-0.513104],[-78.565165,-0.513107],[-78.565166,-0.51311],[-78.565168,-0.513112],[-78.56517,-0.513114],[-78.565173,-0.513116],[-78.565176,-0.513118],[-78.565431,-0.513252],[-78.565603,-0.512944],[-78.565647,-0.512972],[-78.565685,-0.512901],[-78.565759,-0.512941],[-78.565803,-0.512859],[-78.565867,-0.512894],[-78.565966,-0.512708],[-78.56576,-0.512594],[-78.565706,-0.512695],[-78.565646,-0.51278]]]}},{"type":"Feature","properties":{"objectId":132,"fcode":"PATRIMONIO_132","tde":"EDIFICACIÓN PATRIMONIAL","obs":"DENTRO DEL PREDIO SE ENCUENTRA UNA EDIFICACIÓN PATRIMONIAL QUE DEBERÁ SER TOMADA EN CUENTA PARA CUALQUIER TRÁMITE POSTERIOR","category":"patrimonio","source":"GAD Mejía | patrimonio"},"geometry":{"type":"Polygon","coordinates":[[[-78.554047,-0.526477],[-78.554111,-0.526337],[-78.554111,-0.526336],[-78.554136,-0.52628],[-78.553954,-0.526188],[-78.55386,-0.526381],[-78.554047,-0.526477]]]}},{"type":"Feature","properties":{"objectId":133,"fcode":"PATRIMONIO_133","tde":"EDIFICACIÓN PATRIMONIAL","obs":"DENTRO DEL PREDIO SE ENCUENTRA UNA EDIFICACIÓN PATRIMONIAL QUE DEBERÁ SER TOMADA EN CUENTA PARA CUALQUIER TRÁMITE POSTERIOR","category":"patrimonio","source":"GAD Mejía | patrimonio"},"geometry":{"type":"Polygon","coordinates":[[[-78.586708,-0.467952],[-78.586685,-0.468018],[-78.586682,-0.468026],[-78.58668,-0.468033],[-78.586793,-0.468064],[-78.586796,-0.468054],[-78.586798,-0.468045],[-78.58682,-0.46805],[-78.586847,-0.467967],[-78.586894,-0.467823],[-78.586765,-0.467795],[-78.586708,-0.467952]]]}},{"type":"Feature","properties":{"objectId":134,"fcode":"PATRIMONIO_134","tde":"EDIFICACIÓN PATRIMONIAL","obs":"DENTRO DEL PREDIO SE ENCUENTRA UNA EDIFICACIÓN PATRIMONIAL QUE DEBERÁ SER TOMADA EN CUENTA PARA CUALQUIER TRÁMITE POSTERIOR","category":"patrimonio","source":"GAD Mejía | patrimonio"},"geometry":{"type":"Polygon","coordinates":[[[-78.562455,-0.509114],[-78.562362,-0.509065],[-78.562196,-0.509377],[-78.562192,-0.509385],[-78.562292,-0.509436],[-78.562455,-0.509114]]]}},{"type":"Feature","properties":{"objectId":135,"fcode":"PATRIMONIO_135","tde":"EDIFICACIÓN PATRIMONIAL","obs":"DENTRO DEL PREDIO SE ENCUENTRA UNA EDIFICACIÓN PATRIMONIAL QUE DEBERÁ SER TOMADA EN CUENTA PARA CUALQUIER TRÁMITE POSTERIOR","category":"patrimonio","source":"GAD Mejía | patrimonio"},"geometry":{"type":"Polygon","coordinates":[[[-78.520474,-0.38383],[-78.520531,-0.383923],[-78.520695,-0.383824],[-78.520631,-0.383735],[-78.52061,-0.383732],[-78.520494,-0.383799],[-78.520498,-0.383804],[-78.520502,-0.383812],[-78.520474,-0.38383]]]}},{"type":"Feature","properties":{"objectId":136,"fcode":"PATRIMONIO_136","tde":"EDIFICACIÓN PATRIMONIAL","obs":"DENTRO DEL PREDIO SE ENCUENTRA UNA EDIFICACIÓN PATRIMONIAL QUE DEBERÁ SER TOMADA EN CUENTA PARA CUALQUIER TRÁMITE POSTERIOR","category":"patrimonio","source":"GAD Mejía | patrimonio"},"geometry":{"type":"Polygon","coordinates":[[[-78.585736,-0.469255],[-78.585733,-0.469267],[-78.585669,-0.469249],[-78.585645,-0.469341],[-78.585807,-0.469384],[-78.585831,-0.469279],[-78.585736,-0.469255]]]}},{"type":"Feature","properties":{"objectId":137,"fcode":"PATRIMONIO_137","tde":"EDIFICACIÓN PATRIMONIAL","obs":"DENTRO DEL PREDIO SE ENCUENTRA UNA EDIFICACIÓN PATRIMONIAL QUE DEBERÁ SER TOMADA EN CUENTA PARA CUALQUIER TRÁMITE POSTERIOR","category":"patrimonio","source":"GAD Mejía | patrimonio"},"geometry":{"type":"Polygon","coordinates":[[[-78.571774,-0.496268],[-78.571918,-0.496908],[-78.572034,-0.497122],[-78.572021,-0.497227],[-78.572018,-0.497252],[-78.572059,-0.497496],[-78.572066,-0.497502],[-78.572072,-0.497512],[-78.572073,-0.497522],[-78.573113,-0.497334],[-78.573456,-0.497273],[-78.573619,-0.497245],[-78.573613,-0.497227],[-78.573196,-0.495966],[-78.571774,-0.496268]]]}},{"type":"Feature","properties":{"objectId":138,"fcode":"PATRIMONIO_138","tde":"EDIFICACIÓN PATRIMONIAL","obs":"DENTRO DEL PREDIO SE ENCUENTRA UNA EDIFICACIÓN PATRIMONIAL QUE DEBERÁ SER TOMADA EN CUENTA PARA CUALQUIER TRÁMITE POSTERIOR","category":"patrimonio","source":"GAD Mejía | patrimonio"},"geometry":{"type":"Polygon","coordinates":[[[-78.584977,-0.468672],[-78.584954,-0.468753],[-78.58511,-0.468786],[-78.585113,-0.468787],[-78.585115,-0.468787],[-78.585115,-0.468787],[-78.585118,-0.468786],[-78.585121,-0.468786],[-78.585123,-0.468785],[-78.585126,-0.468784],[-78.585128,-0.468782],[-78.58513,-0.46878],[-78.585132,-0.468778],[-78.585134,-0.468776],[-78.585135,-0.468773],[-78.585136,-0.468771],[-78.585172,-0.46865],[-78.584994,-0.468612],[-78.584977,-0.468672]]]}},{"type":"Feature","properties":{"objectId":168,"fcode":"PATRIMONIO_168","tde":"EDIFICACIÓN PATRIMONIAL","obs":"DENTRO DEL PREDIO SE ENCUENTRA UNA EDIFICACIÓN PATRIMONIAL QUE DEBERÁ SER TOMADA EN CUENTA PARA CUALQUIER TRÁMITE POSTERIOR","category":"patrimonio","source":"GAD Mejía | patrimonio"},"geometry":{"type":"Polygon","coordinates":[[[-78.564953,-0.510284],[-78.564952,-0.510287],[-78.564951,-0.51029],[-78.56495,-0.510293],[-78.56495,-0.510296],[-78.56495,-0.510299],[-78.564951,-0.510302],[-78.564952,-0.510305],[-78.564952,-0.510305],[-78.564953,-0.510308],[-78.564954,-0.510309],[-78.564955,-0.51031],[-78.564957,-0.510312],[-78.564959,-0.510314],[-78.564962,-0.510316],[-78.565025,-0.510349],[-78.565123,-0.51018],[-78.565039,-0.510137],[-78.564953,-0.510284]]]}},{"type":"Feature","properties":{"objectId":144,"fcode":"PATRIMONIO_144","tde":"EDIFICACIÓN PATRIMONIAL","obs":"DENTRO DEL PREDIO SE ENCUENTRA UNA EDIFICACIÓN PATRIMONIAL QUE DEBERÁ SER TOMADA EN CUENTA PARA CUALQUIER TRÁMITE POSTERIOR","category":"patrimonio","source":"GAD Mejía | patrimonio"},"geometry":{"type":"Polygon","coordinates":[[[-78.565667,-0.512418],[-78.565669,-0.51242],[-78.565672,-0.512422],[-78.566099,-0.512657],[-78.566102,-0.512659],[-78.566105,-0.512659],[-78.566109,-0.51266],[-78.566112,-0.512659],[-78.566122,-0.512656],[-78.566195,-0.512635],[-78.566197,-0.512635],[-78.566201,-0.512633],[-78.566203,-0.512632],[-78.566206,-0.512629],[-78.566208,-0.512626],[-78.566241,-0.512569],[-78.566254,-0.512547],[-78.566255,-0.512545],[-78.566272,-0.512515],[-78.566449,-0.51221],[-78.56645,-0.512207],[-78.566451,-0.512203],[-78.566451,-0.5122],[-78.56645,-0.512196],[-78.566447,-0.512183],[-78.566431,-0.512124],[-78.566429,-0.512118],[-78.566428,-0.512114],[-78.566426,-0.512111],[-78.566423,-0.512108],[-78.56642,-0.512106],[-78.565984,-0.511873],[-78.56598,-0.511872],[-78.565977,-0.511871],[-78.565974,-0.511871],[-78.56597,-0.511872],[-78.565955,-0.511876],[-78.565903,-0.511892],[-78.565885,-0.511897],[-78.565882,-0.511898],[-78.565879,-0.5119],[-78.565876,-0.511902],[-78.565874,-0.511905],[-78.56564,-0.512313],[-78.565638,-0.512316],[-78.565638,-0.51232],[-78.565638,-0.512324],[-78.565638,-0.512327],[-78.565641,-0.512337],[-78.565661,-0.512405],[-78.565664,-0.512412],[-78.565665,-0.512415],[-78.565667,-0.512418]]]}},{"type":"Feature","properties":{"objectId":145,"fcode":"PATRIMONIO_145","tde":"EDIFICACIÓN PATRIMONIAL","obs":"DENTRO DEL PREDIO SE ENCUENTRA UNA EDIFICACIÓN PATRIMONIAL QUE DEBERÁ SER TOMADA EN CUENTA PARA CUALQUIER TRÁMITE POSTERIOR","category":"patrimonio","source":"GAD Mejía | patrimonio"},"geometry":{"type":"Polygon","coordinates":[[[-78.544149,-0.403799],[-78.543961,-0.403869],[-78.544003,-0.403965],[-78.544259,-0.403862],[-78.544261,-0.403848],[-78.544282,-0.403755],[-78.544149,-0.403799]]]}},{"type":"Feature","properties":{"objectId":146,"fcode":"PATRIMONIO_146","tde":"EDIFICACIÓN PATRIMONIAL","obs":"DENTRO DEL PREDIO SE ENCUENTRA UNA EDIFICACIÓN PATRIMONIAL QUE DEBERÁ SER TOMADA EN CUENTA PARA CUALQUIER TRÁMITE POSTERIOR","category":"patrimonio","source":"GAD Mejía | patrimonio"},"geometry":{"type":"Polygon","coordinates":[[[-78.565415,-0.511223],[-78.565493,-0.511264],[-78.565587,-0.511078],[-78.565457,-0.511019],[-78.565358,-0.511194],[-78.565415,-0.511223]]]}},{"type":"Feature","properties":{"objectId":147,"fcode":"PATRIMONIO_147","tde":"EDIFICACIÓN PATRIMONIAL","obs":"DENTRO DEL PREDIO SE ENCUENTRA UNA EDIFICACIÓN PATRIMONIAL QUE DEBERÁ SER TOMADA EN CUENTA PARA CUALQUIER TRÁMITE POSTERIOR","category":"patrimonio","source":"GAD Mejía | patrimonio"},"geometry":{"type":"Polygon","coordinates":[[[-78.521658,-0.38489],[-78.521945,-0.385307],[-78.521947,-0.385309],[-78.521948,-0.385311],[-78.521951,-0.385312],[-78.521953,-0.385314],[-78.521955,-0.385315],[-78.521958,-0.385316],[-78.521961,-0.385316],[-78.521963,-0.385316],[-78.521966,-0.385316],[-78.521969,-0.385316],[-78.521971,-0.385315],[-78.521974,-0.385314],[-78.52237,-0.385106],[-78.522373,-0.385105],[-78.522375,-0.385103],[-78.522378,-0.3851],[-78.522379,-0.385098],[-78.522381,-0.385095],[-78.522382,-0.385092],[-78.522382,-0.385088],[-78.522382,-0.385088],[-78.522382,-0.385085],[-78.522382,-0.385082],[-78.522381,-0.385079],[-78.52238,-0.385076],[-78.522378,-0.385073],[-78.52209,-0.384666],[-78.522089,-0.384664],[-78.522087,-0.384662],[-78.522085,-0.38466],[-78.522082,-0.384659],[-78.52208,-0.384658],[-78.522077,-0.384657],[-78.522075,-0.384656],[-78.522072,-0.384656],[-78.52207,-0.384656],[-78.522067,-0.384657],[-78.522064,-0.384658],[-78.522062,-0.384659],[-78.522047,-0.384666],[-78.521667,-0.384856],[-78.521664,-0.384858],[-78.521661,-0.38486],[-78.521659,-0.384862],[-78.521657,-0.384865],[-78.521656,-0.384868],[-78.521655,-0.384871],[-78.521654,-0.384874],[-78.521654,-0.384877],[-78.521655,-0.384881],[-78.521655,-0.384884],[-78.521657,-0.384887],[-78.521658,-0.38489]]]}},{"type":"Feature","properties":{"objectId":148,"fcode":"PATRIMONIO_148","tde":"EDIFICACIÓN PATRIMONIAL","obs":"DENTRO DEL PREDIO SE ENCUENTRA UNA EDIFICACIÓN PATRIMONIAL QUE DEBERÁ SER TOMADA EN CUENTA PARA CUALQUIER TRÁMITE POSTERIOR","category":"patrimonio","source":"GAD Mejía | patrimonio"},"geometry":{"type":"Polygon","coordinates":[[[-78.58567,-0.468811],[-78.585728,-0.46855],[-78.58573,-0.468541],[-78.58573,-0.468532],[-78.585729,-0.468522],[-78.585727,-0.468513],[-78.585723,-0.468504],[-78.585719,-0.468496],[-78.585713,-0.468488],[-78.585707,-0.468481],[-78.585699,-0.468475],[-78.585691,-0.46847],[-78.585682,-0.468467],[-78.585673,-0.468464],[-78.585422,-0.468409],[-78.585413,-0.468407],[-78.585404,-0.468407],[-78.585396,-0.468408],[-78.585387,-0.46841],[-78.585378,-0.468413],[-78.58537,-0.468417],[-78.585363,-0.468422],[-78.585356,-0.468428],[-78.58535,-0.468435],[-78.585345,-0.468442],[-78.585341,-0.46845],[-78.585338,-0.468458],[-78.585256,-0.468735],[-78.585255,-0.468743],[-78.585256,-0.468751],[-78.585258,-0.468759],[-78.585261,-0.468767],[-78.585264,-0.468774],[-78.585269,-0.468781],[-78.585274,-0.468787],[-78.58528,-0.468793],[-78.585287,-0.468798],[-78.585294,-0.468801],[-78.585302,-0.468804],[-78.585585,-0.468866],[-78.585594,-0.468868],[-78.585603,-0.468868],[-78.585612,-0.468867],[-78.585622,-0.468864],[-78.58563,-0.468861],[-78.585638,-0.468856],[-78.585646,-0.468851],[-78.585653,-0.468844],[-78.585659,-0.468837],[-78.585663,-0.468829],[-78.585667,-0.46882],[-78.58567,-0.468811]]]}},{"type":"Feature","properties":{"objectId":150,"fcode":"PATRIMONIO_150","tde":"EDIFICACIÓN PATRIMONIAL","obs":"DENTRO DEL PREDIO SE ENCUENTRA UNA EDIFICACIÓN PATRIMONIAL QUE DEBERÁ SER TOMADA EN CUENTA PARA CUALQUIER TRÁMITE POSTERIOR","category":"patrimonio","source":"GAD Mejía | patrimonio"},"geometry":{"type":"Polygon","coordinates":[[[-78.521951,-0.388394],[-78.521705,-0.387896],[-78.521703,-0.387894],[-78.521702,-0.387892],[-78.5217,-0.38789],[-78.521697,-0.387888],[-78.521695,-0.387886],[-78.521692,-0.387885],[-78.521689,-0.387884],[-78.521686,-0.387884],[-78.521683,-0.387884],[-78.52168,-0.387884],[-78.521678,-0.387885],[-78.521675,-0.387886],[-78.521426,-0.38801],[-78.521424,-0.388011],[-78.521421,-0.388013],[-78.521419,-0.388015],[-78.521418,-0.388018],[-78.521416,-0.38802],[-78.521415,-0.388023],[-78.521414,-0.388026],[-78.521414,-0.388029],[-78.521414,-0.388032],[-78.521414,-0.388034],[-78.521415,-0.388037],[-78.521416,-0.38804],[-78.521505,-0.388223],[-78.521666,-0.388547],[-78.521668,-0.388549],[-78.521669,-0.388552],[-78.521672,-0.388554],[-78.521674,-0.388556],[-78.521677,-0.388557],[-78.521679,-0.388558],[-78.521682,-0.388559],[-78.521685,-0.388559],[-78.521688,-0.388559],[-78.521691,-0.388559],[-78.521694,-0.388558],[-78.521697,-0.388557],[-78.521942,-0.388424],[-78.521944,-0.388423],[-78.521946,-0.388421],[-78.521948,-0.388419],[-78.52195,-0.388416],[-78.521951,-0.388414],[-78.521952,-0.388411],[-78.521953,-0.388408],[-78.521953,-0.388405],[-78.521953,-0.388403],[-78.521953,-0.3884],[-78.521952,-0.388397],[-78.521951,-0.388394]]]}},{"type":"Feature","properties":{"objectId":151,"fcode":"PATRIMONIO_151","tde":"EDIFICACIÓN PATRIMONIAL","obs":"DENTRO DEL PREDIO SE ENCUENTRA UNA EDIFICACIÓN PATRIMONIAL QUE DEBERÁ SER TOMADA EN CUENTA PARA CUALQUIER TRÁMITE POSTERIOR","category":"patrimonio","source":"GAD Mejía | patrimonio"},"geometry":{"type":"Polygon","coordinates":[[[-78.561564,-0.508518],[-78.561716,-0.508598],[-78.561873,-0.508311],[-78.561827,-0.508287],[-78.561746,-0.508246],[-78.561715,-0.50823],[-78.561564,-0.508518]]]}},{"type":"Feature","properties":{"objectId":152,"fcode":"PATRIMONIO_152","tde":"EDIFICACIÓN PATRIMONIAL","obs":"DENTRO DEL PREDIO SE ENCUENTRA UNA EDIFICACIÓN PATRIMONIAL QUE DEBERÁ SER TOMADA EN CUENTA PARA CUALQUIER TRÁMITE POSTERIOR","category":"patrimonio","source":"GAD Mejía | patrimonio"},"geometry":{"type":"Polygon","coordinates":[[[-78.56579,-0.510994],[-78.565842,-0.510886],[-78.565745,-0.510839],[-78.565725,-0.510879],[-78.56569,-0.510949],[-78.56579,-0.510994]]]}},{"type":"Feature","properties":{"objectId":153,"fcode":"PATRIMONIO_153","tde":"EDIFICACIÓN PATRIMONIAL","obs":"DENTRO DEL PREDIO SE ENCUENTRA UNA EDIFICACIÓN PATRIMONIAL QUE DEBERÁ SER TOMADA EN CUENTA PARA CUALQUIER TRÁMITE POSTERIOR","category":"patrimonio","source":"GAD Mejía | patrimonio"},"geometry":{"type":"Polygon","coordinates":[[[-78.565725,-0.510879],[-78.565579,-0.510804],[-78.565536,-0.51088],[-78.56569,-0.510949],[-78.565725,-0.510879]]]}},{"type":"Feature","properties":{"objectId":154,"fcode":"PATRIMONIO_154","tde":"EDIFICACIÓN PATRIMONIAL","obs":"DENTRO DEL PREDIO SE ENCUENTRA UNA EDIFICACIÓN PATRIMONIAL QUE DEBERÁ SER TOMADA EN CUENTA PARA CUALQUIER TRÁMITE POSTERIOR","category":"patrimonio","source":"GAD Mejía | patrimonio"},"geometry":{"type":"Polygon","coordinates":[[[-78.5999,-0.518666],[-78.599922,-0.518864],[-78.599964,-0.519133],[-78.600039,-0.519147],[-78.600056,-0.518877],[-78.600052,-0.518846],[-78.60003,-0.518674],[-78.600025,-0.518649],[-78.599984,-0.51845],[-78.599945,-0.518316],[-78.599899,-0.5182],[-78.599833,-0.518058],[-78.599853,-0.518232],[-78.5999,-0.518666]]]}},{"type":"Feature","properties":{"objectId":155,"fcode":"PATRIMONIO_155","tde":"EDIFICACIÓN PATRIMONIAL","obs":"DENTRO DEL PREDIO SE ENCUENTRA UNA EDIFICACIÓN PATRIMONIAL QUE DEBERÁ SER TOMADA EN CUENTA PARA CUALQUIER TRÁMITE POSTERIOR","category":"patrimonio","source":"GAD Mejía | patrimonio"},"geometry":{"type":"Polygon","coordinates":[[[-78.565961,-0.512946],[-78.566048,-0.512995],[-78.566143,-0.512832],[-78.566145,-0.512829],[-78.566146,-0.512827],[-78.566146,-0.512824],[-78.566146,-0.512821],[-78.566146,-0.512818],[-78.566146,-0.512815],[-78.566145,-0.512812],[-78.566143,-0.512809],[-78.566142,-0.512807],[-78.56614,-0.512804],[-78.566139,-0.512804],[-78.566137,-0.512802],[-78.566135,-0.512801],[-78.56606,-0.512759],[-78.565961,-0.512946]]]}},{"type":"Feature","properties":{"objectId":156,"fcode":"PATRIMONIO_156","tde":"EDIFICACIÓN PATRIMONIAL","obs":"DENTRO DEL PREDIO SE ENCUENTRA UNA EDIFICACIÓN PATRIMONIAL QUE DEBERÁ SER TOMADA EN CUENTA PARA CUALQUIER TRÁMITE POSTERIOR","category":"patrimonio","source":"GAD Mejía | patrimonio"},"geometry":{"type":"Polygon","coordinates":[[[-78.569709,-0.514206],[-78.569778,-0.514233],[-78.569785,-0.514231],[-78.569885,-0.513989],[-78.56981,-0.513959],[-78.569709,-0.514206]]]}},{"type":"Feature","properties":{"objectId":139,"fcode":"PATRIMONIO_139","tde":"EDIFICACIÓN PATRIMONIAL","obs":"DENTRO DEL PREDIO SE ENCUENTRA UNA EDIFICACIÓN PATRIMONIAL QUE DEBERÁ SER TOMADA EN CUENTA PARA CUALQUIER TRÁMITE POSTERIOR","category":"patrimonio","source":"GAD Mejía | patrimonio"},"geometry":{"type":"Polygon","coordinates":[[[-78.554358,-0.52603],[-78.554358,-0.526031],[-78.554358,-0.526031],[-78.554358,-0.526031],[-78.554357,-0.526031],[-78.554357,-0.526031],[-78.554357,-0.526032],[-78.554356,-0.526032],[-78.554356,-0.526032],[-78.554356,-0.526032],[-78.554355,-0.526033],[-78.554355,-0.526033],[-78.554355,-0.526033],[-78.554355,-0.526033],[-78.554354,-0.526034],[-78.554354,-0.526034],[-78.554354,-0.526034],[-78.554354,-0.526035],[-78.554353,-0.526035],[-78.554353,-0.526035],[-78.554353,-0.526035],[-78.554353,-0.526036],[-78.554352,-0.526036],[-78.554352,-0.526036],[-78.554352,-0.526037],[-78.554352,-0.526037],[-78.554351,-0.526037],[-78.554351,-0.526038],[-78.554227,-0.526315],[-78.554227,-0.526315],[-78.554227,-0.526316],[-78.554227,-0.526316],[-78.554227,-0.526316],[-78.554227,-0.526317],[-78.554227,-0.526317],[-78.554227,-0.526318],[-78.554227,-0.526318],[-78.554227,-0.526318],[-78.554227,-0.526319],[-78.554227,-0.526319],[-78.554227,-0.52632],[-78.554227,-0.52632],[-78.554227,-0.52632],[-78.554227,-0.526321],[-78.554227,-0.526321],[-78.554227,-0.526322],[-78.554227,-0.526322],[-78.554227,-0.526322],[-78.554227,-0.526323],[-78.554227,-0.526323],[-78.554227,-0.526324],[-78.554227,-0.526324],[-78.554227,-0.526324],[-78.554227,-0.526325],[-78.554227,-0.526325],[-78.554227,-0.526325],[-78.554227,-0.526326],[-78.554227,-0.526326],[-78.554228,-0.526327],[-78.554228,-0.526327],[-78.554228,-0.526327],[-78.554228,-0.526327],[-78.554228,-0.526328],[-78.554228,-0.526328],[-78.554228,-0.526328],[-78.554228,-0.526329],[-78.554228,-0.526329],[-78.554229,-0.52633],[-78.554229,-0.52633],[-78.554229,-0.52633],[-78.554229,-0.526331],[-78.554229,-0.526331],[-78.55423,-0.526331],[-78.55423,-0.526332],[-78.55423,-0.526332],[-78.55423,-0.526332],[-78.55423,-0.526333],[-78.554231,-0.526333],[-78.554231,-0.526333],[-78.554231,-0.526333],[-78.554231,-0.526334],[-78.554231,-0.526334],[-78.554231,-0.526334],[-78.554232,-0.526335],[-78.554232,-0.526335],[-78.554232,-0.526335],[-78.554233,-0.526335],[-78.554233,-0.526336],[-78.554233,-0.526336],[-78.554233,-0.526336],[-78.554234,-0.526337],[-78.554234,-0.526337],[-78.554234,-0.526337],[-78.554234,-0.526337],[-78.554235,-0.526338],[-78.554235,-0.526338],[-78.554235,-0.526338],[-78.554408,-0.526436],[-78.554626,-0.526561],[-78.554626,-0.526561],[-78.554627,-0.526561],[-78.554627,-0.526561],[-78.554627,-0.526561],[-78.554628,-0.526561],[-78.554628,-0.526561],[-78.554628,-0.526561],[-78.554629,-0.526562],[-78.554629,-0.526562],[-78.55463,-0.526562],[-78.55463,-0.526562],[-78.55463,-0.526562],[-78.55463,-0.526562],[-78.554631,-0.526562],[-78.554631,-0.526562],[-78.554632,-0.526562],[-78.554632,-0.526562],[-78.554632,-0.526562],[-78.554633,-0.526562],[-78.554633,-0.526562],[-78.554633,-0.526563],[-78.554634,-0.526563],[-78.554634,-0.526563],[-78.554635,-0.526563],[-78.554635,-0.526563],[-78.554635,-0.526563],[-78.554636,-0.526563],[-78.554636,-0.526563],[-78.554637,-0.526563],[-78.554637,-0.526563],[-78.554637,-0.526563],[-78.554638,-0.526563],[-78.554638,-0.526562],[-78.554639,-0.526562],[-78.554639,-0.526562],[-78.554639,-0.526562],[-78.55464,-0.526562],[-78.55464,-0.526562],[-78.55464,-0.526562],[-78.554641,-0.526562],[-78.554641,-0.526562],[-78.554642,-0.526562],[-78.554642,-0.526562],[-78.554642,-0.526562],[-78.554643,-0.526561],[-78.554643,-0.526561],[-78.554643,-0.526561],[-78.554644,-0.526561],[-78.554644,-0.526561],[-78.554645,-0.526561],[-78.554645,-0.526561],[-78.554645,-0.52656],[-78.554646,-0.52656],[-78.554646,-0.52656],[-78.554646,-0.52656],[-78.554647,-0.52656],[-78.554647,-0.526559],[-78.554647,-0.526559],[-78.554648,-0.526559],[-78.554648,-0.526559],[-78.554648,-0.526559],[-78.554649,-0.526558],[-78.554649,-0.526558],[-78.554649,-0.526558],[-78.55465,-0.526558],[-78.55465,-0.526557],[-78.55465,-0.526557],[-78.55465,-0.526557],[-78.554651,-0.526557],[-78.554651,-0.526556],[-78.554651,-0.526556],[-78.554652,-0.526556],[-78.554652,-0.526556],[-78.554652,-0.526555],[-78.554652,-0.526555],[-78.554653,-0.526555],[-78.554828,-0.526276],[-78.554828,-0.526276],[-78.554828,-0.526276],[-78.554828,-0.526275],[-78.554828,-0.526275],[-78.554828,-0.526274],[-78.554829,-0.526274],[-78.554829,-0.526274],[-78.554829,-0.526273],[-78.554829,-0.526273],[-78.554829,-0.526272],[-78.554829,-0.526272],[-78.554829,-0.526272],[-78.554829,-0.526271],[-78.554829,-0.526271],[-78.554829,-0.526271],[-78.554829,-0.52627],[-78.554829,-0.52627],[-78.554829,-0.526269],[-78.554829,-0.526269],[-78.554829,-0.526269],[-78.554829,-0.526268],[-78.554829,-0.526268],[-78.554829,-0.526267],[-78.554829,-0.526267],[-78.554829,-0.526267],[-78.554829,-0.526266],[-78.554829,-0.526266],[-78.554829,-0.526265],[-78.554829,-0.526265],[-78.554829,-0.526265],[-78.554829,-0.526264],[-78.554829,-0.526264],[-78.554829,-0.526263],[-78.554829,-0.526263],[-78.554829,-0.526263],[-78.554829,-0.526262],[-78.554829,-0.526262],[-78.554828,-0.526262],[-78.554828,-0.526261],[-78.554828,-0.526261],[-78.554828,-0.52626],[-78.554828,-0.52626],[-78.554828,-0.52626],[-78.554828,-0.526259],[-78.554827,-0.526259],[-78.554827,-0.526259],[-78.554827,-0.526258],[-78.554827,-0.526258],[-78.554827,-0.526258],[-78.554827,-0.526257],[-78.554826,-0.526257],[-78.554826,-0.526257],[-78.554826,-0.526256],[-78.554826,-0.526256],[-78.554826,-0.526256],[-78.554825,-0.526255],[-78.554825,-0.526255],[-78.554825,-0.526255],[-78.554825,-0.526254],[-78.554824,-0.526254],[-78.554824,-0.526254],[-78.554824,-0.526253],[-78.554824,-0.526253],[-78.554823,-0.526253],[-78.554823,-0.526252],[-78.554823,-0.526252],[-78.554823,-0.526252],[-78.554822,-0.526252],[-78.554822,-0.526251],[-78.554822,-0.526251],[-78.554821,-0.526251],[-78.554821,-0.526251],[-78.554821,-0.52625],[-78.554821,-0.52625],[-78.55482,-0.52625],[-78.55482,-0.52625],[-78.55482,-0.52625],[-78.554383,-0.526031],[-78.554378,-0.526028],[-78.554378,-0.526028],[-78.554377,-0.526028],[-78.554377,-0.526028],[-78.554377,-0.526028],[-78.554376,-0.526028],[-78.554376,-0.526028],[-78.554376,-0.526028],[-78.554375,-0.526027],[-78.554375,-0.526027],[-78.554374,-0.526027],[-78.554374,-0.526027],[-78.554374,-0.526027],[-78.554373,-0.526027],[-78.554373,-0.526027],[-78.554372,-0.526027],[-78.554372,-0.526027],[-78.554372,-0.526027],[-78.554371,-0.526027],[-78.554371,-0.526027],[-78.55437,-0.526027],[-78.55437,-0.526027],[-78.55437,-0.526027],[-78.554369,-0.526027],[-78.554369,-0.526027],[-78.554369,-0.526027],[-78.554368,-0.526027],[-78.554368,-0.526027],[-78.554367,-0.526027],[-78.554367,-0.526027],[-78.554367,-0.526027],[-78.554366,-0.526027],[-78.554366,-0.526027],[-78.554365,-0.526027],[-78.554365,-0.526028],[-78.554365,-0.526028],[-78.554364,-0.526028],[-78.554364,-0.526028],[-78.554364,-0.526028],[-78.554363,-0.526028],[-78.554363,-0.526028],[-78.554362,-0.526028],[-78.554362,-0.526028],[-78.554362,-0.526029],[-78.554361,-0.526029],[-78.554361,-0.526029],[-78.554361,-0.526029],[-78.55436,-0.526029],[-78.55436,-0.526029],[-78.55436,-0.52603],[-78.554359,-0.52603],[-78.554359,-0.52603],[-78.554359,-0.52603],[-78.554358,-0.52603]]]}},{"type":"Feature","properties":{"objectId":140,"fcode":"PATRIMONIO_140","tde":"EDIFICACIÓN PATRIMONIAL","obs":"DENTRO DEL PREDIO SE ENCUENTRA UNA EDIFICACIÓN PATRIMONIAL QUE DEBERÁ SER TOMADA EN CUENTA PARA CUALQUIER TRÁMITE POSTERIOR","category":"patrimonio","source":"GAD Mejía | patrimonio"},"geometry":{"type":"Polygon","coordinates":[[[-78.584187,-0.518932],[-78.58419,-0.518933],[-78.584193,-0.518935],[-78.584606,-0.519107],[-78.584609,-0.519109],[-78.584612,-0.519109],[-78.584615,-0.519109],[-78.584618,-0.519109],[-78.58462,-0.519109],[-78.584623,-0.519108],[-78.584626,-0.519106],[-78.584628,-0.519105],[-78.58463,-0.519103],[-78.584632,-0.519101],[-78.584634,-0.519098],[-78.584636,-0.519095],[-78.584845,-0.518596],[-78.584846,-0.518593],[-78.584847,-0.51859],[-78.584847,-0.518587],[-78.584847,-0.518584],[-78.584846,-0.518581],[-78.584845,-0.518578],[-78.584844,-0.518575],[-78.584842,-0.518573],[-78.58484,-0.51857],[-78.584838,-0.518568],[-78.584835,-0.518567],[-78.584832,-0.518565],[-78.584411,-0.518408],[-78.584408,-0.518407],[-78.584405,-0.518407],[-78.584402,-0.518407],[-78.5844,-0.518407],[-78.584397,-0.518407],[-78.584394,-0.518408],[-78.584392,-0.51841],[-78.584389,-0.518411],[-78.584387,-0.518413],[-78.584385,-0.518415],[-78.584384,-0.518418],[-78.584382,-0.518421],[-78.584265,-0.518701],[-78.58423,-0.518784],[-78.58418,-0.518905],[-78.584179,-0.518908],[-78.584179,-0.518911],[-78.584178,-0.518914],[-78.584179,-0.518917],[-78.584179,-0.51892],[-78.58418,-0.518922],[-78.584181,-0.518925],[-78.584183,-0.518928],[-78.584185,-0.51893],[-78.584187,-0.518932]]]}},{"type":"Feature","properties":{"objectId":141,"fcode":"PATRIMONIO_141","tde":"EDIFICACIÓN PATRIMONIAL","obs":"DENTRO DEL PREDIO SE ENCUENTRA UNA EDIFICACIÓN PATRIMONIAL QUE DEBERÁ SER TOMADA EN CUENTA PARA CUALQUIER TRÁMITE POSTERIOR","category":"patrimonio","source":"GAD Mejía | patrimonio"},"geometry":{"type":"Polygon","coordinates":[[[-78.532881,-0.398878],[-78.532885,-0.398884],[-78.532925,-0.398947],[-78.532963,-0.399],[-78.532998,-0.399055],[-78.533009,-0.399045],[-78.533067,-0.399108],[-78.533014,-0.399159],[-78.533053,-0.399212],[-78.533004,-0.399253],[-78.533056,-0.399319],[-78.533223,-0.399183],[-78.533663,-0.398824],[-78.533622,-0.398773],[-78.533454,-0.398566],[-78.533382,-0.398477],[-78.532881,-0.398878]]]}},{"type":"Feature","properties":{"objectId":142,"fcode":"PATRIMONIO_142","tde":"EDIFICACIÓN PATRIMONIAL","obs":"DENTRO DEL PREDIO SE ENCUENTRA UNA EDIFICACIÓN PATRIMONIAL QUE DEBERÁ SER TOMADA EN CUENTA PARA CUALQUIER TRÁMITE POSTERIOR","category":"patrimonio","source":"GAD Mejía | patrimonio"},"geometry":{"type":"Polygon","coordinates":[[[-78.584875,-0.519471],[-78.584854,-0.519523],[-78.584832,-0.519575],[-78.584907,-0.519606],[-78.584914,-0.519609],[-78.584975,-0.519451],[-78.584898,-0.519419],[-78.584875,-0.519471]]]}},{"type":"Feature","properties":{"objectId":143,"fcode":"PATRIMONIO_143","tde":"EDIFICACIÓN PATRIMONIAL","obs":"DENTRO DEL PREDIO SE ENCUENTRA UNA EDIFICACIÓN PATRIMONIAL QUE DEBERÁ SER TOMADA EN CUENTA PARA CUALQUIER TRÁMITE POSTERIOR","category":"patrimonio","source":"GAD Mejía | patrimonio"},"geometry":{"type":"Polygon","coordinates":[[[-78.545891,-0.409831],[-78.545645,-0.40993],[-78.545597,-0.409949],[-78.54565,-0.410074],[-78.545968,-0.410851],[-78.546456,-0.410575],[-78.546501,-0.41055],[-78.54643,-0.410368],[-78.546409,-0.410314],[-78.546409,-0.410314],[-78.546409,-0.410314],[-78.546409,-0.410314],[-78.546409,-0.410314],[-78.546314,-0.410057],[-78.546254,-0.409895],[-78.546288,-0.409881],[-78.546222,-0.409713],[-78.546209,-0.409682],[-78.545891,-0.409831]]]}},{"type":"Feature","properties":{"objectId":167,"fcode":"PATRIMONIO_167","tde":"EDIFICACIÓN PATRIMONIAL","obs":"DENTRO DEL PREDIO SE ENCUENTRA UNA EDIFICACIÓN PATRIMONIAL QUE DEBERÁ SER TOMADA EN CUENTA PARA CUALQUIER TRÁMITE POSTERIOR","category":"patrimonio","source":"GAD Mejía | patrimonio"},"geometry":{"type":"Polygon","coordinates":[[[-78.565646,-0.51278],[-78.565706,-0.512695],[-78.56576,-0.512594],[-78.565673,-0.512547],[-78.56557,-0.512739],[-78.565646,-0.51278]]]}},{"type":"Feature","properties":{"objectId":170,"fcode":"PATRIMONIO_170","tde":"EDIFICACIÓN PATRIMONIAL","obs":"DENTRO DEL PREDIO SE ENCUENTRA UNA EDIFICACIÓN PATRIMONIAL QUE DEBERÁ SER TOMADA EN CUENTA PARA CUALQUIER TRÁMITE POSTERIOR","category":"patrimonio","source":"GAD Mejía | patrimonio"},"geometry":{"type":"Polygon","coordinates":[[[-78.570267,-0.512768],[-78.570248,-0.512806],[-78.570207,-0.512887],[-78.570159,-0.512982],[-78.570362,-0.513092],[-78.570471,-0.512883],[-78.570267,-0.512768]]]}},{"type":"Feature","properties":{"objectId":180,"fcode":"PATRIMONIO_180","tde":"EDIFICACIÓN PATRIMONIAL","obs":"DENTRO DEL PREDIO SE ENCUENTRA UNA EDIFICACIÓN PATRIMONIAL QUE DEBERÁ SER TOMADA EN CUENTA PARA CUALQUIER TRÁMITE POSTERIOR","category":"patrimonio","source":"GAD Mejía | patrimonio"},"geometry":{"type":"Polygon","coordinates":[[[-78.544835,-0.402556],[-78.544852,-0.402589],[-78.5449,-0.402714],[-78.544916,-0.402788],[-78.54492,-0.402869],[-78.544966,-0.402865],[-78.544961,-0.402925],[-78.544949,-0.40299],[-78.544909,-0.403089],[-78.54488,-0.403146],[-78.544837,-0.403207],[-78.54477,-0.403266],[-78.544728,-0.403296],[-78.54471,-0.403307],[-78.544687,-0.403321],[-78.544743,-0.403424],[-78.544747,-0.403432],[-78.544875,-0.403618],[-78.544483,-0.403882],[-78.544675,-0.404017],[-78.544707,-0.40404],[-78.545064,-0.403786],[-78.545146,-0.403903],[-78.545174,-0.403884],[-78.545209,-0.403879],[-78.545235,-0.403884],[-78.545261,-0.403893],[-78.545274,-0.40391],[-78.54528,-0.403918],[-78.545283,-0.403922],[-78.545375,-0.404051],[-78.545517,-0.404121],[-78.545525,-0.404109],[-78.545575,-0.404165],[-78.545573,-0.404167],[-78.54564,-0.404231],[-78.545744,-0.404336],[-78.54608,-0.404643],[-78.546104,-0.404556],[-78.545842,-0.404293],[-78.545655,-0.404106],[-78.545534,-0.403969],[-78.54545,-0.403846],[-78.545467,-0.403835],[-78.545411,-0.403742],[-78.545355,-0.40362],[-78.545269,-0.403389],[-78.545209,-0.403267],[-78.545194,-0.403234],[-78.545157,-0.403122],[-78.545143,-0.403084],[-78.545123,-0.403027],[-78.545085,-0.402924],[-78.544953,-0.402534],[-78.544835,-0.402556]]]}},{"type":"Feature","properties":{"objectId":181,"fcode":"PATRIMONIO_181","tde":"EDIFICACIÓN PATRIMONIAL","obs":"DENTRO DEL PREDIO SE ENCUENTRA UNA EDIFICACIÓN PATRIMONIAL QUE DEBERÁ SER TOMADA EN CUENTA PARA CUALQUIER TRÁMITE POSTERIOR","category":"patrimonio","source":"GAD Mejía | patrimonio"},"geometry":{"type":"Polygon","coordinates":[[[-78.522829,-0.386233],[-78.522747,-0.386292],[-78.522784,-0.386345],[-78.52286,-0.386449],[-78.52295,-0.386403],[-78.522889,-0.386318],[-78.522829,-0.386233]]]}},{"type":"Feature","properties":{"objectId":158,"fcode":"PATRIMONIO_158","tde":"EDIFICACIÓN PATRIMONIAL","obs":"DENTRO DEL PREDIO SE ENCUENTRA UNA EDIFICACIÓN PATRIMONIAL QUE DEBERÁ SER TOMADA EN CUENTA PARA CUALQUIER TRÁMITE POSTERIOR","category":"patrimonio","source":"GAD Mejía | patrimonio"},"geometry":{"type":"Polygon","coordinates":[[[-78.565077,-0.407755],[-78.56504,-0.407777],[-78.564989,-0.407662],[-78.564969,-0.40748],[-78.564949,-0.407159],[-78.564983,-0.407015],[-78.565075,-0.406802],[-78.565047,-0.406663],[-78.564966,-0.406484],[-78.564943,-0.406374],[-78.564949,-0.406288],[-78.564967,-0.406161],[-78.565035,-0.405924],[-78.565048,-0.405804],[-78.565009,-0.405603],[-78.564958,-0.405515],[-78.564883,-0.405436],[-78.56476,-0.405459],[-78.564611,-0.405531],[-78.564267,-0.405699],[-78.564129,-0.405719],[-78.564075,-0.405704],[-78.564032,-0.40573],[-78.563914,-0.405772],[-78.563726,-0.40581],[-78.563689,-0.406015],[-78.56364,-0.406162],[-78.56361,-0.406238],[-78.563595,-0.406333],[-78.563591,-0.406401],[-78.563595,-0.406498],[-78.563612,-0.406598],[-78.563616,-0.406649],[-78.563616,-0.40686],[-78.563593,-0.407008],[-78.563565,-0.407097],[-78.563476,-0.407295],[-78.563345,-0.407545],[-78.563216,-0.407737],[-78.563159,-0.407835],[-78.563068,-0.407972],[-78.562991,-0.40805],[-78.562919,-0.408099],[-78.562805,-0.408168],[-78.562657,-0.408247],[-78.562574,-0.408276],[-78.562534,-0.408283],[-78.562485,-0.408281],[-78.562422,-0.408273],[-78.562341,-0.408248],[-78.562224,-0.408245],[-78.562156,-0.408254],[-78.562074,-0.408271],[-78.561872,-0.408334],[-78.561794,-0.408351],[-78.561714,-0.40836],[-78.561481,-0.408354],[-78.561384,-0.40836],[-78.561279,-0.408374],[-78.561134,-0.408411],[-78.560669,-0.40856],[-78.560603,-0.408575],[-78.560455,-0.408586],[-78.560363,-0.408569],[-78.560266,-0.408526],[-78.560109,-0.408411],[-78.560049,-0.408382],[-78.55999,-0.408365],[-78.559908,-0.408368],[-78.559866,-0.408393],[-78.55983,-0.408426],[-78.559771,-0.408506],[-78.559734,-0.408583],[-78.559707,-0.40863],[-78.559658,-0.408662],[-78.559551,-0.408668],[-78.559434,-0.408668],[-78.559306,-0.408653],[-78.559032,-0.408567],[-78.558959,-0.408556],[-78.558825,-0.408556],[-78.558708,-0.408567],[-78.558592,-0.408598],[-78.558384,-0.408707],[-78.558062,-0.408931],[-78.557957,-0.409],[-78.557888,-0.409029],[-78.557819,-0.409049],[-78.557736,-0.409052],[-78.557656,-0.409037],[-78.557559,-0.408997],[-78.557416,-0.408908],[-78.557108,-0.408623],[-78.556966,-0.408515],[-78.556835,-0.408457],[-78.556676,-0.408394],[-78.556557,-0.408377],[-78.556415,-0.408377],[-78.556261,-0.408411],[-78.556085,-0.408509],[-78.555772,-0.408795],[-78.555507,-0.409015],[-78.555588,-0.409186],[-78.556088,-0.410233],[-78.556207,-0.410453],[-78.555034,-0.41113],[-78.555034,-0.41113],[-78.555035,-0.411131],[-78.555076,-0.41119],[-78.555072,-0.411193],[-78.554965,-0.411253],[-78.554913,-0.411282],[-78.555012,-0.411435],[-78.555065,-0.411518],[-78.555121,-0.411604],[-78.555122,-0.411605],[-78.555326,-0.411909],[-78.555329,-0.411913],[-78.555367,-0.411969],[-78.555388,-0.412],[-78.555584,-0.41228],[-78.555822,-0.412573],[-78.555863,-0.412623],[-78.555863,-0.412623],[-78.556104,-0.412909],[-78.556356,-0.413174],[-78.556407,-0.413228],[-78.556414,-0.413235],[-78.556688,-0.413494],[-78.556789,-0.413588],[-78.556926,-0.413705],[-78.557058,-0.413827],[-78.557185,-0.413945],[-78.557235,-0.413997],[-78.557394,-0.414152],[-78.557427,-0.414184],[-78.557487,-0.41424],[-78.557618,-0.414363],[-78.557645,-0.414391],[-78.557664,-0.414409],[-78.557858,-0.414594],[-78.558042,-0.41477],[-78.558053,-0.414779],[-78.558097,-0.414815],[-78.558412,-0.415106],[-78.55846,-0.41515],[-78.560204,-0.413798],[-78.561317,-0.412961],[-78.561611,-0.412763],[-78.561789,-0.412647],[-78.561972,-0.412528],[-78.562913,-0.412183],[-78.563113,-0.412129],[-78.563242,-0.412111],[-78.563309,-0.412085],[-78.563442,-0.412013],[-78.563806,-0.411864],[-78.564014,-0.411771],[-78.564227,-0.411622],[-78.564443,-0.411428],[-78.564969,-0.410928],[-78.565253,-0.410717],[-78.564949,-0.410164],[-78.564778,-0.409845],[-78.564577,-0.409497],[-78.564444,-0.409277],[-78.564189,-0.408817],[-78.564005,-0.408426],[-78.564215,-0.408327],[-78.564413,-0.40822],[-78.56463,-0.408091],[-78.565089,-0.407806],[-78.565318,-0.407656],[-78.565666,-0.407446],[-78.565841,-0.407332],[-78.566078,-0.407189],[-78.566398,-0.407006],[-78.566681,-0.406818],[-78.566833,-0.406713],[-78.566907,-0.406661],[-78.567249,-0.406418],[-78.567482,-0.406278],[-78.567997,-0.40603],[-78.568513,-0.405858],[-78.568934,-0.405734],[-78.569254,-0.40564],[-78.569627,-0.405496],[-78.570224,-0.405318],[-78.57055,-0.404995],[-78.570984,-0.404721],[-78.571432,-0.404462],[-78.571722,-0.404303],[-78.572171,-0.404],[-78.572745,-0.403635],[-78.572943,-0.403497],[-78.573077,-0.403373],[-78.573042,-0.403328],[-78.572964,-0.403415],[-78.572721,-0.403603],[-78.572524,-0.403726],[-78.57236,-0.40384],[-78.572198,-0.403937],[-78.572091,-0.404011],[-78.571862,-0.40416],[-78.571655,-0.404294],[-78.571475,-0.404399],[-78.571242,-0.404536],[-78.571048,-0.404644],[-78.570666,-0.404873],[-78.570474,-0.405008],[-78.570381,-0.405101],[-78.570313,-0.405181],[-78.570266,-0.405235],[-78.570199,-0.405284],[-78.570003,-0.405338],[-78.569777,-0.405399],[-78.569575,-0.405464],[-78.569077,-0.40564],[-78.568773,-0.405729],[-78.568483,-0.405812],[-78.568261,-0.405879],[-78.568159,-0.405915],[-78.567994,-0.405987],[-78.56788,-0.406037],[-78.567763,-0.406088],[-78.567644,-0.406142],[-78.567507,-0.406205],[-78.567425,-0.406262],[-78.567289,-0.406339],[-78.567183,-0.406413],[-78.567059,-0.406496],[-78.566962,-0.406568],[-78.566857,-0.40664],[-78.56668,-0.406771],[-78.566362,-0.406964],[-78.565932,-0.407225],[-78.56572,-0.40736],[-78.565504,-0.407494],[-78.565366,-0.407577],[-78.565213,-0.407668],[-78.565077,-0.407755]]]}},{"type":"Feature","properties":{"objectId":159,"fcode":"PATRIMONIO_159","tde":"EDIFICACIÓN PATRIMONIAL","obs":"DENTRO DEL PREDIO SE ENCUENTRA UNA EDIFICACIÓN PATRIMONIAL QUE DEBERÁ SER TOMADA EN CUENTA PARA CUALQUIER TRÁMITE POSTERIOR","category":"patrimonio","source":"GAD Mejía | patrimonio"},"geometry":{"type":"Polygon","coordinates":[[[-78.587369,-0.468784],[-78.587237,-0.468756],[-78.587173,-0.468992],[-78.587099,-0.469256],[-78.587227,-0.469293],[-78.587252,-0.469203],[-78.587288,-0.469074],[-78.587369,-0.468784]]]}},{"type":"Feature","properties":{"objectId":160,"fcode":"PATRIMONIO_160","tde":"EDIFICACIÓN PATRIMONIAL","obs":"DENTRO DEL PREDIO SE ENCUENTRA UNA EDIFICACIÓN PATRIMONIAL QUE DEBERÁ SER TOMADA EN CUENTA PARA CUALQUIER TRÁMITE POSTERIOR","category":"patrimonio","source":"GAD Mejía | patrimonio"},"geometry":{"type":"Polygon","coordinates":[[[-78.58529,-0.468913],[-78.585192,-0.469382],[-78.585345,-0.469417],[-78.5854,-0.46919],[-78.585429,-0.469072],[-78.585454,-0.468948],[-78.58529,-0.468913]]]}},{"type":"Feature","properties":{"objectId":161,"fcode":"PATRIMONIO_161","tde":"EDIFICACIÓN PATRIMONIAL","obs":"DENTRO DEL PREDIO SE ENCUENTRA UNA EDIFICACIÓN PATRIMONIAL QUE DEBERÁ SER TOMADA EN CUENTA PARA CUALQUIER TRÁMITE POSTERIOR","category":"patrimonio","source":"GAD Mejía | patrimonio"},"geometry":{"type":"Polygon","coordinates":[[[-78.567118,-0.512191],[-78.567196,-0.512233],[-78.56727,-0.512272],[-78.567284,-0.512244],[-78.567423,-0.512317],[-78.567462,-0.512248],[-78.567194,-0.5121],[-78.566778,-0.511871],[-78.566711,-0.511986],[-78.566785,-0.51203],[-78.566811,-0.511985],[-78.566943,-0.51206],[-78.566926,-0.51209],[-78.567035,-0.512148],[-78.567118,-0.512191]]]}},{"type":"Feature","properties":{"objectId":162,"fcode":"PATRIMONIO_162","tde":"EDIFICACIÓN PATRIMONIAL","obs":"DENTRO DEL PREDIO SE ENCUENTRA UNA EDIFICACIÓN PATRIMONIAL QUE DEBERÁ SER TOMADA EN CUENTA PARA CUALQUIER TRÁMITE POSTERIOR","category":"patrimonio","source":"GAD Mejía | patrimonio"},"geometry":{"type":"Polygon","coordinates":[[[-78.568307,-0.512462],[-78.567974,-0.512269],[-78.567904,-0.512388],[-78.567892,-0.512409],[-78.568234,-0.512602],[-78.568307,-0.512462]]]}},{"type":"Feature","properties":{"objectId":175,"fcode":"PATRIMONIO_175","tde":"EDIFICACIÓN PATRIMONIAL","obs":"DENTRO DEL PREDIO SE ENCUENTRA UNA EDIFICACIÓN PATRIMONIAL QUE DEBERÁ SER TOMADA EN CUENTA PARA CUALQUIER TRÁMITE POSTERIOR","category":"patrimonio","source":"GAD Mejía | patrimonio"},"geometry":{"type":"Polygon","coordinates":[[[-78.585254,-0.518182],[-78.585175,-0.518391],[-78.585348,-0.518458],[-78.58539,-0.51835],[-78.585503,-0.518412],[-78.585525,-0.51842],[-78.585596,-0.518212],[-78.585497,-0.518179],[-78.585462,-0.518164],[-78.585423,-0.518253],[-78.585254,-0.518182]]]}},{"type":"Feature","properties":{"objectId":163,"fcode":"PATRIMONIO_163","tde":"EDIFICACIÓN PATRIMONIAL","obs":"DENTRO DEL PREDIO SE ENCUENTRA UNA EDIFICACIÓN PATRIMONIAL QUE DEBERÁ SER TOMADA EN CUENTA PARA CUALQUIER TRÁMITE POSTERIOR","category":"patrimonio","source":"GAD Mejía | patrimonio"},"geometry":{"type":"Polygon","coordinates":[[[-78.584323,-0.519459],[-78.584429,-0.51921],[-78.584038,-0.519049],[-78.584035,-0.519048],[-78.584032,-0.519047],[-78.584029,-0.519047],[-78.584026,-0.519047],[-78.584023,-0.519048],[-78.58402,-0.519049],[-78.584018,-0.51905],[-78.584015,-0.519052],[-78.584013,-0.519054],[-78.584011,-0.519056],[-78.58401,-0.519059],[-78.584008,-0.519061],[-78.583811,-0.519552],[-78.584183,-0.519697],[-78.584193,-0.519701],[-78.584301,-0.519449],[-78.584323,-0.519459]]]}},{"type":"Feature","properties":{"objectId":164,"fcode":"PATRIMONIO_164","tde":"EDIFICACIÓN PATRIMONIAL","obs":"DENTRO DEL PREDIO SE ENCUENTRA UNA EDIFICACIÓN PATRIMONIAL QUE DEBERÁ SER TOMADA EN CUENTA PARA CUALQUIER TRÁMITE POSTERIOR","category":"patrimonio","source":"GAD Mejía | patrimonio"},"geometry":{"type":"Polygon","coordinates":[[[-78.544854,-0.404629],[-78.544839,-0.404634],[-78.544548,-0.404858],[-78.544538,-0.404868],[-78.54453,-0.404885],[-78.544529,-0.404895],[-78.544529,-0.404908],[-78.544531,-0.404915],[-78.544535,-0.404924],[-78.544844,-0.405349],[-78.54485,-0.405355],[-78.544856,-0.405361],[-78.544864,-0.405365],[-78.544876,-0.405369],[-78.544891,-0.405369],[-78.544905,-0.405365],[-78.544919,-0.405356],[-78.545247,-0.405107],[-78.545254,-0.405098],[-78.545259,-0.405085],[-78.54526,-0.40507],[-78.545258,-0.405053],[-78.545251,-0.405038],[-78.544911,-0.404643],[-78.544894,-0.404632],[-78.544881,-0.404627],[-78.544869,-0.404627],[-78.544854,-0.404629]]]}},{"type":"Feature","properties":{"objectId":165,"fcode":"PATRIMONIO_165","tde":"EDIFICACIÓN PATRIMONIAL","obs":"DENTRO DEL PREDIO SE ENCUENTRA UNA EDIFICACIÓN PATRIMONIAL QUE DEBERÁ SER TOMADA EN CUENTA PARA CUALQUIER TRÁMITE POSTERIOR","category":"patrimonio","source":"GAD Mejía | patrimonio"},"geometry":{"type":"Polygon","coordinates":[[[-78.565417,-0.512654],[-78.565528,-0.512714],[-78.565497,-0.512771],[-78.565609,-0.512841],[-78.565646,-0.51278],[-78.56557,-0.512739],[-78.565673,-0.512547],[-78.565516,-0.51246],[-78.565504,-0.512453],[-78.565501,-0.512452],[-78.565499,-0.512451],[-78.565496,-0.512451],[-78.565493,-0.512451],[-78.56549,-0.512451],[-78.565487,-0.512451],[-78.565484,-0.512452],[-78.565482,-0.512454],[-78.565479,-0.512456],[-78.565477,-0.512458],[-78.565475,-0.51246],[-78.565474,-0.512462],[-78.565472,-0.512465],[-78.565382,-0.512635],[-78.565417,-0.512654]]]}},{"type":"Feature","properties":{"objectId":166,"fcode":"PATRIMONIO_166","tde":"EDIFICACIÓN PATRIMONIAL","obs":"DENTRO DEL PREDIO SE ENCUENTRA UNA EDIFICACIÓN PATRIMONIAL QUE DEBERÁ SER TOMADA EN CUENTA PARA CUALQUIER TRÁMITE POSTERIOR","category":"patrimonio","source":"GAD Mejía | patrimonio"},"geometry":{"type":"Polygon","coordinates":[[[-78.566314,-0.511927],[-78.566435,-0.511991],[-78.566588,-0.511733],[-78.566638,-0.511648],[-78.56653,-0.511598],[-78.566509,-0.511587],[-78.566314,-0.511927]]]}},{"type":"Feature","properties":{"objectId":171,"fcode":"PATRIMONIO_171","tde":"EDIFICACIÓN PATRIMONIAL","obs":"DENTRO DEL PREDIO SE ENCUENTRA UNA EDIFICACIÓN PATRIMONIAL QUE DEBERÁ SER TOMADA EN CUENTA PARA CUALQUIER TRÁMITE POSTERIOR","category":"patrimonio","source":"GAD Mejía | patrimonio"},"geometry":{"type":"Polygon","coordinates":[[[-78.57175,-0.441646],[-78.571749,-0.441647],[-78.571718,-0.441816],[-78.571716,-0.441835],[-78.571715,-0.441853],[-78.571703,-0.441873],[-78.571675,-0.441882],[-78.571652,-0.441883],[-78.571611,-0.441868],[-78.571552,-0.44185],[-78.571528,-0.441844],[-78.571512,-0.441849],[-78.571494,-0.44186],[-78.571481,-0.441881],[-78.571467,-0.441981],[-78.571466,-0.442006],[-78.571461,-0.442017],[-78.571449,-0.442029],[-78.571427,-0.442045],[-78.571394,-0.442064],[-78.571366,-0.442076],[-78.571338,-0.442085],[-78.571318,-0.442092],[-78.571293,-0.442092],[-78.571272,-0.442085],[-78.571254,-0.442073],[-78.571179,-0.442019],[-78.571164,-0.442009],[-78.571152,-0.442001],[-78.571144,-0.441999],[-78.571137,-0.441999],[-78.571128,-0.442007],[-78.571098,-0.442061],[-78.571052,-0.442101],[-78.570982,-0.442167],[-78.570924,-0.442235],[-78.570855,-0.442359],[-78.570852,-0.442369],[-78.570844,-0.442378],[-78.570833,-0.442383],[-78.570819,-0.442385],[-78.570796,-0.442381],[-78.570753,-0.442393],[-78.57069,-0.442383],[-78.570676,-0.44239],[-78.570671,-0.442421],[-78.570678,-0.442458],[-78.570713,-0.442545],[-78.570747,-0.442585],[-78.57077,-0.442631],[-78.570766,-0.442787],[-78.570746,-0.442923],[-78.570636,-0.44316],[-78.57059,-0.443201],[-78.570537,-0.443204],[-78.570464,-0.443182],[-78.570406,-0.44317],[-78.570366,-0.443177],[-78.57032,-0.443208],[-78.570283,-0.443237],[-78.570259,-0.443273],[-78.570247,-0.443306],[-78.570245,-0.443358],[-78.570263,-0.443525],[-78.570238,-0.443582],[-78.570046,-0.44364],[-78.570018,-0.44367],[-78.570012,-0.443751],[-78.570041,-0.443838],[-78.570083,-0.443906],[-78.570099,-0.443969],[-78.570083,-0.444021],[-78.57003,-0.444061],[-78.569896,-0.444143],[-78.569803,-0.444161],[-78.569714,-0.444117],[-78.56965,-0.444067],[-78.569571,-0.44403],[-78.569525,-0.444018],[-78.569486,-0.444032],[-78.569443,-0.444066],[-78.569383,-0.444197],[-78.569367,-0.444209],[-78.569349,-0.444214],[-78.569323,-0.444214],[-78.569282,-0.444199],[-78.569216,-0.44417],[-78.569147,-0.444146],[-78.569092,-0.444131],[-78.569035,-0.444126],[-78.568984,-0.444147],[-78.568897,-0.444192],[-78.56888,-0.444193],[-78.568857,-0.444188],[-78.568828,-0.444176],[-78.568795,-0.444161],[-78.568762,-0.444113],[-78.568654,-0.443953],[-78.568639,-0.44394],[-78.568627,-0.443937],[-78.568614,-0.443935],[-78.568597,-0.443934],[-78.568576,-0.443946],[-78.568559,-0.443966],[-78.568518,-0.444015],[-78.568503,-0.444036],[-78.568491,-0.444047],[-78.568469,-0.444055],[-78.568455,-0.444056],[-78.568437,-0.444052],[-78.568354,-0.444026],[-78.568282,-0.44399],[-78.568156,-0.443824],[-78.568095,-0.443765],[-78.568086,-0.443764],[-78.568075,-0.443766],[-78.568069,-0.443769],[-78.568053,-0.44379],[-78.568029,-0.443848],[-78.568009,-0.443869],[-78.567991,-0.443872],[-78.567972,-0.443871],[-78.567953,-0.443864],[-78.567926,-0.443841],[-78.56791,-0.443796],[-78.567918,-0.443654],[-78.567918,-0.443629],[-78.567906,-0.443614],[-78.567882,-0.443594],[-78.567851,-0.443591],[-78.567795,-0.443588],[-78.567731,-0.44358],[-78.567659,-0.443558],[-78.567519,-0.443426],[-78.567507,-0.443419],[-78.567501,-0.443416],[-78.567496,-0.443417],[-78.567492,-0.443417],[-78.567487,-0.443419],[-78.567482,-0.443426],[-78.567455,-0.443483],[-78.567435,-0.443501],[-78.567401,-0.443508],[-78.567359,-0.443494],[-78.567334,-0.443478],[-78.567312,-0.443449],[-78.567309,-0.443393],[-78.567295,-0.44336],[-78.567268,-0.443345],[-78.567253,-0.443316],[-78.567234,-0.443281],[-78.567222,-0.443251],[-78.567212,-0.443233],[-78.567188,-0.443216],[-78.567158,-0.443208],[-78.567126,-0.443203],[-78.567109,-0.443182],[-78.567093,-0.443161],[-78.567082,-0.443134],[-78.567058,-0.443108],[-78.567041,-0.443084],[-78.567012,-0.443067],[-78.567005,-0.443026],[-78.566973,-0.442979],[-78.56695,-0.442952],[-78.566909,-0.44291],[-78.566855,-0.442877],[-78.566821,-0.44286],[-78.566636,-0.442808],[-78.566631,-0.442774],[-78.566612,-0.442743],[-78.566475,-0.442664],[-78.566387,-0.442639],[-78.56636,-0.442623],[-78.566328,-0.442563],[-78.566336,-0.44252],[-78.566336,-0.442473],[-78.566323,-0.442432],[-78.56629,-0.442411],[-78.566233,-0.442396],[-78.566178,-0.442406],[-78.566143,-0.442428],[-78.566113,-0.442414],[-78.566083,-0.442384],[-78.566073,-0.442325],[-78.566067,-0.442285],[-78.566067,-0.442237],[-78.56605,-0.44221],[-78.566004,-0.44221],[-78.565949,-0.442215],[-78.565901,-0.44222],[-78.565755,-0.44223],[-78.565668,-0.442248],[-78.565621,-0.442266],[-78.565567,-0.442289],[-78.565547,-0.442294],[-78.565533,-0.442293],[-78.565499,-0.442276],[-78.565462,-0.442257],[-78.565243,-0.442135],[-78.565172,-0.442046],[-78.565427,-0.445543],[-78.565863,-0.449951],[-78.566613,-0.449836],[-78.567138,-0.449453],[-78.567531,-0.44922],[-78.569174,-0.448197],[-78.568783,-0.446859],[-78.568822,-0.446653],[-78.569023,-0.446207],[-78.568925,-0.4456],[-78.571252,-0.444751],[-78.571288,-0.444626],[-78.571358,-0.444487],[-78.571998,-0.444264],[-78.572731,-0.44421],[-78.572743,-0.444244],[-78.572902,-0.444195],[-78.573037,-0.444154],[-78.573115,-0.44413],[-78.573015,-0.443854],[-78.573167,-0.443826],[-78.573136,-0.442949],[-78.573746,-0.442994],[-78.573776,-0.442611],[-78.573692,-0.442546],[-78.573656,-0.442531],[-78.573595,-0.442517],[-78.573501,-0.442505],[-78.573271,-0.442486],[-78.573197,-0.442468],[-78.573142,-0.442448],[-78.573077,-0.442411],[-78.573035,-0.442379],[-78.572659,-0.441994],[-78.57257,-0.441913],[-78.572449,-0.441832],[-78.572229,-0.441745],[-78.57218,-0.441724],[-78.572029,-0.441642],[-78.571967,-0.441606],[-78.57175,-0.441646]]]}},{"type":"Feature","properties":{"objectId":172,"fcode":"PATRIMONIO_172","tde":"EDIFICACIÓN PATRIMONIAL","obs":"DENTRO DEL PREDIO SE ENCUENTRA UNA EDIFICACIÓN PATRIMONIAL QUE DEBERÁ SER TOMADA EN CUENTA PARA CUALQUIER TRÁMITE POSTERIOR","category":"patrimonio","source":"GAD Mejía | patrimonio"},"geometry":{"type":"Polygon","coordinates":[[[-78.521486,-0.385334],[-78.52155,-0.385284],[-78.521542,-0.385274],[-78.521513,-0.385237],[-78.521653,-0.385109],[-78.521608,-0.385057],[-78.521473,-0.385187],[-78.521416,-0.385129],[-78.521388,-0.385102],[-78.521369,-0.385083],[-78.521319,-0.385146],[-78.521433,-0.385267],[-78.521486,-0.385334]]]}},{"type":"Feature","properties":{"objectId":173,"fcode":"PATRIMONIO_173","tde":"EDIFICACIÓN PATRIMONIAL","obs":"DENTRO DEL PREDIO SE ENCUENTRA UNA EDIFICACIÓN PATRIMONIAL QUE DEBERÁ SER TOMADA EN CUENTA PARA CUALQUIER TRÁMITE POSTERIOR","category":"patrimonio","source":"GAD Mejía | patrimonio"},"geometry":{"type":"Polygon","coordinates":[[[-78.585776,-0.46912],[-78.585705,-0.469104],[-78.585684,-0.46919],[-78.585749,-0.469207],[-78.585736,-0.469255],[-78.585831,-0.469279],[-78.585924,-0.469293],[-78.585957,-0.469303],[-78.585989,-0.46917],[-78.585776,-0.46912]]]}},{"type":"Feature","properties":{"objectId":174,"fcode":"PATRIMONIO_174","tde":"EDIFICACIÓN PATRIMONIAL","obs":"DENTRO DEL PREDIO SE ENCUENTRA UNA EDIFICACIÓN PATRIMONIAL QUE DEBERÁ SER TOMADA EN CUENTA PARA CUALQUIER TRÁMITE POSTERIOR","category":"patrimonio","source":"GAD Mejía | patrimonio"},"geometry":{"type":"Polygon","coordinates":[[[-78.544737,-0.402593],[-78.544632,-0.402597],[-78.544607,-0.402616],[-78.544475,-0.402674],[-78.54438,-0.40267],[-78.544401,-0.402749],[-78.544383,-0.402873],[-78.54443,-0.402929],[-78.54444,-0.402929],[-78.544493,-0.40301],[-78.544496,-0.403013],[-78.544615,-0.402984],[-78.54492,-0.402869],[-78.544916,-0.402788],[-78.5449,-0.402714],[-78.544852,-0.402589],[-78.544835,-0.402556],[-78.544737,-0.402593]]]}},{"type":"Feature","properties":{"objectId":176,"fcode":"PATRIMONIO_176","tde":"EDIFICACIÓN PATRIMONIAL","obs":"DENTRO DEL PREDIO SE ENCUENTRA UNA EDIFICACIÓN PATRIMONIAL QUE DEBERÁ SER TOMADA EN CUENTA PARA CUALQUIER TRÁMITE POSTERIOR","category":"patrimonio","source":"GAD Mejía | patrimonio"},"geometry":{"type":"Polygon","coordinates":[[[-78.562381,-0.508234],[-78.562381,-0.508234],[-78.562378,-0.508235],[-78.562377,-0.508236],[-78.562376,-0.508236],[-78.562373,-0.508238],[-78.562371,-0.50824],[-78.562369,-0.508242],[-78.562368,-0.508244],[-78.562224,-0.508499],[-78.562224,-0.5085],[-78.562065,-0.508782],[-78.56216,-0.508832],[-78.562319,-0.508525],[-78.562408,-0.508572],[-78.562546,-0.508311],[-78.562397,-0.508236],[-78.562395,-0.508234],[-78.562392,-0.508234],[-78.562389,-0.508233],[-78.562386,-0.508233],[-78.562384,-0.508233],[-78.562381,-0.508234]]]}},{"type":"Feature","properties":{"objectId":177,"fcode":"PATRIMONIO_177","tde":"EDIFICACIÓN PATRIMONIAL","obs":"DENTRO DEL PREDIO SE ENCUENTRA UNA EDIFICACIÓN PATRIMONIAL QUE DEBERÁ SER TOMADA EN CUENTA PARA CUALQUIER TRÁMITE POSTERIOR","category":"patrimonio","source":"GAD Mejía | patrimonio"},"geometry":{"type":"Polygon","coordinates":[[[-78.521805,-0.385687],[-78.521712,-0.385744],[-78.521768,-0.385832],[-78.522032,-0.385669],[-78.521971,-0.385585],[-78.521805,-0.385687]]]}},{"type":"Feature","properties":{"objectId":178,"fcode":"PATRIMONIO_178","tde":"EDIFICACIÓN PATRIMONIAL","obs":"DENTRO DEL PREDIO SE ENCUENTRA UNA EDIFICACIÓN PATRIMONIAL QUE DEBERÁ SER TOMADA EN CUENTA PARA CUALQUIER TRÁMITE POSTERIOR","category":"patrimonio","source":"GAD Mejía | patrimonio"},"geometry":{"type":"Polygon","coordinates":[[[-78.543119,-0.401844],[-78.543144,-0.401726],[-78.543044,-0.401718],[-78.543035,-0.401826],[-78.543119,-0.401844]]]}},{"type":"Feature","properties":{"objectId":179,"fcode":"PATRIMONIO_179","tde":"EDIFICACIÓN PATRIMONIAL","obs":"DENTRO DEL PREDIO SE ENCUENTRA UNA EDIFICACIÓN PATRIMONIAL QUE DEBERÁ SER TOMADA EN CUENTA PARA CUALQUIER TRÁMITE POSTERIOR","category":"patrimonio","source":"GAD Mejía | patrimonio"},"geometry":{"type":"Polygon","coordinates":[[[-78.517133,-0.383552],[-78.517045,-0.383689],[-78.516933,-0.383839],[-78.516821,-0.383936],[-78.51674,-0.383986],[-78.516609,-0.38402],[-78.51655,-0.384021],[-78.516484,-0.384033],[-78.516456,-0.384031],[-78.516435,-0.384027],[-78.516404,-0.384032],[-78.516351,-0.384075],[-78.51639,-0.384091],[-78.516524,-0.384179],[-78.516788,-0.38438],[-78.516832,-0.384397],[-78.516836,-0.384399],[-78.516883,-0.384402],[-78.516935,-0.384397],[-78.516939,-0.384397],[-78.516998,-0.384392],[-78.517039,-0.38439],[-78.517083,-0.384387],[-78.517124,-0.384381],[-78.517179,-0.384365],[-78.517219,-0.384343],[-78.517293,-0.384296],[-78.517375,-0.384255],[-78.517471,-0.384204],[-78.517661,-0.384076],[-78.517689,-0.384045],[-78.517436,-0.383841],[-78.517158,-0.383524],[-78.517133,-0.383552]]]}},{"type":"Feature","properties":{"objectId":182,"fcode":"PATRIMONIO_182","tde":"EDIFICACIÓN PATRIMONIAL","obs":"DENTRO DEL PREDIO SE ENCUENTRA UNA EDIFICACIÓN PATRIMONIAL QUE DEBERÁ SER TOMADA EN CUENTA PARA CUALQUIER TRÁMITE POSTERIOR","category":"patrimonio","source":"GAD Mejía | patrimonio"},"geometry":{"type":"Polygon","coordinates":[[[-78.571174,-0.451204],[-78.572389,-0.451347],[-78.574125,-0.450852],[-78.574139,-0.450501],[-78.574156,-0.45046],[-78.574192,-0.450437],[-78.574298,-0.45037],[-78.574503,-0.450697],[-78.574662,-0.450837],[-78.574887,-0.45057],[-78.574552,-0.450447],[-78.574873,-0.450135],[-78.574826,-0.449755],[-78.574815,-0.449736],[-78.574349,-0.44892],[-78.573883,-0.448055],[-78.573816,-0.447931],[-78.573509,-0.447861],[-78.573089,-0.448083],[-78.572894,-0.447709],[-78.572421,-0.447833],[-78.571808,-0.447926],[-78.572027,-0.448057],[-78.572179,-0.448158],[-78.572387,-0.448352],[-78.572547,-0.448485],[-78.572746,-0.448658],[-78.572962,-0.44885],[-78.573028,-0.448911],[-78.573152,-0.449018],[-78.573353,-0.449111],[-78.57359,-0.449232],[-78.573605,-0.44924],[-78.573627,-0.449254],[-78.573653,-0.44927],[-78.573703,-0.449302],[-78.573742,-0.449327],[-78.573761,-0.44934],[-78.573772,-0.449348],[-78.573783,-0.449357],[-78.573794,-0.449366],[-78.5738,-0.449372],[-78.573806,-0.449378],[-78.573812,-0.449384],[-78.573819,-0.449392],[-78.573825,-0.449402],[-78.573828,-0.449407],[-78.573832,-0.449414],[-78.573835,-0.449421],[-78.573838,-0.44943],[-78.57384,-0.449439],[-78.573842,-0.44945],[-78.573842,-0.449462],[-78.573841,-0.449475],[-78.573838,-0.449489],[-78.573832,-0.449502],[-78.573824,-0.449515],[-78.573814,-0.449526],[-78.573802,-0.449536],[-78.573789,-0.449543],[-78.573775,-0.449548],[-78.57376,-0.449551],[-78.573745,-0.449551],[-78.57373,-0.449548],[-78.573716,-0.449543],[-78.573702,-0.449536],[-78.573691,-0.449526],[-78.57368,-0.449515],[-78.573672,-0.449502],[-78.573667,-0.449489],[-78.573664,-0.449475],[-78.573662,-0.449461],[-78.573667,-0.449446],[-78.57367,-0.44943],[-78.57367,-0.449414],[-78.573667,-0.449398],[-78.573662,-0.449383],[-78.573654,-0.449368],[-78.573644,-0.449356],[-78.573633,-0.449344],[-78.573558,-0.449296],[-78.573322,-0.449176],[-78.573113,-0.449079],[-78.572501,-0.44854],[-78.57234,-0.448406],[-78.572247,-0.448317],[-78.572135,-0.448216],[-78.571989,-0.448118],[-78.571696,-0.447943],[-78.571403,-0.447987],[-78.571045,-0.447999],[-78.569212,-0.448059],[-78.569247,-0.448262],[-78.567759,-0.449202],[-78.567219,-0.449503],[-78.566635,-0.449915],[-78.567545,-0.449978],[-78.56801,-0.450031],[-78.568983,-0.450138],[-78.570064,-0.450249],[-78.571295,-0.450122],[-78.571209,-0.451022],[-78.571174,-0.451204]]]}},{"type":"Feature","properties":{"objectId":183,"fcode":"PATRIMONIO_183","tde":"EDIFICACIÓN PATRIMONIAL","obs":"DENTRO DEL PREDIO SE ENCUENTRA UNA EDIFICACIÓN PATRIMONIAL QUE DEBERÁ SER TOMADA EN CUENTA PARA CUALQUIER TRÁMITE POSTERIOR","category":"patrimonio","source":"GAD Mejía | patrimonio"},"geometry":{"type":"Polygon","coordinates":[[[-78.521778,-0.385568],[-78.521796,-0.385599],[-78.521767,-0.385617],[-78.521779,-0.385638],[-78.521805,-0.385687],[-78.521971,-0.385585],[-78.521919,-0.385514],[-78.521917,-0.385512],[-78.521915,-0.38551],[-78.521913,-0.385508],[-78.521911,-0.385507],[-78.521908,-0.385506],[-78.521906,-0.385505],[-78.521903,-0.385505],[-78.5219,-0.385504],[-78.521898,-0.385505],[-78.521895,-0.385505],[-78.521893,-0.385506],[-78.52189,-0.385507],[-78.521778,-0.385568]]]}},{"type":"Feature","properties":{"objectId":184,"fcode":"PATRIMONIO_184","tde":"EDIFICACIÓN PATRIMONIAL","obs":"DENTRO DEL PREDIO SE ENCUENTRA UNA EDIFICACIÓN PATRIMONIAL QUE DEBERÁ SER TOMADA EN CUENTA PARA CUALQUIER TRÁMITE POSTERIOR","category":"patrimonio","source":"GAD Mejía | patrimonio"},"geometry":{"type":"Polygon","coordinates":[[[-78.561716,-0.508598],[-78.561732,-0.508607],[-78.561733,-0.508607],[-78.562065,-0.508782],[-78.562224,-0.5085],[-78.562181,-0.508476],[-78.562141,-0.508453],[-78.561989,-0.50837],[-78.561906,-0.508328],[-78.561873,-0.508311],[-78.561716,-0.508598]]]}},{"type":"Feature","properties":{"objectId":185,"fcode":"PATRIMONIO_185","tde":"EDIFICACIÓN PATRIMONIAL","obs":"DENTRO DEL PREDIO SE ENCUENTRA UNA EDIFICACIÓN PATRIMONIAL QUE DEBERÁ SER TOMADA EN CUENTA PARA CUALQUIER TRÁMITE POSTERIOR","category":"patrimonio","source":"GAD Mejía | patrimonio"},"geometry":{"type":"Polygon","coordinates":[[[-78.553467,-0.526792],[-78.553397,-0.526958],[-78.553417,-0.526968],[-78.553532,-0.527018],[-78.553662,-0.527075],[-78.553793,-0.527131],[-78.553851,-0.52696],[-78.553467,-0.526792]]]}},{"type":"Feature","properties":{"objectId":186,"fcode":"PATRIMONIO_186","tde":"EDIFICACIÓN PATRIMONIAL","obs":"DENTRO DEL PREDIO SE ENCUENTRA UNA EDIFICACIÓN PATRIMONIAL QUE DEBERÁ SER TOMADA EN CUENTA PARA CUALQUIER TRÁMITE POSTERIOR","category":"patrimonio","source":"GAD Mejía | patrimonio"},"geometry":{"type":"Polygon","coordinates":[[[-78.564236,-0.511459],[-78.564397,-0.511538],[-78.56444,-0.511433],[-78.564293,-0.511365],[-78.564272,-0.511399],[-78.564236,-0.511459]]]}},{"type":"Feature","properties":{"objectId":187,"fcode":"PATRIMONIO_187","tde":"EDIFICACIÓN PATRIMONIAL","obs":"DENTRO DEL PREDIO SE ENCUENTRA UNA EDIFICACIÓN PATRIMONIAL QUE DEBERÁ SER TOMADA EN CUENTA PARA CUALQUIER TRÁMITE POSTERIOR","category":"patrimonio","source":"GAD Mejía | patrimonio"},"geometry":{"type":"Polygon","coordinates":[[[-78.52153,-0.384964],[-78.521455,-0.385025],[-78.521388,-0.385102],[-78.521416,-0.385129],[-78.521563,-0.385004],[-78.52153,-0.384964]]]}},{"type":"Feature","properties":{"objectId":188,"fcode":"PATRIMONIO_188","tde":"EDIFICACIÓN PATRIMONIAL","obs":"DENTRO DEL PREDIO SE ENCUENTRA UNA EDIFICACIÓN PATRIMONIAL QUE DEBERÁ SER TOMADA EN CUENTA PARA CUALQUIER TRÁMITE POSTERIOR","category":"patrimonio","source":"GAD Mejía | patrimonio"},"geometry":{"type":"Polygon","coordinates":[[[-78.550874,-0.416193],[-78.550259,-0.414664],[-78.548986,-0.415187],[-78.549112,-0.415543],[-78.549245,-0.416051],[-78.549471,-0.416643],[-78.549471,-0.416643],[-78.550874,-0.416193]]]}},{"type":"Feature","properties":{"objectId":189,"fcode":"PATRIMONIO_189","tde":"EDIFICACIÓN PATRIMONIAL","obs":"DENTRO DEL PREDIO SE ENCUENTRA UNA EDIFICACIÓN PATRIMONIAL QUE DEBERÁ SER TOMADA EN CUENTA PARA CUALQUIER TRÁMITE POSTERIOR","category":"patrimonio","source":"GAD Mejía | patrimonio"},"geometry":{"type":"Polygon","coordinates":[[[-78.566014,-0.512734],[-78.565966,-0.512708],[-78.565867,-0.512894],[-78.565917,-0.512922],[-78.566014,-0.512734]]]}}]}