{
"type": "FeatureCollection",
"name": "CUERPO_AGUA_A",
"crs": { "type": "name", "properties": { "name": "urn:ogc:def:crs:OGC:1.3:CRS84" } },
"features": [
{ "type": "Feature", "properties": { "fcode": "EE020", "descripcion": "EE020", "cca": 1, "cca_etiq": "1", "cda": 2, "cda_etiq": "2", "cda_simb": "2", "uso": 3, "uso_etiq": "3", "ard": 6.5066496556212954, "txt": "", "SHAPE_Length": 3784.0625809753587, "SHAPE_Area": 65066.496556212958 }, "geometry": { "type": "MultiPolygon", "coordinates": [ [ [ [ -79.4384371656257, -1.085810452104931 ], [ -79.438176125173996, -1.08661606180265 ], [ -79.438268840213553, -1.087328164345884 ], [ -79.438324400128181, -1.087890341320761 ], [ -79.438324043475319, -1.088583656477379 ], [ -79.43832387953141, -1.088902206976676 ], [ -79.43830511791576, -1.089183271660338 ], [ -79.438379351314836, -1.089633028280239 ], [ -79.438472210325017, -1.0900640565939 ], [ -79.438807139223172, -1.090382782066377 ], [ -79.438993253080085, -1.090476570439018 ], [ -79.43912346967501, -1.090664021765052 ], [ -79.439290978089545, -1.090739062378511 ], [ -79.439793558675447, -1.090851754035588 ], [ -79.440184519432151, -1.090814481922643 ], [ -79.440556737865506, -1.091020796772989 ], [ -79.44087314682514, -1.091152130213564 ], [ -79.441263876249053, -1.09156457638807 ], [ -79.441412603865018, -1.091958158279826 ], [ -79.441579908903208, -1.092426702260365 ], [ -79.441672787347059, -1.09282025508798 ], [ -79.441970454950464, -1.093195176834756 ], [ -79.442268256958371, -1.093307761826555 ], [ -79.442566040605001, -1.093457823904022 ], [ -79.442770713097772, -1.093664051655724 ], [ -79.443068448552452, -1.093907805142458 ], [ -79.443179944020969, -1.094301367992061 ], [ -79.44329144821846, -1.094676192782285 ], [ -79.44347739835618, -1.095088532726804 ], [ -79.443626183958131, -1.095369684765537 ], [ -79.443923929245656, -1.095594700404785 ], [ -79.444221683367189, -1.095800977973559 ], [ -79.444500851341033, -1.095951030615107 ], [ -79.444835858063939, -1.09611985057522 ], [ -79.445040551092035, -1.096288602428986 ], [ -79.445431493332251, -1.096288806779418 ], [ -79.445803897720467, -1.096139094599637 ], [ -79.446381013782343, -1.096120657930004 ], [ -79.446803831552401, -1.096189040151151 ], [ -79.446682156982348, -1.096092764514402 ], [ -79.446376872178575, -1.095851206205873 ], [ -79.446008812203857, -1.095876865189613 ], [ -79.445506171354268, -1.095876602639728 ], [ -79.445040705772712, -1.095988789033786 ], [ -79.444835964409194, -1.095913728659869 ], [ -79.444705765774998, -1.095688800534686 ], [ -79.44448245757529, -1.095520039014471 ], [ -79.444222012039504, -1.09516387520702 ], [ -79.44398021252853, -1.094751505980806 ], [ -79.443812810715329, -1.094470343327072 ], [ -79.443626831445286, -1.094114218591245 ], [ -79.443477997452447, -1.093926758030788 ], [ -79.44329191197123, -1.093776754240288 ], [ -79.443198994772729, -1.093458154403048 ], [ -79.442789610144587, -1.093120651304714 ], [ -79.442063642491007, -1.092989103806267 ], [ -79.441914953505943, -1.092520568515114 ], [ -79.441710425020531, -1.092033266958565 ], [ -79.441524484524962, -1.091602188530398 ], [ -79.44137571824966, -1.091283559867641 ], [ -79.441208297327137, -1.091039874747665 ], [ -79.44063138628664, -1.090664808634335 ], [ -79.440221963795224, -1.090402259317444 ], [ -79.43986824572417, -1.090420812873089 ], [ -79.43955172118082, -1.09051433896459 ], [ -79.439104998458916, -1.09038293754862 ], [ -79.438825938674029, -1.090026765099653 ], [ -79.438639959062897, -1.089670641286293 ], [ -79.438696377084142, -1.08856511250985 ], [ -79.43856640136994, -1.087909205456991 ], [ -79.438566584402423, -1.087553178810206 ], [ -79.438548179351216, -1.087140927403822 ], [ -79.438455223563352, -1.086897281540391 ], [ -79.43845529094564, -1.086766113358629 ], [ -79.438529977204311, -1.086335172348208 ], [ -79.438641856895913, -1.085979202883621 ], [ -79.438753689336096, -1.085716925465681 ], [ -79.439033057050253, -1.085473473137299 ], [ -79.439592549109506, -1.085405134130888 ], [ -79.439488389536294, -1.085107377269819 ], [ -79.438884213718978, -1.08530475142145 ], [ -79.4384371656257, -1.085810452104931 ] ] ] ] } },
{ "type": "Feature", "properties": { "fcode": "EE020", "descripcion": "EE020", "cca": 1, "cca_etiq": "1", "cda": 2, "cda_etiq": "2", "cda_simb": "2", "uso": 3, "uso_etiq": "3", "ard": 49.176630994561037, "txt": "", "SHAPE_Length": 10500.436309012694, "SHAPE_Area": 491766.30994561035 }, "geometry": { "type": "MultiPolygon", "coordinates": [ [ [ [ -79.456680505462913, -1.076660817750794 ], [ -79.454385640687491, -1.078807393191449 ], [ -79.453419559287028, -1.079746796791663 ], [ -79.453815490052392, -1.0801742266033 ], [ -79.453900220510945, -1.080487569323873 ], [ -79.454466330501006, -1.080117595535833 ], [ -79.454834483818942, -1.079519667242054 ], [ -79.456136510758895, -1.078722843211069 ], [ -79.457014080333551, -1.077954282467071 ], [ -79.457806560080869, -1.077584423145547 ], [ -79.458542590660002, -1.076929715901814 ], [ -79.459900666885474, -1.077215225854366 ], [ -79.460126778943845, -1.077728013285722 ], [ -79.460267745122451, -1.078753431697286 ], [ -79.460239004365988, -1.079636354250283 ], [ -79.460436590908103, -1.080604838108407 ], [ -79.460860911596058, -1.081500889653291 ], [ -79.461030181929203, -1.081858342411959 ], [ -79.461623657043063, -1.083339701784234 ], [ -79.462104077047613, -1.084564668039148 ], [ -79.461990252849205, -1.085363757739264 ], [ -79.461905297452077, -1.085960177918118 ], [ -79.461112336336825, -1.087269936773238 ], [ -79.459948303710604, -1.088895497178937 ], [ -79.459583250950644, -1.089405289254404 ], [ -79.458648907099203, -1.090515599860427 ], [ -79.458284569619664, -1.090558134013002 ], [ -79.457817908500971, -1.090109305421077 ], [ -79.457627168901581, -1.089596534417945 ], [ -79.457245321157316, -1.089297278447751 ], [ -79.456842207295139, -1.089083457290126 ], [ -79.456078207100006, -1.08908306342659 ], [ -79.454719920518798, -1.089210531151754 ], [ -79.453700938733036, -1.08982948234437 ], [ -79.452639109379064, -1.091238780328252 ], [ -79.451619787931406, -1.092519929402965 ], [ -79.451259549204948, -1.092794332370174 ], [ -79.450919181486057, -1.093053598703371 ], [ -79.450303485895375, -1.093544587986206 ], [ -79.450048655134808, -1.093864874566188 ], [ -79.450112245660023, -1.094014436693609 ], [ -79.45034580989747, -1.093779584511317 ], [ -79.450685529741435, -1.093459341049945 ], [ -79.451230689540111, -1.093249513244403 ], [ -79.451683169870762, -1.093075356241292 ], [ -79.45236230219821, -1.093032985881575 ], [ -79.452489515616946, -1.093268026642771 ], [ -79.452170963737956, -1.093695087149495 ], [ -79.451640254546191, -1.093993869931499 ], [ -79.451067167423545, -1.094164462224695 ], [ -79.450621446946286, -1.094271036902687 ], [ -79.450345524878031, -1.094334977059629 ], [ -79.450005937354263, -1.094398884959852 ], [ -79.449729982425126, -1.094526908621752 ], [ -79.44951766184063, -1.094719049858927 ], [ -79.450037700027892, -1.094735678300283 ], [ -79.450196760992824, -1.0947407641787 ], [ -79.450684894054817, -1.094698295388007 ], [ -79.451260979294901, -1.094540474064805 ], [ -79.451385325033812, -1.094506408622125 ], [ -79.452276899601983, -1.094036923344087 ], [ -79.452892595662817, -1.09354593243461 ], [ -79.453232402148657, -1.093054798980921 ], [ -79.453826985272656, -1.092350183354479 ], [ -79.454209377797312, -1.091581373657436 ], [ -79.45471909279992, -1.09083399130737 ], [ -79.455355998749582, -1.090364371201175 ], [ -79.456332406180891, -1.090001732524484 ], [ -79.457223479577152, -1.090514864750767 ], [ -79.457350616775926, -1.090899434334582 ], [ -79.457456630016907, -1.091091741501544 ], [ -79.457371533896293, -1.09149756345652 ], [ -79.45635255083964, -1.092116516122657 ], [ -79.455927876308294, -1.092564884067293 ], [ -79.455673067519299, -1.092842449282229 ], [ -79.455291045742996, -1.092884974358902 ], [ -79.455099914325345, -1.093141211418643 ], [ -79.455227084429595, -1.093461697093225 ], [ -79.455205643177067, -1.093888913305848 ], [ -79.454717291532219, -1.094358609318447 ], [ -79.454250358545124, -1.09444381182747 ], [ -79.453719715365523, -1.094614427647557 ], [ -79.453252804417247, -1.094656907131867 ], [ -79.452722116665015, -1.094912967255564 ], [ -79.452255129161259, -1.095104976577457 ], [ -79.451766524875779, -1.095066889881376 ], [ -79.451512417634731, -1.094976423093529 ], [ -79.451342541499258, -1.095168585747129 ], [ -79.45168200870971, -1.095339653296244 ], [ -79.452361042938406, -1.095489535603402 ], [ -79.453061256369281, -1.095724873512835 ], [ -79.453230869594421, -1.096045381182332 ], [ -79.453271441420497, -1.096121316406979 ], [ -79.453316740993003, -1.096089100034902 ], [ -79.454053131535019, -1.095486988142458 ], [ -79.45444156614839, -1.095153375142158 ], [ -79.454569455341741, -1.095051785494082 ], [ -79.455016075669022, -1.094754724715275 ], [ -79.455404555070018, -1.094331551568028 ], [ -79.455801186066552, -1.093786254403962 ], [ -79.456189727579968, -1.093240953697861 ], [ -79.456958601152621, -1.092386459380155 ], [ -79.457371420615985, -1.091816744516225 ], [ -79.457614272144141, -1.091450488240536 ], [ -79.457848683076662, -1.091535582905527 ], [ -79.457880868046558, -1.091497826415509 ], [ -79.458347768522742, -1.091476705495142 ], [ -79.459260521807948, -1.091092672026546 ], [ -79.4599185753017, -1.090772590677092 ], [ -79.461044115312959, -1.089277872792259 ], [ -79.461808668693806, -1.088188834408898 ], [ -79.462021367238961, -1.087249042047149 ], [ -79.46240375759146, -1.086480227377185 ], [ -79.462913513074398, -1.085647393545807 ], [ -79.463041256064841, -1.084835724957192 ], [ -79.463020379058378, -1.084152149275154 ], [ -79.462872092490116, -1.083618038510098 ], [ -79.462702691625182, -1.082870302146813 ], [ -79.462448261466278, -1.082400221368301 ], [ -79.461939487199771, -1.081289169182949 ], [ -79.461218458613843, -1.080242093219316 ], [ -79.460945349650828, -1.07945538662991 ], [ -79.460773436625175, -1.078960182694547 ], [ -79.460710392736544, -1.077721189916758 ], [ -79.460180310313149, -1.076781019411956 ], [ -79.459183168031288, -1.076182394233814 ], [ -79.458079755787395, -1.075904134619048 ], [ -79.457124587166831, -1.076245430541086 ], [ -79.456680505462913, -1.076660817750794 ] ] ] ] } },
{ "type": "Feature", "properties": { "fcode": "EE020", "descripcion": "EE020", "cca": 1, "cca_etiq": "1", "cda": 2, "cda_etiq": "2", "cda_simb": "2", "uso": 3, "uso_etiq": "3", "ard": 9.8826852150031392, "txt": "", "SHAPE_Length": 4663.6359362940366, "SHAPE_Area": 98826.852150031395 }, "geometry": { "type": "MultiPolygon", "coordinates": [ [ [ [ -79.458463601131129, -0.966957038104225 ], [ -79.458754929511556, -0.966913729348385 ], [ -79.459255863417667, -0.967240325348355 ], [ -79.459815680420192, -0.967715297055916 ], [ -79.460080731263204, -0.968219802993716 ], [ -79.460404719491507, -0.968754006649985 ], [ -79.460787484332144, -0.969673943261374 ], [ -79.460964148214785, -0.970089400747814 ], [ -79.461612325871783, -0.970712761696963 ], [ -79.462083798681419, -0.971009675335507 ], [ -79.462850011811611, -0.971336393797687 ], [ -79.463262507267274, -0.971692620147779 ], [ -79.463649402195642, -0.97162603981223 ], [ -79.463804198201686, -0.971514849383837 ], [ -79.464356743097497, -0.971782130498122 ], [ -79.464819597182924, -0.972159643446533 ], [ -79.464820810580804, -0.972160632513307 ], [ -79.464816335957693, -0.971822894195122 ], [ -79.464113740857201, -0.971403728837841 ], [ -79.4639148221016, -0.971314629318248 ], [ -79.463693796326524, -0.971225518782866 ], [ -79.463340040558009, -0.97133661815094 ], [ -79.463030549177887, -0.97133647646268 ], [ -79.462699130906714, -0.97093578263404 ], [ -79.462433983514444, -0.970646381351728 ], [ -79.46196984549654, -0.970423645583019 ], [ -79.461483632559109, -0.970134143220281 ], [ -79.46099773041577, -0.969154819606568 ], [ -79.460114082053991, -0.967797024796473 ], [ -79.459296552386817, -0.966884307112545 ], [ -79.458766106320979, -0.966639289918932 ], [ -79.458125007900406, -0.966661249677159 ], [ -79.457771324779145, -0.966616583415083 ], [ -79.456975701689672, -0.966148922189449 ], [ -79.456600012298523, -0.965881723115429 ], [ -79.456379198418645, -0.965325315818504 ], [ -79.456445739046814, -0.964835796236588 ], [ -79.456932461622415, -0.963990432868772 ], [ -79.457419384726805, -0.96270002347341 ], [ -79.457530336519156, -0.961765478074578 ], [ -79.457199229366665, -0.960674967018451 ], [ -79.457044694208093, -0.960207599361042 ], [ -79.456845915274855, -0.959806968047073 ], [ -79.456801861963967, -0.959450911608893 ], [ -79.456890636633844, -0.958672122652616 ], [ -79.45689074622203, -0.958427348099317 ], [ -79.457098220587525, -0.957683963086979 ], [ -79.456865998253761, -0.95729574780664 ], [ -79.456612990766629, -0.956746567364019 ], [ -79.456371139263538, -0.958664469947737 ], [ -79.456488734527724, -0.959346925463996 ], [ -79.456635738357519, -0.960177743816904 ], [ -79.456988975668509, -0.961216343098566 ], [ -79.457047473147725, -0.962225138784311 ], [ -79.456575414844309, -0.96323369265607 ], [ -79.455937390873558, -0.964613041344538 ], [ -79.455959095444939, -0.965503141944741 ], [ -79.45651499309453, -0.966497330007974 ], [ -79.456957002392897, -0.966764559531488 ], [ -79.457959042405122, -0.967032044370843 ], [ -79.458463601131129, -0.966957038104225 ] ] ] ] } },
{ "type": "Feature", "properties": { "fcode": "EE020", "descripcion": "EE020", "cca": 1, "cca_etiq": "1", "cda": 5, "cda_etiq": "5", "cda_simb": "5", "uso": 3, "uso_etiq": "3", "ard": 9.254974982084569, "txt": "", "SHAPE_Length": 4742.2118673830373, "SHAPE_Area": 92549.749820845696 }, "geometry": { "type": "MultiPolygon", "coordinates": [ [ [ [ -79.539353515970447, -0.992339375349492 ], [ -79.539366297619509, -0.992432953655934 ], [ -79.53938869233825, -0.99253298936579 ], [ -79.53940469738987, -0.992584623319421 ], [ -79.53944315096139, -0.992613679947553 ], [ -79.539478421286674, -0.992591109225686 ], [ -79.539532930882075, -0.992555639893383 ], [ -79.53965796645403, -0.99251052266631 ], [ -79.539770167483653, -0.992494439261059 ], [ -79.539901565846222, -0.992559030768936 ], [ -79.539943214008815, -0.992613902242307 ], [ -79.53996241416661, -0.992688123130389 ], [ -79.539981613805352, -0.99276557194118 ], [ -79.539968755706823, -0.992846231710453 ], [ -79.539978335703168, -0.992930129376266 ], [ -79.540013570127357, -0.992991451136182 ], [ -79.54005201946643, -0.993030187918105 ], [ -79.540071250766275, -0.993033423485972 ], [ -79.540119352310072, -0.992991498165756 ], [ -79.540138611407727, -0.992933426742193 ], [ -79.540173883161231, -0.992907629898344 ], [ -79.540228377205437, -0.992907654121505 ], [ -79.540314940832616, -0.992875426037346 ], [ -79.540350221977306, -0.992830267989874 ], [ -79.540417553403657, -0.99279480523753 ], [ -79.540481664260284, -0.992794833727375 ], [ -79.540542546574713, -0.992846486741115 ], [ -79.540548934837929, -0.992898116444249 ], [ -79.540500827632187, -0.992952948041931 ], [ -79.540452718492205, -0.993014232767325 ], [ -79.540475130219548, -0.993075548836771 ], [ -79.540491118298533, -0.993165902501355 ], [ -79.5405295534934, -0.993236905846393 ], [ -79.540571210681748, -0.9932691909295 ], [ -79.54062890215063, -0.993288575972714 ], [ -79.540689807119776, -0.993288603047476 ], [ -79.540785966353582, -0.99330477907563 ], [ -79.540888518098654, -0.993362904664202 ], [ -79.541013495740742, -0.993450079774965 ], [ -79.541125648743233, -0.993543702323588 ], [ -79.54122177596264, -0.993630864620031 ], [ -79.541253797435147, -0.99370831827026 ], [ -79.541308263205082, -0.993772875632243 ], [ -79.541388383428071, -0.9938148570748 ], [ -79.541455696506716, -0.993821341037376 ], [ -79.541484552616112, -0.993808446691224 ], [ -79.541539063693349, -0.993769751209161 ], [ -79.541615992176887, -0.99377946555674 ], [ -79.541686489936296, -0.99383434989576 ], [ -79.541702480861687, -0.993918249570027 ], [ -79.541740903347375, -0.994018293411944 ], [ -79.541750486187837, -0.99409573710502 ], [ -79.541763272617061, -0.994176409242919 ], [ -79.541769641051985, -0.99427321091429 ], [ -79.541759987415972, -0.994357100095038 ], [ -79.541753536850052, -0.994447442930381 ], [ -79.541769533423121, -0.994518436342656 ], [ -79.541785545575038, -0.994553937065635 ], [ -79.54182079844766, -0.994573312151258 ], [ -79.541868879330863, -0.994576560555477 ], [ -79.541968250220592, -0.994579830864774 ], [ -79.542035561915199, -0.99458954095535 ], [ -79.542115685009847, -0.994625070192158 ], [ -79.542147719237832, -0.994673483413267 ], [ -79.54214769516183, -0.99472833641928 ], [ -79.542147658336873, -0.994812229890405 ], [ -79.542153250492319, -0.994865930432235 ], [ -79.542160426340686, -0.99493484787617 ], [ -79.542221264801171, -0.995086527719656 ], [ -79.542294921738829, -0.99524789252638 ], [ -79.542349376200207, -0.995338263385551 ], [ -79.542410255748905, -0.99539637051663 ], [ -79.542474328454617, -0.995483518641013 ], [ -79.542611067753654, -0.995552414158485 ], [ -79.542747790060389, -0.995660030308982 ], [ -79.542833220353216, -0.995776227526103 ], [ -79.542850254079426, -0.995918207769807 ], [ -79.542803194718843, -0.99602143975226 ], [ -79.542670643686904, -0.99614614473301 ], [ -79.54252101447932, -0.996232121454688 ], [ -79.542388493690524, -0.996287991740661 ], [ -79.542243151966701, -0.996343855399472 ], [ -79.542076454155833, -0.99636529220106 ], [ -79.541935391462914, -0.996408251468081 ], [ -79.541824237225811, -0.996472735105484 ], [ -79.541751537040028, -0.996567350803087 ], [ -79.541677775184084, -0.996644757358034 ], [ -79.541607253302132, -0.996644725923478 ], [ -79.541504678259884, -0.99664145317927 ], [ -79.541427755925895, -0.996615606350421 ], [ -79.54134444913268, -0.99653167575513 ], [ -79.541277191374007, -0.99639935336158 ], [ -79.541222729895267, -0.996325116690493 ], [ -79.541171472006752, -0.996254107564536 ], [ -79.541123428542036, -0.996163739568815 ], [ -79.541065776251287, -0.996057234912886 ], [ -79.541040177110347, -0.995953970659309 ], [ -79.541008159958139, -0.995866836833191 ], [ -79.54097615131829, -0.995760342709397 ], [ -79.540918504699491, -0.995640930900351 ], [ -79.540867255325608, -0.995550562400216 ], [ -79.540857679647985, -0.995456985448714 ], [ -79.540867334765053, -0.995369870196248 ], [ -79.540832119688019, -0.995266601675083 ], [ -79.540800089760339, -0.995208507407658 ], [ -79.54076804990477, -0.995173000457468 ], [ -79.540716769326551, -0.995153617317784 ], [ -79.540665481138433, -0.995153594475783 ], [ -79.540598162387738, -0.995160018529511 ], [ -79.540537250814566, -0.995172897662754 ], [ -79.540569297756775, -0.995192271332708 ], [ -79.540643018387868, -0.995208437451056 ], [ -79.540713530279945, -0.995231056176409 ], [ -79.54075518037844, -0.995279473672362 ], [ -79.540780790880646, -0.995356925382695 ], [ -79.540793575302459, -0.995444049723239 ], [ -79.540793535579382, -0.995534396274458 ], [ -79.540803123122913, -0.99559893368028 ], [ -79.540828733618724, -0.995676384490983 ], [ -79.540870360492676, -0.99577965587527 ], [ -79.540899164640322, -0.995882921548684 ], [ -79.540934379178438, -0.995989416195573 ], [ -79.540969585718528, -0.996112045031031 ], [ -79.541011214004754, -0.996212089409735 ], [ -79.541036802298805, -0.996337940078627 ], [ -79.541072016826945, -0.996444434737476 ], [ -79.541107247492192, -0.996512210605974 ], [ -79.541155295207076, -0.996592898457948 ], [ -79.541187319444248, -0.996663899015244 ], [ -79.541270631385075, -0.996738148558326 ], [ -79.541325112739372, -0.996767212406332 ], [ -79.541408452187937, -0.996776929719426 ], [ -79.541514224618538, -0.99679956330196 ], [ -79.541530243840484, -0.996818930752404 ], [ -79.54154304385483, -0.996870562440987 ], [ -79.541520585316476, -0.996915726178239 ], [ -79.541459666579058, -0.996944738571073 ], [ -79.541328236801945, -0.996951133093721 ], [ -79.541280153580914, -0.996951111649454 ], [ -79.541219242847248, -0.996963990750773 ], [ -79.541171158207817, -0.996967196322993 ], [ -79.541091029455202, -0.996944574163243 ], [ -79.541007698538763, -0.996915497441661 ], [ -79.540959640894371, -0.996857395999259 ], [ -79.540924398877664, -0.996815433559199 ], [ -79.540914784896614, -0.996808976138136 ], [ -79.54092437472957, -0.996870286534477 ], [ -79.540943586167174, -0.996918694957512 ], [ -79.541026912296815, -0.996960678848629 ], [ -79.541103825196132, -0.997005885994489 ], [ -79.541123048000443, -0.997028480988352 ], [ -79.541164717462053, -0.997034952709243 ], [ -79.541209589092205, -0.997047879896284 ], [ -79.541273698633447, -0.997051134606738 ], [ -79.541350627169095, -0.997060849072114 ], [ -79.541417946883101, -0.997054425962879 ], [ -79.541478834899664, -0.997093172829187 ], [ -79.541501256515701, -0.99713190254058 ], [ -79.541514059885827, -0.997173854982197 ], [ -79.541520440452601, -0.997244844117255 ], [ -79.541475539504049, -0.997296450068977 ], [ -79.541408199370821, -0.99735127302669 ], [ -79.541385729452756, -0.997422249286993 ], [ -79.541347226104122, -0.997506125563982 ], [ -79.541308724172836, -0.997586773914603 ], [ -79.541250981478697, -0.997683547865605 ], [ -79.541151585844943, -0.997738356492577 ], [ -79.541093870153048, -0.99777382431882 ], [ -79.541052173673208, -0.997828658693538 ], [ -79.540968814311114, -0.99786411416004 ], [ -79.540891874398667, -0.997880213090032 ], [ -79.540866212767668, -0.997918921331825 ], [ -79.5408405383359, -0.997986670020073 ], [ -79.540885420819635, -0.997977009912426 ], [ -79.540965565744287, -0.997960912417115 ], [ -79.541048920321273, -0.99793836321863 ], [ -79.541125867349209, -0.997906131003219 ], [ -79.541196409146437, -0.997860989657073 ], [ -79.541273367547404, -0.997802943998673 ], [ -79.541308644580525, -0.997767466151838 ], [ -79.541369582340224, -0.997693280951519 ], [ -79.541395255334876, -0.997628759258267 ], [ -79.541414517931315, -0.997561008587926 ], [ -79.541433777161188, -0.99750293716405 ], [ -79.541462650895554, -0.997448097048023 ], [ -79.541510748335213, -0.997415851929487 ], [ -79.541571664769378, -0.997390065662074 ], [ -79.54164219803009, -0.99736428458628 ], [ -79.541690309673541, -0.997299772887289 ], [ -79.541703167017914, -0.99721911217203 ], [ -79.541712819349129, -0.997138450026511 ], [ -79.5417513141564, -0.99707393493578 ], [ -79.541760966481064, -0.996993272787686 ], [ -79.541751383730968, -0.996915829083184 ], [ -79.541786680618273, -0.996835178366342 ], [ -79.541821972344493, -0.996764207799646 ], [ -79.541850846053137, -0.996709367660891 ], [ -79.541927795372743, -0.996673908353447 ], [ -79.54197268121051, -0.996654568949603 ], [ -79.542091296270684, -0.996632035378616 ], [ -79.542174657031381, -0.996593352799676 ], [ -79.542254817039009, -0.996544988632444 ], [ -79.542354216894694, -0.996480499735611 ], [ -79.54242153430674, -0.996477302700705 ], [ -79.542508061261998, -0.99652896814965 ], [ -79.542588168791937, -0.99659999015396 ], [ -79.54265544082088, -0.99670004601652 ], [ -79.54270989758416, -0.996787189898631 ], [ -79.542812438640354, -0.996867902066977 ], [ -79.542892543347961, -0.996945377222767 ], [ -79.542966241394495, -0.99701316936754 ], [ -79.543023912211112, -0.997077728257548 ], [ -79.5431200673832, -0.997103584555714 ], [ -79.54319700024476, -0.997103618828013 ], [ -79.543283555616227, -0.997090750201043 ], [ -79.543370108153113, -0.997084335613875 ], [ -79.543527176969448, -0.997090858710482 ], [ -79.543648982952107, -0.9971005931196 ], [ -79.543732299290753, -0.997165163440393 ], [ -79.54379316754239, -0.997249083190166 ], [ -79.543850826527205, -0.997342682582587 ], [ -79.543908460501029, -0.997491134122163 ], [ -79.54396930322099, -0.997633133956041 ], [ -79.543946786499987, -0.997810589388075 ], [ -79.54391470543149, -0.997868655175937 ], [ -79.543892222749875, -0.997968671110334 ], [ -79.543885773504087, -0.998055787905796 ], [ -79.54383766182373, -0.998120299683869 ], [ -79.543876115503465, -0.99814935641181 ], [ -79.543911391139289, -0.998117105523425 ], [ -79.543953098989704, -0.998036457582005 ], [ -79.54400441709933, -0.997968721107251 ], [ -79.544058958145186, -0.997862266308934 ], [ -79.544103868158885, -0.997788072924018 ], [ -79.544119934226913, -0.997700960402624 ], [ -79.544094333599361, -0.997600923036792 ], [ -79.544046307945109, -0.997471835190225 ], [ -79.544033537671737, -0.997352443213545 ], [ -79.54403357028832, -0.997278230740497 ], [ -79.543972740309613, -0.997107190424695 ], [ -79.543860608378253, -0.996965167770625 ], [ -79.543806163800483, -0.996852211299375 ], [ -79.543786957965793, -0.996790896552051 ], [ -79.543806213416786, -0.996739278185245 ], [ -79.543828670524618, -0.996697341406567 ], [ -79.543892791475855, -0.996674783498723 ], [ -79.544008176102523, -0.996710328486975 ], [ -79.544078695227171, -0.99671681301257 ], [ -79.544171641700771, -0.996749120990763 ], [ -79.544280610271954, -0.99679434238389 ], [ -79.544402421956136, -0.996791170468816 ], [ -79.544469764420512, -0.996733120336334 ], [ -79.544521078222431, -0.996675063068227 ], [ -79.544591631362479, -0.996604108067987 ], [ -79.544671780090241, -0.996581557263822 ], [ -79.544748718658369, -0.996568685196404 ], [ -79.544851267838965, -0.996633264055234 ], [ -79.544931365587487, -0.996726872533455 ], [ -79.544995424759378, -0.996843060340841 ], [ -79.545003459666134, -0.996854529438896 ], [ -79.545072309517764, -0.996952800713981 ], [ -79.545107538383277, -0.997027029812369 ], [ -79.545161985864709, -0.99713353318787 ], [ -79.545238906046833, -0.997162607013538 ], [ -79.545315820565506, -0.997204588032336 ], [ -79.545373495218229, -0.997262693809421 ], [ -79.545395901332455, -0.997336916309983 ], [ -79.545415095345149, -0.9974272716038 ], [ -79.545443913802586, -0.997498270839549 ], [ -79.54545990614892, -0.997578944540504 ], [ -79.545466280232418, -0.997662840082897 ], [ -79.545491899339595, -0.997720931606864 ], [ -79.54561044091426, -0.997866183319191 ], [ -79.545700151802791, -0.997966249279148 ], [ -79.545831539350445, -0.99805665452668 ], [ -79.545985353762887, -0.998176109376923 ], [ -79.546084678685872, -0.998282632782513 ], [ -79.546148754373391, -0.998363327912306 ], [ -79.546183979515192, -0.998444010202556 ], [ -79.54643257645985, -0.998570758134306 ], [ -79.546809988921069, -0.998418993552058 ], [ -79.547376256752656, -0.997849500480957 ], [ -79.547401275868253, -0.99782119370858 ], [ -79.547354305440692, -0.997760479742798 ], [ -79.547351037217837, -0.997759132489222 ], [ -79.54728379609665, -0.997731407864331 ], [ -79.547178040837622, -0.99766682844138 ], [ -79.547062649815771, -0.997647416791529 ], [ -79.546918413913744, -0.997615086016026 ], [ -79.546790213783538, -0.997566629041057 ], [ -79.54666843360846, -0.997495588445755 ], [ -79.546521005466047, -0.997434216626342 ], [ -79.546456912753726, -0.997392241306189 ], [ -79.546376781836571, -0.997376072355159 ], [ -79.546306272534707, -0.997347001384723 ], [ -79.546155639926837, -0.997282401117544 ], [ -79.546088352125182, -0.997217838815802 ], [ -79.546014658161937, -0.99714036556425 ], [ -79.545995458454371, -0.997062917448956 ], [ -79.545957034450467, -0.996966100441733 ], [ -79.545934625477159, -0.99689833107604 ], [ -79.545909017150208, -0.996817653090448 ], [ -79.545819299666988, -0.996730493463212 ], [ -79.545771251740931, -0.996649806413225 ], [ -79.545764881859583, -0.996556230691838 ], [ -79.545787348864394, -0.9964917073992 ], [ -79.545816228210356, -0.996423959928856 ], [ -79.545838690448221, -0.99637234382944 ], [ -79.545841918103108, -0.99632071827826 ], [ -79.54583553264311, -0.996262636213297 ], [ -79.54580028534005, -0.996230353913948 ], [ -79.545742593165571, -0.996214194962462 ], [ -79.5456560533014, -0.996191570046922 ], [ -79.545582367839458, -0.996094737398611 ], [ -79.545524692651639, -0.996039858674484 ], [ -79.545506691470663, -0.996003580106594 ], [ -79.545495867600991, -0.995981765744274 ], [ -79.545473440227042, -0.995955943196379 ], [ -79.545444592023912, -0.995952703354878 ], [ -79.545425352686777, -0.995965602003524 ], [ -79.545412502536308, -0.9960301286572 ], [ -79.545412465745713, -0.996114022250004 ], [ -79.54542884066359, -0.99614402240967 ], [ -79.545447698888594, -0.996178570269501 ], [ -79.545505352844359, -0.996281848939541 ], [ -79.54552134947599, -0.996352842464774 ], [ -79.545540547772944, -0.996433517585398 ], [ -79.545553337072761, -0.996507736712312 ], [ -79.545537289486688, -0.996552902507027 ], [ -79.545521253224621, -0.996572254817093 ], [ -79.545482779681393, -0.996588371031736 ], [ -79.545386622982619, -0.996565741822287 ], [ -79.545335347407431, -0.996536679419321 ], [ -79.54528407235135, -0.996504389992188 ], [ -79.545247369440261, -0.996451682183247 ], [ -79.545174167167175, -0.996220231805965 ], [ -79.545080244826238, -0.995974964222363 ], [ -79.544990550457172, -0.99583725396006 ], [ -79.544913653412763, -0.995755477849836 ], [ -79.544866662997165, -0.995699528513238 ], [ -79.544798292803819, -0.995665080761922 ], [ -79.544768363539021, -0.995690880038982 ], [ -79.544721331617865, -0.995729578907107 ], [ -79.544665744548354, -0.995785483559894 ], [ -79.544580270718939, -0.995768235982841 ], [ -79.544481995806024, -0.995703659966728 ], [ -79.54440937303788, -0.995621885767266 ], [ -79.544370961328028, -0.995497104617262 ], [ -79.544422323188584, -0.995329341201462 ], [ -79.544473692577327, -0.995144369097086 ], [ -79.54449508554913, -0.995092752549672 ], [ -79.544516493606466, -0.995006717736172 ], [ -79.544516518121426, -0.994950789299269 ], [ -79.544465224192066, -0.99496367280515 ], [ -79.544401071687517, -0.995058293424103 ], [ -79.5443668361238, -0.99515722881915 ], [ -79.544277037135814, -0.995256139523477 ], [ -79.544272736475136, -0.995316368450765 ], [ -79.544264128499151, -0.995454034983237 ], [ -79.544289703262521, -0.995613227786012 ], [ -79.544336653123054, -0.995759523808488 ], [ -79.544375061044505, -0.995892908848612 ], [ -79.544392118394768, -0.995983263145689 ], [ -79.544383543467177, -0.996043490174104 ], [ -79.544285174158276, -0.996194023077424 ], [ -79.544161211237068, -0.996228386210655 ], [ -79.5440543425252, -0.996267058431148 ], [ -79.543926121373488, -0.996267001391276 ], [ -79.543810720184453, -0.996271252445764 ], [ -79.54358422014289, -0.996213788807977 ], [ -79.543470300433754, -0.996087539656087 ], [ -79.543396292351048, -0.995915419073171 ], [ -79.543356476437808, -0.995743312804715 ], [ -79.543345142599378, -0.995599901539164 ], [ -79.54338508352096, -0.995485193597915 ], [ -79.54343071114225, -0.995399169607296 ], [ -79.543464969654323, -0.99525004177965 ], [ -79.543419442715745, -0.995106615310582 ], [ -79.543311193709954, -0.995043468416815 ], [ -79.543259905464041, -0.995043445617938 ], [ -79.543185821845185, -0.995043412684545 ], [ -79.543100317889056, -0.995095000690367 ], [ -79.542997715334309, -0.995152317913929 ], [ -79.54291789556278, -0.995238326681148 ], [ -79.542849500273121, -0.995261240856292 ], [ -79.54278111343676, -0.995266947266582 ], [ -79.542712750885713, -0.995215289946116 ], [ -79.542638692462575, -0.995157894172416 ], [ -79.542604563255836, -0.995014472815379 ], [ -79.542576139988469, -0.994853844426346 ], [ -79.542598975630909, -0.994762074409949 ], [ -79.542656012587557, -0.994647374100451 ], [ -79.542713047917843, -0.994538410609527 ], [ -79.542713088177777, -0.994446630452248 ], [ -79.542701756808867, -0.994297482406096 ], [ -79.542616315796465, -0.994205664266283 ], [ -79.542547938156076, -0.994188425213119 ], [ -79.542472350463441, -0.994188391623529 ], [ -79.542451060117671, -0.99418838216223 ], [ -79.54235987040984, -0.994211286224502 ], [ -79.542262973865732, -0.994251397316624 ], [ -79.542171799261325, -0.994239884044597 ], [ -79.542057836854227, -0.994211151976268 ], [ -79.541960996587392, -0.994125064702085 ], [ -79.541841413818076, -0.993918506681155 ], [ -79.541841456593289, -0.993820989736404 ], [ -79.54184151948985, -0.993677583635075 ], [ -79.541778893998824, -0.993539884696146 ], [ -79.54169342033498, -0.993522638055983 ], [ -79.54160793409666, -0.993534072813122 ], [ -79.541431288400901, -0.993499576993733 ], [ -79.541340139010188, -0.993430700943909 ], [ -79.541192012231093, -0.993338855000095 ], [ -79.541066683322398, -0.993241282371078 ], [ -79.540918559085526, -0.993143700522502 ], [ -79.540837330947284, -0.993130562800796 ], [ -79.540766827565221, -0.993088585653395 ], [ -79.540744429981771, -0.9929950030172 ], [ -79.540770107056431, -0.992920801141966 ], [ -79.54079900045086, -0.992820788163166 ], [ -79.540712497652621, -0.9927142698795 ], [ -79.540670833385278, -0.99269811808619 ], [ -79.54051056189796, -0.992685140614266 ], [ -79.540343897397577, -0.992633439698603 ], [ -79.540241321633772, -0.992630168004764 ], [ -79.540190019860248, -0.992659184748481 ], [ -79.540109871396311, -0.992681735538907 ], [ -79.540071420638156, -0.992646225779438 ], [ -79.540029788938, -0.992555860737159 ], [ -79.539972117308039, -0.992491301995431 ], [ -79.539888804895526, -0.992420278731541 ], [ -79.539792657045481, -0.992378290207552 ], [ -79.539699726424232, -0.992310488787264 ], [ -79.539629238661831, -0.992233018101596 ], [ -79.53960363094653, -0.992149114233042 ], [ -79.539574811153372, -0.992081341309647 ], [ -79.539545987114437, -0.992023249436066 ], [ -79.539507520804975, -0.992023232344725 ], [ -79.539453020234291, -0.992036114385881 ], [ -79.539401702404902, -0.99210385169439 ], [ -79.539385653473275, -0.992152243479032 ], [ -79.53938240228166, -0.99225549480483 ], [ -79.539353515970447, -0.992339375349492 ] ] ] ] } },
{ "type": "Feature", "properties": { "fcode": "EE020", "descripcion": "EE020", "cca": 1, "cca_etiq": "1", "cda": 2, "cda_etiq": "2", "cda_simb": "2", "uso": 3, "uso_etiq": "3", "ard": 13.045778262509323, "txt": "", "SHAPE_Length": 8205.8604360073714, "SHAPE_Area": 130457.78262509323 }, "geometry": { "type": "MultiPolygon", "coordinates": [ [ [ [ -79.442197847246106, -0.942171911777312 ], [ -79.442162601464176, -0.942256954021186 ], [ -79.4419159095347, -0.942844347069666 ], [ -79.441811980566712, -0.94322291412785 ], [ -79.441759850903239, -0.943784283989017 ], [ -79.441422222575753, -0.944698027158773 ], [ -79.440734612850079, -0.945141608369667 ], [ -79.440204045969594, -0.945255176256194 ], [ -79.439943365820682, -0.945310974181529 ], [ -79.439281923027011, -0.945245396902925 ], [ -79.438464911081638, -0.945023081499172 ], [ -79.437297813713556, -0.944565606264982 ], [ -79.43679525426225, -0.944434430266609 ], [ -79.436195492117974, -0.944277882799125 ], [ -79.435378417489545, -0.94419917896793 ], [ -79.433420012725577, -0.944054679606272 ], [ -79.43226572626746, -0.943962766526968 ], [ -79.432240265520861, -0.943965355086925 ], [ -79.431370756526462, -0.944053749499602 ], [ -79.431020515042064, -0.944171091162988 ], [ -79.429976353701477, -0.94434759161127 ], [ -79.429975226752731, -0.94434822507422 ], [ -79.429192193361374, -0.944788223906969 ], [ -79.428354189269029, -0.945397094969204 ], [ -79.42832459164174, -0.94541860045227 ], [ -79.42803277927085, -0.945630622917358 ], [ -79.427902774704776, -0.945935585993311 ], [ -79.427772841611016, -0.946083680561823 ], [ -79.427634254009973, -0.946223056493019 ], [ -79.427313818663265, -0.946440783177024 ], [ -79.427123288053934, -0.946571420654423 ], [ -79.426889453236711, -0.946736896964397 ], [ -79.426690269926638, -0.946858814845809 ], [ -79.42653436240883, -0.947006897353228 ], [ -79.426395814955498, -0.947059123799914 ], [ -79.426274641510972, -0.946980633770511 ], [ -79.426250183527856, -0.946931339007464 ], [ -79.426220931245794, -0.946952068623619 ], [ -79.425791421922639, -0.947386045063472 ], [ -79.427301548380314, -0.946851656402659 ], [ -79.428616138847602, -0.945604423757243 ], [ -79.429955398151321, -0.944631723338671 ], [ -79.43176551276683, -0.944133412706242 ], [ -79.433724028548397, -0.944433781709956 ], [ -79.434575430985248, -0.944564357394166 ], [ -79.434596204616597, -0.944567543029425 ], [ -79.434999502213429, -0.944629395299113 ], [ -79.435389285169393, -0.944570996504226 ], [ -79.435633049823807, -0.94453447468232 ], [ -79.436173112035419, -0.944453559434398 ], [ -79.43687261489832, -0.944734690263409 ], [ -79.437889140257624, -0.945143230526118 ], [ -79.438599874417008, -0.945428874037021 ], [ -79.439723499906577, -0.945459726699125 ], [ -79.44111201630983, -0.945235743445232 ], [ -79.441806513444192, -0.944587180187745 ], [ -79.44215405118976, -0.943614020870297 ], [ -79.442386634482133, -0.942962749656712 ], [ -79.442393869059018, -0.942602576776774 ], [ -79.442402625979881, -0.942166637284294 ], [ -79.443022742642583, -0.94151803889906 ], [ -79.443865919905662, -0.94104423819952 ], [ -79.445006515254605, -0.940795181931916 ], [ -79.445685378041944, -0.940646947879288 ], [ -79.445808843608177, -0.941219868119896 ], [ -79.446592505111568, -0.942542873750676 ], [ -79.446866066350964, -0.943763110637169 ], [ -79.446575522158966, -0.943835873291815 ], [ -79.446419798447167, -0.944461692938736 ], [ -79.446447846563288, -0.944945347586088 ], [ -79.44681514510242, -0.945215783977655 ], [ -79.446865120425741, -0.945892762913518 ], [ -79.446864686163622, -0.946868853945611 ], [ -79.446864310758428, -0.947711841650534 ], [ -79.446864003781087, -0.948400614755104 ], [ -79.447436736717677, -0.948998765152296 ], [ -79.447819999844072, -0.949399038076598 ], [ -79.448626516614524, -0.949664819867714 ], [ -79.450257540636969, -0.949266245759933 ], [ -79.450855852402469, -0.949120036033506 ], [ -79.450949525948516, -0.949097144594033 ], [ -79.450923209801317, -0.949046795845211 ], [ -79.450883900308085, -0.948971589336862 ], [ -79.450857129025266, -0.94892037035634 ], [ -79.450844486681873, -0.948896182007936 ], [ -79.450693957167772, -0.948893083510055 ], [ -79.450290808482649, -0.949015271911182 ], [ -79.44987673031838, -0.949140773514342 ], [ -79.449202180446875, -0.949375471706359 ], [ -79.448579568992358, -0.949479636403802 ], [ -79.448151602753768, -0.949374997171431 ], [ -79.447788533524516, -0.949165942313524 ], [ -79.44750328403191, -0.948956921747161 ], [ -79.447386629341992, -0.948787145811882 ], [ -79.447308065801977, -0.948593587049203 ], [ -79.447270026141368, -0.948499867348374 ], [ -79.447236789396683, -0.948312027664508 ], [ -79.447205338783206, -0.948134279123001 ], [ -79.447192525603299, -0.947781770172635 ], [ -79.44714086651318, -0.947285630363081 ], [ -79.447141097424506, -0.946766872455672 ], [ -79.447141261610611, -0.946397844273265 ], [ -79.447193484125194, -0.945627582271252 ], [ -79.447258712246736, -0.944778991937975 ], [ -79.44728327870078, -0.944514443139342 ], [ -79.447310841442203, -0.944217620549167 ], [ -79.447311119438893, -0.943590947528211 ], [ -79.447103940115824, -0.942820568911247 ], [ -79.446715162113151, -0.942089276451963 ], [ -79.446404083048563, -0.941632188002568 ], [ -79.446105951099028, -0.941227327898225 ], [ -79.445950582033959, -0.940613641286014 ], [ -79.445668753440856, -0.940284265782685 ], [ -79.445507009251884, -0.940378427506234 ], [ -79.445296640160279, -0.940267825306834 ], [ -79.444912374144792, -0.940322906935806 ], [ -79.444720147386022, -0.940562255299282 ], [ -79.44423516495965, -0.940801472203986 ], [ -79.443686227740599, -0.940847271112264 ], [ -79.443219546657531, -0.941077286478099 ], [ -79.442807720297267, -0.941390207601272 ], [ -79.442551350693705, -0.941859751556333 ], [ -79.442197847246106, -0.942171911777312 ] ] ] ] } },
{ "type": "Feature", "properties": { "fcode": "EE020", "descripcion": "EE020", "cca": 1, "cca_etiq": "1", "cda": 1, "cda_etiq": "1", "cda_simb": "1", "uso": 3, "uso_etiq": "3", "ard": 1.8416242792373487, "txt": "", "SHAPE_Length": 1321.7426084431677, "SHAPE_Area": 18416.242792373487 }, "geometry": { "type": "MultiPolygon", "coordinates": [ [ [ [ -79.429484505031979, -0.992655660986024 ], [ -79.429436681771421, -0.99265280648578 ], [ -79.429365769059913, -0.992590289410407 ], [ -79.429259351108584, -0.992599164823502 ], [ -79.429214970448427, -0.992688405653178 ], [ -79.429055291307179, -0.992813295607213 ], [ -79.428975477019534, -0.992822183723533 ], [ -79.42885136123796, -0.992750714902491 ], [ -79.428691783257449, -0.992661376534767 ], [ -79.428558796300294, -0.992598829771344 ], [ -79.42839920570745, -0.992536270283666 ], [ -79.428266206132122, -0.99250050148916 ], [ -79.428221921513867, -0.992384439420118 ], [ -79.428195369338823, -0.992277313032852 ], [ -79.428168816262314, -0.992170185743215 ], [ -79.428044713189252, -0.992071938092626 ], [ -79.427964945307295, -0.99198263884735 ], [ -79.427947235727572, -0.99192907263682 ], [ -79.427885177429303, -0.991893338702591 ], [ -79.427805346355782, -0.99193793106653 ], [ -79.427805304218168, -0.992027193037132 ], [ -79.427840725163378, -0.992134324551318 ], [ -79.428000281981127, -0.992268293420738 ], [ -79.428080041430277, -0.992375446159196 ], [ -79.428097705537212, -0.992527199743839 ], [ -79.428088774422363, -0.992661088022253 ], [ -79.42801779854112, -0.992732463474975 ], [ -79.427911346915423, -0.992812748230213 ], [ -79.427822652135902, -0.992848410931329 ], [ -79.427698507823663, -0.992839425209859 ], [ -79.427565504075872, -0.992812582666113 ], [ -79.427485702496099, -0.992794691881627 ], [ -79.427405896701814, -0.992785727382293 ], [ -79.427343792020963, -0.99284818165748 ], [ -79.427308258119254, -0.992982057142558 ], [ -79.427228410131519, -0.993062354577712 ], [ -79.427201772734449, -0.99313375120874 ], [ -79.427325922143808, -0.993133810679511 ], [ -79.427458972297444, -0.993062465009396 ], [ -79.427662926628116, -0.993071488972157 ], [ -79.427831401915967, -0.993098347610623 ], [ -79.427840214954799, -0.993214392691106 ], [ -79.427786966370746, -0.993303629179839 ], [ -79.427698246254394, -0.993392848671777 ], [ -79.427636125557839, -0.993491006281311 ], [ -79.427591752382455, -0.993562395330654 ], [ -79.427627223909454, -0.993562412326023 ], [ -79.427751393564648, -0.993517840370021 ], [ -79.427893328526352, -0.993410793789215 ], [ -79.427928833811578, -0.993339401379477 ], [ -79.42792887600163, -0.993250139404251 ], [ -79.427946670825051, -0.993125181673668 ], [ -79.428035390926865, -0.993035962152756 ], [ -79.428141833238982, -0.992973529977608 ], [ -79.428336971245074, -0.992875435075768 ], [ -79.428576401405337, -0.992875549652167 ], [ -79.428798041026226, -0.992991696613759 ], [ -79.428984204918862, -0.993116752000663 ], [ -79.429081746558325, -0.993125724967185 ], [ -79.429205912938784, -0.99309008009694 ], [ -79.429365583688451, -0.992983041831936 ], [ -79.429369228859045, -0.992982869028853 ], [ -79.429551810856765, -0.992974204604513 ], [ -79.429720298947913, -0.992974285179916 ], [ -79.42984445602859, -0.992956491953082 ], [ -79.430004105735165, -0.992894085098298 ], [ -79.430208078056495, -0.99286740370672 ], [ -79.430350008835461, -0.992769284050855 ], [ -79.430394418961782, -0.992617559068635 ], [ -79.430456561545256, -0.992474769755871 ], [ -79.430625104388852, -0.992358810158287 ], [ -79.43085577625726, -0.99212683917092 ], [ -79.430962243838437, -0.992010848966164 ], [ -79.430926865681315, -0.991814456126501 ], [ -79.430873687767544, -0.991751946626595 ], [ -79.430722948039488, -0.99172509667913 ], [ -79.430554443108932, -0.991760720549402 ], [ -79.430492326723481, -0.991849953003135 ], [ -79.430376936583357, -0.992081979012737 ], [ -79.430234921694904, -0.992358623772688 ], [ -79.430137278989065, -0.9925638792984 ], [ -79.429986497189802, -0.992626290427599 ], [ -79.429782533328918, -0.992635119234343 ], [ -79.42958742984942, -0.992661804856973 ], [ -79.429484505031979, -0.992655660986024 ] ] ] ] } },
{ "type": "Feature", "properties": { "fcode": "EE020", "descripcion": "EE020", "cca": 1, "cca_etiq": "1", "cda": 5, "cda_etiq": "5", "cda_simb": "5", "uso": 3, "uso_etiq": "3", "ard": 1.0270244620270739, "txt": "", "SHAPE_Length": 737.24744206233231, "SHAPE_Area": 10270.24462027074 }, "geometry": { "type": "MultiPolygon", "coordinates": [ [ [ [ -79.423412653099106, -0.992188780681456 ], [ -79.42333974522991, -0.992209711133949 ], [ -79.423261640679655, -0.992209673660412 ], [ -79.423147087164949, -0.992209618695783 ], [ -79.423022119195394, -0.992212179634073 ], [ -79.422951821297303, -0.992220007708052 ], [ -79.422868502704148, -0.992235691339535 ], [ -79.422848105195285, -0.992274750930387 ], [ -79.422954471185804, -0.992372990029835 ], [ -79.423122941797999, -0.992408775059465 ], [ -79.423309169285773, -0.992399938161572 ], [ -79.423566333654733, -0.992400061558581 ], [ -79.423699363359788, -0.992373347472227 ], [ -79.423822346178852, -0.992328161936074 ], [ -79.42392421306505, -0.992239692378975 ], [ -79.423989073096848, -0.992109274189776 ], [ -79.424104891002557, -0.991881043218317 ], [ -79.424155865207311, -0.991750618347133 ], [ -79.424179073114857, -0.99161086228984 ], [ -79.424211516774619, -0.991517700017003 ], [ -79.424216180025567, -0.991443160175672 ], [ -79.424220844172552, -0.991368619430013 ], [ -79.424244010198208, -0.991317382681342 ], [ -79.424320676590142, -0.991168611991146 ], [ -79.424524668465992, -0.991097300392473 ], [ -79.424622239362307, -0.991043789460365 ], [ -79.424693231977272, -0.990936709947219 ], [ -79.424702150448411, -0.990829599806816 ], [ -79.424773143048483, -0.990722519375933 ], [ -79.424835250914825, -0.990651139791509 ], [ -79.424923979226222, -0.990544068735422 ], [ -79.424959492826147, -0.990454823859123 ], [ -79.424932922958263, -0.990383401833653 ], [ -79.424791047400817, -0.990365481402959 ], [ -79.424728964841592, -0.990383304252125 ], [ -79.424649129700015, -0.99043682280406 ], [ -79.424587037811946, -0.990472498194188 ], [ -79.4245426614618, -0.990552812532754 ], [ -79.4244539500217, -0.990624179370328 ], [ -79.424365247014194, -0.99067769365388 ], [ -79.424258800748902, -0.990749051983948 ], [ -79.424249894925197, -0.990829383283879 ], [ -79.424178910756581, -0.9909186111288 ], [ -79.424099075600893, -0.990972129632347 ], [ -79.423992603104892, -0.99109704555562 ], [ -79.423957077698034, -0.991213068277358 ], [ -79.423957031266951, -0.991311256353436 ], [ -79.423956959500941, -0.991463001150741 ], [ -79.423956904613405, -0.991579041768528 ], [ -79.423931017110874, -0.991615111580635 ], [ -79.423907556258555, -0.991677994835226 ], [ -79.42388148792871, -0.991748739554977 ], [ -79.423863211361279, -0.991858797974064 ], [ -79.423837145504137, -0.991924300879737 ], [ -79.423785047270002, -0.991984550393713 ], [ -79.423738155302985, -0.992047423306008 ], [ -79.423654825864872, -0.992084072398686 ], [ -79.423561078243111, -0.992131198300991 ], [ -79.423480357182015, -0.99215998682312 ], [ -79.423412653099106, -0.992188780681456 ] ] ] ] } },
{ "type": "Feature", "properties": { "fcode": "EE020", "descripcion": "EE020", "cca": 1, "cca_etiq": "1", "cda": 3, "cda_etiq": "3", "cda_simb": "3", "uso": 3, "uso_etiq": "3", "ard": 1.0702426401531393, "txt": "", "SHAPE_Length": 533.19283620968167, "SHAPE_Area": 10702.426401531393 }, "geometry": { "type": "MultiPolygon", "coordinates": [ [ [ [ -79.419203286616494, -1.061169869805775 ], [ -79.419203185372282, -1.061369243444745 ], [ -79.419315073985317, -1.06149932761726 ], [ -79.419418337430471, -1.061655412863795 ], [ -79.419504377843268, -1.061811489258268 ], [ -79.419571195876458, -1.06208116333197 ], [ -79.419581611589237, -1.062348972484676 ], [ -79.419572924723397, -1.062496331632661 ], [ -79.419633115980474, -1.062678400260944 ], [ -79.419856976955074, -1.062773868175671 ], [ -79.420089542455898, -1.06268730380986 ], [ -79.42031346165615, -1.062670082088171 ], [ -79.420442697610611, -1.062557458956059 ], [ -79.420511667356337, -1.062410130767607 ], [ -79.420520956062703, -1.062289499977185 ], [ -79.420218968665921, -1.062201936926652 ], [ -79.419917604329157, -1.062097760692429 ], [ -79.419909146456504, -1.061794360545937 ], [ -79.41977154513134, -1.061421546855199 ], [ -79.419332495993984, -1.061109256771301 ], [ -79.419203286616494, -1.061169869805775 ] ] ] ] } },
{ "type": "Feature", "properties": { "fcode": "EE020", "descripcion": "EE020", "cca": 1, "cca_etiq": "1", "cda": 2, "cda_etiq": "2", "cda_simb": "2", "uso": 3, "uso_etiq": "3", "ard": 232.21044971093073, "txt": "", "SHAPE_Length": 68326.228943980561, "SHAPE_Area": 2322104.4971093074 }, "geometry": { "type": "MultiPolygon", "coordinates": [ [ [ [ -79.450949525948516, -0.949097144594033 ], [ -79.451567141072715, -0.949337445317199 ], [ -79.451651004750815, -0.949402374477418 ], [ -79.451697927205146, -0.949438702629595 ], [ -79.452490105228762, -0.950052024600196 ], [ -79.453032252982567, -0.95011524127639 ], [ -79.453334503910256, -0.950377759420354 ], [ -79.453595034893951, -0.950671744491544 ], [ -79.45386589921165, -0.951175639493803 ], [ -79.454147175332466, -0.951711025901263 ], [ -79.454522308928489, -0.952204473552875 ], [ -79.454699372760061, -0.952624364967349 ], [ -79.454834799790106, -0.95288680820064 ], [ -79.455095298182528, -0.953254260616753 ], [ -79.455220266619008, -0.953590166161772 ], [ -79.455418097810579, -0.954198982371984 ], [ -79.455463030271545, -0.954400421184016 ], [ -79.455511749382993, -0.95461883636447 ], [ -79.455707998000591, -0.955006755469731 ], [ -79.455761668384469, -0.955112844856187 ], [ -79.455782599547319, -0.955154217882059 ], [ -79.456095089270832, -0.955836553246805 ], [ -79.456326702153149, -0.956203281306173 ], [ -79.456459758716647, -0.956413959674318 ], [ -79.456612990766629, -0.956746567364019 ], [ -79.456865998253761, -0.95729574780664 ], [ -79.457098220587525, -0.957683963086979 ], [ -79.457324422280038, -0.958062112460492 ], [ -79.457866319740162, -0.958692075777281 ], [ -79.458168565828032, -0.958965090860093 ], [ -79.458449969620133, -0.959217105432448 ], [ -79.45846239224467, -0.959226376637525 ], [ -79.45873139135341, -0.95942713873685 ], [ -79.459106666418634, -0.959605729772576 ], [ -79.459586220759434, -0.959752881434067 ], [ -79.460201362971077, -0.959805636298857 ], [ -79.460712258096635, -0.959816363392559 ], [ -79.461045916538509, -0.959795524329986 ], [ -79.461556869053311, -0.95968030719819 ], [ -79.462109555144181, -0.959502137194563 ], [ -79.462411985835359, -0.959365834295085 ], [ -79.462797851607277, -0.959177092989954 ], [ -79.463037671840681, -0.95915621117685 ], [ -79.463548530111296, -0.959250899610347 ], [ -79.463986440174494, -0.959261593103476 ], [ -79.464393155048242, -0.959083356461484 ], [ -79.464424472877511, -0.958999407742475 ], [ -79.464434757879033, -0.958942611425227 ], [ -79.464435918870649, -0.958936200644362 ], [ -79.464436536745652, -0.958932787710566 ], [ -79.464441349141765, -0.958906213129066 ], [ -79.464448831189202, -0.958864892575221 ], [ -79.464455177461446, -0.958829848961985 ], [ -79.464456094367051, -0.958824782012022 ], [ -79.464466281187114, -0.958768529194167 ], [ -79.46462274506635, -0.958621665261116 ], [ -79.464810521157432, -0.958401348135625 ], [ -79.464893190701247, -0.958266260527296 ], [ -79.464893994522882, -0.958264946793677 ], [ -79.464987893779082, -0.958128549237133 ], [ -79.465025063369254, -0.958111109231854 ], [ -79.465026149852434, -0.958110599639066 ], [ -79.465144324903832, -0.95805515248729 ], [ -79.465467539242297, -0.958076289412836 ], [ -79.466086904967298, -0.95822185728697 ], [ -79.466508602829506, -0.958367014077923 ], [ -79.467103283960185, -0.958571715136842 ], [ -79.467574140116156, -0.959071069255629 ], [ -79.467912939511834, -0.959430375911258 ], [ -79.468069577922918, -0.960044620578435 ], [ -79.467895767152967, -0.96061855614904 ], [ -79.467745329429647, -0.961115311349878 ], [ -79.467602480490655, -0.961587008887999 ], [ -79.466580772766434, -0.962714359023495 ], [ -79.465964544908502, -0.963394301929519 ], [ -79.465464727694311, -0.963462565740748 ], [ -79.465042991311321, -0.964011430702764 ], [ -79.464410067682536, -0.964835141254358 ], [ -79.464066723761803, -0.96528198125899 ], [ -79.463951223136988, -0.965907672501985 ], [ -79.464099682102088, -0.966581580844253 ], [ -79.463975399738686, -0.967280321971724 ], [ -79.464049466685339, -0.967979154362024 ], [ -79.46416808647831, -0.969098364015485 ], [ -79.464240181061953, -0.969778592075861 ], [ -79.464593710765811, -0.970674766230962 ], [ -79.464816335957693, -0.971822894195122 ], [ -79.464820810580804, -0.972160632513307 ], [ -79.464819597182924, -0.972159643446533 ], [ -79.46482857198842, -0.9730862761533 ], [ -79.46484002362746, -0.974268699306881 ], [ -79.464844380588616, -0.974718597895272 ], [ -79.464194744527404, -0.975690955736103 ], [ -79.463835005155119, -0.976229404040086 ], [ -79.463517768671011, -0.977102909004796 ], [ -79.463350910763836, -0.977562347654018 ], [ -79.46301103584733, -0.978498183006784 ], [ -79.462704205709713, -0.979343028825562 ], [ -79.462536833488258, -0.979803884034824 ], [ -79.462531321965116, -0.980631687861973 ], [ -79.462527692177673, -0.981176745147907 ], [ -79.462317934177548, -0.981325706932693 ], [ -79.462136451245712, -0.981718696340646 ], [ -79.461801822467294, -0.982443310904579 ], [ -79.46161281781103, -0.982852587570618 ], [ -79.461187373847963, -0.983290550554247 ], [ -79.460601225384266, -0.984160654222466 ], [ -79.460489486532921, -0.984525599193761 ], [ -79.460248393522804, -0.985313017835261 ], [ -79.46014814398454, -0.98572728675713 ], [ -79.459762988227766, -0.987318887239792 ], [ -79.459732080103791, -0.987446608439241 ], [ -79.459674114853087, -0.987686142422367 ], [ -79.459508994005944, -0.988368474720785 ], [ -79.459357061664861, -0.988996309423275 ], [ -79.459304990687698, -0.989211484256617 ], [ -79.459455221607868, -0.989368339385303 ], [ -79.459482984501108, -0.98964911871219 ], [ -79.459508454365107, -0.989906699122065 ], [ -79.45930148654196, -0.990070182880873 ], [ -79.459120020894161, -0.990421056537008 ], [ -79.459008196338729, -0.99096849867845 ], [ -79.45865921638007, -0.991656212278087 ], [ -79.458212663657889, -0.992231573358711 ], [ -79.457808080385362, -0.992526188623471 ], [ -79.457291821383961, -0.993045363208236 ], [ -79.456684827200689, -0.993655784766352 ], [ -79.456329557102549, -0.993874378943584 ], [ -79.45621752765399, -0.99394330920484 ], [ -79.455964541982212, -0.994098969102773 ], [ -79.455861977210247, -0.994221860172995 ], [ -79.455743152551364, -0.994364235157194 ], [ -79.455476885014278, -0.994683274489405 ], [ -79.455211522687648, -0.995001227059495 ], [ -79.45496048467507, -0.995302019006377 ], [ -79.454627006503785, -0.995290236590841 ], [ -79.454264300671142, -0.995500639940611 ], [ -79.453720390453967, -0.995500383213661 ], [ -79.453302055987109, -0.995373840535488 ], [ -79.452850105253432, -0.995237130125588 ], [ -79.45256606848298, -0.995151211247131 ], [ -79.451921503867212, -0.995064346995701 ], [ -79.451820195768263, -0.99487949388045 ], [ -79.451238246701024, -0.994811334962093 ], [ -79.450303804326637, -0.994881084343499 ], [ -79.449536778124696, -0.994824568573444 ], [ -79.44920202519846, -0.994908640148321 ], [ -79.448714136620836, -0.995031170020306 ], [ -79.448337072607217, -0.99549783740482 ], [ -79.448085775290465, -0.996059247994165 ], [ -79.447709176407216, -0.996157337333666 ], [ -79.447611479139013, -0.996311710939848 ], [ -79.447667192421306, -0.996466158213643 ], [ -79.447388146188047, -0.996718714531611 ], [ -79.447318296059734, -0.996971369174585 ], [ -79.447249352196707, -0.997220745799709 ], [ -79.447276147391719, -0.997631146464539 ], [ -79.447357551287553, -0.998877938949876 ], [ -79.447303124838569, -0.999582475171945 ], [ -79.447400551132304, -1.000003668179512 ], [ -79.447507239835531, -1.000464900463732 ], [ -79.447846368640683, -1.001000595636268 ], [ -79.448175454546174, -1.001520429404763 ], [ -79.448515453414544, -1.001730903049915 ], [ -79.448766330099929, -1.002067941406995 ], [ -79.448924114848879, -1.002279914576559 ], [ -79.449260981386118, -1.003018098734379 ], [ -79.449948477347988, -1.004141486848462 ], [ -79.449985421191244, -1.004665599869837 ], [ -79.450450002475662, -1.005302222357683 ], [ -79.450760786797673, -1.005728095258732 ], [ -79.450895900581259, -1.006126013519492 ], [ -79.451029434301319, -1.006519277952138 ], [ -79.451453432237827, -1.006818834867447 ], [ -79.452085292813621, -1.007623997265197 ], [ -79.45236419576068, -1.007680283737951 ], [ -79.452791755451727, -1.00796125363354 ], [ -79.453677103397609, -1.008543058664354 ], [ -79.454052261267563, -1.008789593165593 ], [ -79.454368220300879, -1.00899722477998 ], [ -79.454898704177893, -1.009345831607854 ], [ -79.455654658049653, -1.009609781659773 ], [ -79.456346103580913, -1.009851208499853 ], [ -79.457883225820069, -1.010387912368179 ], [ -79.458443779017699, -1.010583636201023 ], [ -79.459912396018382, -1.010884622656473 ], [ -79.460451494936351, -1.011240518106338 ], [ -79.460990470547415, -1.011858461730876 ], [ -79.461287458846343, -1.012198962851272 ], [ -79.461882458694532, -1.013112978254893 ], [ -79.462178720092709, -1.013568084011484 ], [ -79.462570118909227, -1.013899454533185 ], [ -79.463090401921505, -1.014723286093272 ], [ -79.463591922776104, -1.015902746701945 ], [ -79.463814572719471, -1.016951049926013 ], [ -79.463927781991558, -1.017484075145441 ], [ -79.463962485383817, -1.018748028931144 ], [ -79.463980898479065, -1.019418657748821 ], [ -79.463983886381925, -1.022002160492418 ], [ -79.463984619007462, -1.02263657039165 ], [ -79.463985135303844, -1.023083164050994 ], [ -79.463985735373868, -1.023602747464397 ], [ -79.463986351309018, -1.024135923132712 ], [ -79.464183520527143, -1.024823621122704 ], [ -79.464221802785175, -1.024957144635682 ], [ -79.464291463064384, -1.025200110459135 ], [ -79.464445863138522, -1.025729073623883 ], [ -79.464373657464179, -1.026237933738549 ], [ -79.464429803481636, -1.027015437821152 ], [ -79.46460076750175, -1.027238419330961 ], [ -79.464656413301014, -1.027533251342472 ], [ -79.464614426549105, -1.027842075144529 ], [ -79.464595515995967, -1.027981162058732 ], [ -79.464697958407058, -1.028150958794821 ], [ -79.464824386885724, -1.028360512899191 ], [ -79.464725624040099, -1.028628276507556 ], [ -79.464656974579185, -1.02881439534684 ], [ -79.464641648355808, -1.029245923167622 ], [ -79.464622551460991, -1.02978363494867 ], [ -79.46461305943771, -1.030050881931767 ], [ -79.464605117504874, -1.030274505851733 ], [ -79.464593159037946, -1.030611188875699 ], [ -79.464559817235212, -1.030902882005281 ], [ -79.464559517325071, -1.031528655414157 ], [ -79.464703567568478, -1.031528725380803 ], [ -79.464703476900169, -1.031717851098343 ], [ -79.464703402733136, -1.031872530877764 ], [ -79.464703302368989, -1.032081809372258 ], [ -79.464807508605276, -1.032376556589842 ], [ -79.464765419146801, -1.032895954817463 ], [ -79.464748075178036, -1.033109989317265 ], [ -79.464727088668212, -1.033368966281474 ], [ -79.46483478242402, -1.033668097990314 ], [ -79.464930408399098, -1.033933712148982 ], [ -79.464985135513203, -1.034085723503458 ], [ -79.465048238002339, -1.034261001060735 ], [ -79.464890198114389, -1.034440234416145 ], [ -79.464848195900572, -1.034777134345259 ], [ -79.464795983256693, -1.035195935517496 ], [ -79.464729704173905, -1.03572756114924 ], [ -79.464651042552347, -1.03635850660992 ], [ -79.464669943784585, -1.036881630772777 ], [ -79.464606752389415, -1.037776545084792 ], [ -79.464576265678431, -1.0382082887835 ], [ -79.464627270761909, -1.038608326923551 ], [ -79.464616465665571, -1.039324277585882 ], [ -79.464606131909008, -1.040008891858622 ], [ -79.4645904889788, -1.040891704931202 ], [ -79.464590472353038, -1.040892640978662 ], [ -79.464585986779738, -1.0411457762543 ], [ -79.464469022126806, -1.041398371610705 ], [ -79.464357143753759, -1.041639982760792 ], [ -79.464416456418732, -1.041945841548385 ], [ -79.46445776948714, -1.042158877313347 ], [ -79.464646414621015, -1.042282874713714 ], [ -79.4647404731096, -1.042451381049045 ], [ -79.464761301016324, -1.042640909536504 ], [ -79.464625274655248, -1.04273560143248 ], [ -79.464560522379287, -1.04257660840728 ], [ -79.464481089039253, -1.042381567783594 ], [ -79.464431481788722, -1.042259762155043 ], [ -79.464259408404487, -1.042251098540658 ], [ -79.464250478324459, -1.042430789672903 ], [ -79.464239326130908, -1.042655205074801 ], [ -79.464229074006184, -1.042861501234127 ], [ -79.464215324926187, -1.043138169858511 ], [ -79.464204658088221, -1.043352817051069 ], [ -79.464049487803834, -1.04373555035749 ], [ -79.463903737775723, -1.044095049642783 ], [ -79.463777066820626, -1.044683005479217 ], [ -79.463738798847871, -1.044860630932504 ], [ -79.463660355527324, -1.045224730443787 ], [ -79.463473413711696, -1.045325110098156 ], [ -79.463303741047085, -1.045416216364362 ], [ -79.463222199297803, -1.045682963618332 ], [ -79.462646497646233, -1.046503922714585 ], [ -79.462290681613666, -1.046861725153162 ], [ -79.461568688369709, -1.047377276518657 ], [ -79.46099327873732, -1.047598096217365 ], [ -79.460313340765765, -1.047671461293297 ], [ -79.459915884783754, -1.047618620455778 ], [ -79.458974596016262, -1.047386522573007 ], [ -79.4581797945945, -1.047059738762636 ], [ -79.457363980374325, -1.046922461282874 ], [ -79.45619248043387, -1.046879765731718 ], [ -79.455529878847003, -1.046855617219987 ], [ -79.454560812909264, -1.046689439228012 ], [ -79.454412099354883, -1.046663938323888 ], [ -79.454449874426174, -1.046440747313573 ], [ -79.454306936826612, -1.046416235985303 ], [ -79.4540901441556, -1.046626033569631 ], [ -79.453663903993984, -1.046179776219797 ], [ -79.453562028339761, -1.046073117186422 ], [ -79.453180393225225, -1.046078089222441 ], [ -79.452835342423711, -1.045814700608393 ], [ -79.452563408592937, -1.045761922552431 ], [ -79.452417051056059, -1.045593390722783 ], [ -79.452103241960415, -1.045614292036466 ], [ -79.451972256878179, -1.045531798544895 ], [ -79.451768624986045, -1.045403551777256 ], [ -79.45122481021906, -1.045192707701512 ], [ -79.451005460592214, -1.045107663379198 ], [ -79.450670596408969, -1.044855514412657 ], [ -79.44930064996538, -1.044223113178792 ], [ -79.449119163334032, -1.044110016188859 ], [ -79.448505936080579, -1.043727869842276 ], [ -79.447540021672296, -1.043125940697174 ], [ -79.447443394248367, -1.043065725168818 ], [ -79.446627698157428, -1.042557406032041 ], [ -79.445975310231987, -1.042336827745245 ], [ -79.445662608309419, -1.042268239651793 ], [ -79.445253651728777, -1.042178539493522 ], [ -79.444448216405277, -1.0422202540191 ], [ -79.444007494494898, -1.042243078789565 ], [ -79.443738165578694, -1.042257028029556 ], [ -79.44364266245563, -1.042504126593131 ], [ -79.44351074306762, -1.042845447418284 ], [ -79.443495923153904, -1.043114715675284 ], [ -79.443558573932307, -1.04333584913944 ], [ -79.443464310531013, -1.043588489455986 ], [ -79.443537426653464, -1.043799099207587 ], [ -79.443653828162027, -1.044134393822238 ], [ -79.443662551963612, -1.044599340060959 ], [ -79.443670057831028, -1.044999357543143 ], [ -79.443536654618654, -1.045367868936732 ], [ -79.443515569128337, -1.045704775372112 ], [ -79.443640963630884, -1.045957526145682 ], [ -79.443776927301158, -1.045989179932922 ], [ -79.443757862529324, -1.045884650666491 ], [ -79.443711231065663, -1.045628973692938 ], [ -79.443829506639858, -1.045420658844288 ], [ -79.444132855214761, -1.045399752295231 ], [ -79.444146654969416, -1.045602619904685 ], [ -79.444189683852514, -1.046235208057565 ], [ -79.444069551128067, -1.04650523050664 ], [ -79.444038020851806, -1.04681054588425 ], [ -79.443859786099168, -1.047652749369926 ], [ -79.443858699079598, -1.049853238301914 ], [ -79.443858469349436, -1.05031769806433 ], [ -79.443961020850153, -1.050934232346258 ], [ -79.444026524490127, -1.051328038679493 ], [ -79.444016216320023, -1.052127508503177 ], [ -79.444072336692685, -1.052481695053856 ], [ -79.444127441307288, -1.052829474393367 ], [ -79.4440433512125, -1.053657686731169 ], [ -79.443331103898871, -1.055608640106507 ], [ -79.443052093742793, -1.055762919039025 ], [ -79.442727304477955, -1.055942513173358 ], [ -79.442486292135769, -1.056075782207369 ], [ -79.44234044635931, -1.056506585371632 ], [ -79.442105055147849, -1.057201885097161 ], [ -79.441558678744869, -1.058022315504451 ], [ -79.440470161573202, -1.059383469507406 ], [ -79.440432419146958, -1.059457837456193 ], [ -79.440121152136769, -1.060071163374523 ], [ -79.439925188093923, -1.060457294966815 ], [ -79.439883694261354, -1.060801029259732 ], [ -79.439846646593622, -1.06110793086084 ], [ -79.439776476752073, -1.061689215032831 ], [ -79.439380897890942, -1.062232667677819 ], [ -79.439157688480435, -1.062358898453566 ], [ -79.43902243420699, -1.062116582351996 ], [ -79.438982119983265, -1.061766930834394 ], [ -79.439102324585519, -1.061516579765539 ], [ -79.439244389831558, -1.061220697371407 ], [ -79.439223228471249, -1.061041602820364 ], [ -79.43903245452465, -1.061064441268313 ], [ -79.438795561877697, -1.061390079632054 ], [ -79.438644079441758, -1.061598311773206 ], [ -79.438739451403038, -1.062035807534174 ], [ -79.438814418809997, -1.062379701208482 ], [ -79.439129611552715, -1.062723876291483 ], [ -79.439213171929779, -1.06296256847233 ], [ -79.439194580740548, -1.063467933351811 ], [ -79.439177446924575, -1.063933687562069 ], [ -79.439171023882409, -1.064108280499647 ], [ -79.439147079673631, -1.064759139163913 ], [ -79.439268049528692, -1.065283575509137 ], [ -79.439394568866021, -1.065832069720913 ], [ -79.439769384142352, -1.066762519051854 ], [ -79.440066800119681, -1.066987282657856 ], [ -79.440103773663267, -1.067417805170607 ], [ -79.440131743164415, -1.067743479771144 ], [ -79.440475307379344, -1.068166698630603 ], [ -79.440735286640674, -1.068878099825724 ], [ -79.441125472221913, -1.069514696812971 ], [ -79.441218166888333, -1.070076271770404 ], [ -79.440772062417267, -1.069701692511338 ], [ -79.440614339994042, -1.069569257808318 ], [ -79.440497899522171, -1.069709758707334 ], [ -79.440807733832301, -1.069969916107902 ], [ -79.441311328450212, -1.070392769599479 ], [ -79.441738587322718, -1.070581913777554 ], [ -79.44231483338514, -1.071012712622076 ], [ -79.443225818283196, -1.071406249142537 ], [ -79.443485948959591, -1.071818169212265 ], [ -79.443578671988234, -1.072323592020498 ], [ -79.443559687956011, -1.073091004453593 ], [ -79.44353860769273, -1.073943162785032 ], [ -79.443354369801597, -1.074607025212547 ], [ -79.443170885060184, -1.075268168388788 ], [ -79.443049676424536, -1.075704917615898 ], [ -79.442975211211547, -1.075973234210983 ], [ -79.44253500471082, -1.07689015275363 ], [ -79.441853963344727, -1.078308706898089 ], [ -79.441251592633932, -1.079276693000624 ], [ -79.441083193884694, -1.079547303083091 ], [ -79.440531374669163, -1.080434053092249 ], [ -79.440243630911155, -1.080896444269162 ], [ -79.43999678955845, -1.081882684116309 ], [ -79.439993294451654, -1.081896649718562 ], [ -79.439686697006962, -1.083121639175594 ], [ -79.439574548392315, -1.084244635199217 ], [ -79.439488389536294, -1.085107377269819 ], [ -79.439592549109506, -1.085405134130888 ], [ -79.439758844085006, -1.085880512160287 ], [ -79.439777968587862, -1.086453414695597 ], [ -79.439789833276592, -1.086808848205272 ], [ -79.439802350074231, -1.087183815087105 ], [ -79.440223803213911, -1.087352090008743 ], [ -79.440576909100642, -1.087764060959728 ], [ -79.440967293206, -1.088007592267577 ], [ -79.441394955552482, -1.088082684741585 ], [ -79.441580719837859, -1.088457133382221 ], [ -79.441784782333826, -1.089411836534179 ], [ -79.441747340539465, -1.089898474629616 ], [ -79.441933144084672, -1.090198053432182 ], [ -79.442102567150329, -1.090471221836205 ], [ -79.442639424813223, -1.090890972003772 ], [ -79.443169128980074, -1.091305129418455 ], [ -79.44338281005686, -1.091752369532766 ], [ -79.443626463467382, -1.092262341334668 ], [ -79.443783073755966, -1.092590128644719 ], [ -79.443954384791851, -1.092948687474876 ], [ -79.444150950709087, -1.093360104086514 ], [ -79.444980800333326, -1.094167775354773 ], [ -79.44611443802178, -1.095534753076339 ], [ -79.446376872178575, -1.095851206205873 ], [ -79.446682156982348, -1.096092764514402 ], [ -79.446803831552401, -1.096189040151151 ], [ -79.447136733351257, -1.096452451330336 ], [ -79.448307939844454, -1.097089462296535 ], [ -79.449544510678507, -1.097762025018348 ], [ -79.450058910137983, -1.098105233737422 ], [ -79.450444741006081, -1.098640929302716 ], [ -79.450574735661277, -1.098837418249617 ], [ -79.450623449352705, -1.098976575852338 ], [ -79.450737232533839, -1.099074846265933 ], [ -79.450842913751458, -1.099115822626225 ], [ -79.450932353963694, -1.099115869327788 ], [ -79.450981102310237, -1.09918955236159 ], [ -79.450981030599479, -1.099328684515838 ], [ -79.451009396770388, -1.099507728927157 ], [ -79.450978794221172, -1.099722549361881 ], [ -79.450929891680346, -1.09994963649063 ], [ -79.450874893199099, -1.10017058229021 ], [ -79.450777182999985, -1.100440610796392 ], [ -79.450685611222639, -1.100630845879161 ], [ -79.45063065790977, -1.100765856920002 ], [ -79.450520737670203, -1.101060431491309 ], [ -79.450355955061525, -1.101312010404159 ], [ -79.45019726196945, -1.101582007748695 ], [ -79.449904322308228, -1.102017664199288 ], [ -79.449733451774705, -1.102250825353421 ], [ -79.449544336580644, -1.102385765952474 ], [ -79.449312534130044, -1.102520684134262 ], [ -79.449129562477466, -1.102569693205547 ], [ -79.448928269981707, -1.102667798557387 ], [ -79.448769665625576, -1.102765926271322 ], [ -79.44867817300063, -1.102802707021791 ], [ -79.44851347364434, -1.10289469337762 ], [ -79.448385369705306, -1.1029744217643 ], [ -79.448155579386636, -1.103136353217262 ], [ -79.448037653292673, -1.103201351610417 ], [ -79.447952212021377, -1.103330208229406 ], [ -79.447946059754884, -1.103434553989119 ], [ -79.448037503762222, -1.103489845120973 ], [ -79.448122840950958, -1.103563548321602 ], [ -79.448208149506385, -1.103692494621898 ], [ -79.448214193584775, -1.1037968468001 ], [ -79.448201930393864, -1.103925741855169 ], [ -79.44815309632736, -1.104017788049387 ], [ -79.448110367698021, -1.104097562104729 ], [ -79.448116271648985, -1.104471993434081 ], [ -79.448189265966107, -1.104828045670741 ], [ -79.44827452580148, -1.105049063852065 ], [ -79.448469506893787, -1.105362213423927 ], [ -79.448688886205858, -1.10566309872028 ], [ -79.448896003135971, -1.106092879149056 ], [ -79.449255566042694, -1.10654115515522 ], [ -79.449602939026207, -1.10697714769434 ], [ -79.449767453892818, -1.107241175585718 ], [ -79.450017436817191, -1.107327241869246 ], [ -79.450066193638449, -1.107382510690669 ], [ -79.45007225993804, -1.107443896075766 ], [ -79.450096608050941, -1.107529843600232 ], [ -79.450206312599335, -1.107652664836036 ], [ -79.450261165325898, -1.107714075005192 ], [ -79.450340438628359, -1.10772025486706 ], [ -79.45049899341825, -1.10772033833009 ], [ -79.450572171726662, -1.107720376848175 ], [ -79.450627030847471, -1.107769510765558 ], [ -79.450700199594735, -1.107787964573277 ], [ -79.450828224285942, -1.107861689525881 ], [ -79.450937979916162, -1.107886299816272 ], [ -79.451035551918935, -1.107886351166931 ], [ -79.451114838009104, -1.107867978496249 ], [ -79.45116967164553, -1.107966218366491 ], [ -79.45124282128873, -1.108021500050756 ], [ -79.451334275984877, -1.108058377877376 ], [ -79.451437946207307, -1.108058432431831 ], [ -79.451572078724055, -1.108113746209067 ], [ -79.451608636021291, -1.108175147681616 ], [ -79.451748882690651, -1.108199774012031 ], [ -79.451809862370979, -1.108205944231149 ], [ -79.452005005584255, -1.108206046900581 ], [ -79.452120859492211, -1.108230660386727 ], [ -79.452224529759363, -1.108230714921955 ], [ -79.452279410357988, -1.108236881925309 ], [ -79.452328133105809, -1.108359671164147 ], [ -79.452395187798118, -1.10840881152171 ], [ -79.452456157940603, -1.108433397041747 ], [ -79.452529329960711, -1.108445711804368 ], [ -79.452578103709314, -1.108470290004321 ], [ -79.452632952452561, -1.108537838353411 ], [ -79.452693890734793, -1.10862380522183 ], [ -79.452748752230292, -1.108666801037059 ], [ -79.45285241298221, -1.108685270881438 ], [ -79.45291948044742, -1.108709858708184 ], [ -79.452968251022682, -1.108740575047759 ], [ -79.453072579327852, -1.108785111750214 ], [ -79.453145029663972, -1.10887570796388 ], [ -79.453175498367273, -1.108918690955121 ], [ -79.453224256203072, -1.108973960748211 ], [ -79.453161717027101, -1.109138361567523 ], [ -79.453181348830057, -1.109397472395166 ], [ -79.45318127549325, -1.109538650429079 ], [ -79.453205566260365, -1.109735085432385 ], [ -79.453205483333321, -1.109894677875955 ], [ -79.453205400394353, -1.110054270319329 ], [ -79.45317480956497, -1.110244538288765 ], [ -79.453174691493473, -1.110471650225508 ], [ -79.45315017418875, -1.110711026486071 ], [ -79.453143964244418, -1.110925859838303 ], [ -79.453070651647224, -1.111183624780114 ], [ -79.452942425493873, -1.111496603978775 ], [ -79.452820351812463, -1.111705238056431 ], [ -79.452570128532997, -1.112079535061173 ], [ -79.452380960795381, -1.112312686175065 ], [ -79.452167394691017, -1.112558100619381 ], [ -79.452066776125932, -1.112707034933897 ], [ -79.451947687829104, -1.112883307496155 ], [ -79.451843911766005, -1.113085812887756 ], [ -79.451794988414562, -1.113349728585249 ], [ -79.451770413005917, -1.113699591011596 ], [ -79.451697383704172, -1.113993803848872 ], [ -79.451733531246745, -1.114258146166329 ], [ -79.451708930023187, -1.114657114526145 ], [ -79.451666095030888, -1.114939447787875 ], [ -79.451598827749919, -1.11529542659812 ], [ -79.451549688999876, -1.115970599699104 ], [ -79.451531220961016, -1.116302051790224 ], [ -79.451494389858567, -1.116762394921085 ], [ -79.451457456673495, -1.117419160026122 ], [ -79.451414508689538, -1.11791632956784 ], [ -79.451401935801627, -1.118634489789085 ], [ -79.451383338519349, -1.119211467948199 ], [ -79.451419618606565, -1.119800752447312 ], [ -79.45150478101111, -1.120205917189947 ], [ -79.451596029590391, -1.120635637731127 ], [ -79.451607984189266, -1.121096007664107 ], [ -79.45160782613037, -1.121396777891308 ], [ -79.451607655121038, -1.121722100641737 ], [ -79.451674584802348, -1.122010631248734 ], [ -79.451704259133919, -1.122253342521912 ], [ -79.451710870673452, -1.122587638696169 ], [ -79.451686222590993, -1.123072541672694 ], [ -79.451777622592743, -1.123213768376969 ], [ -79.451905550573798, -1.123471640012196 ], [ -79.452057839152587, -1.1237909069112 ], [ -79.452295481234302, -1.1241531854259 ], [ -79.45238684802581, -1.124355794432892 ], [ -79.452569693337537, -1.12455231323387 ], [ -79.452728193336824, -1.124656747026918 ], [ -79.452874568010969, -1.124626134454219 ], [ -79.453045330063091, -1.124607811154346 ], [ -79.453234376237205, -1.124607912006902 ], [ -79.453411225957268, -1.124608006341724 ], [ -79.453514877473054, -1.124644890455048 ], [ -79.453588050740464, -1.124657205759169 ], [ -79.453722199912932, -1.124681829859393 ], [ -79.453894820812977, -1.124687884601917 ], [ -79.454045417962419, -1.124663587799492 ], [ -79.454106475528519, -1.124522442233543 ], [ -79.454094375943626, -1.124338290684195 ], [ -79.454094463131312, -1.124172559146573 ], [ -79.454052681270696, -1.123975925580387 ], [ -79.454096101366773, -1.123727917040301 ], [ -79.454228925425596, -1.123601780145439 ], [ -79.454338823627509, -1.123356311246827 ], [ -79.454412099224911, -1.123172205135247 ], [ -79.454546316130816, -1.123067927279589 ], [ -79.4546988889944, -1.122847033577362 ], [ -79.454906321059198, -1.122675275059187 ], [ -79.455119870674366, -1.122466689983936 ], [ -79.455254161618882, -1.122221233854931 ], [ -79.455400623232904, -1.122024890210389 ], [ -79.455565340896825, -1.121902213961329 ], [ -79.455766684272945, -1.121712036643807 ], [ -79.455913113640605, -1.121577074324875 ], [ -79.456151101076188, -1.121282567895169 ], [ -79.456267058515181, -1.121110760451347 ], [ -79.456376903938661, -1.120963502326991 ], [ -79.456517255183769, -1.120791706874819 ], [ -79.456608789796405, -1.120675129730897 ], [ -79.456700325297959, -1.120558552574398 ], [ -79.456700370279535, -1.120472618532623 ], [ -79.456889561059072, -1.120196500380326 ], [ -79.457070439262651, -1.11995710083822 ], [ -79.45721909006302, -1.119773139141745 ], [ -79.457463162524121, -1.11950318803832 ], [ -79.457737722911602, -1.11923939114132 ], [ -79.45790248843997, -1.119024642163954 ], [ -79.458128198742244, -1.118883582301797 ], [ -79.458274608618041, -1.118785449322067 ], [ -79.45849418222214, -1.118718044873589 ], [ -79.458683257338748, -1.118662901479638 ], [ -79.458975975497864, -1.118663056242528 ], [ -79.459152831747005, -1.118650873424412 ], [ -79.459311380480045, -1.118663233538222 ], [ -79.459573564999104, -1.11874316812993 ], [ -79.459750415796421, -1.118743261588813 ], [ -79.459939452590334, -1.11876177685109 ], [ -79.460238269176088, -1.118761934723073 ], [ -79.46051264072733, -1.118860290191857 ], [ -79.460695537754773, -1.118958598248372 ], [ -79.460969957386439, -1.118964881346252 ], [ -79.461189480040758, -1.118995688074812 ], [ -79.461262618305653, -1.119075523690221 ], [ -79.461415052983071, -1.119118571311155 ], [ -79.461567545253615, -1.119051132049912 ], [ -79.461756588635183, -1.119057370012037 ], [ -79.461951686408881, -1.119149546342572 ], [ -79.462016166843, -1.119237511576304 ], [ -79.462280923319184, -1.119284760624718 ], [ -79.462607213706946, -1.119441343430627 ], [ -79.462664364099311, -1.119489546475113 ], [ -79.462677146934027, -1.119604156115715 ], [ -79.462695368133112, -1.11974534443167 ], [ -79.462805089600508, -1.11983747573411 ], [ -79.462939236072145, -1.119868237374983 ], [ -79.463042877595697, -1.11992353647999 ], [ -79.463225817414198, -1.119942047539789 ], [ -79.46351850985161, -1.119991307347632 ], [ -79.463786818904666, -1.120022139769348 ], [ -79.464091724828521, -1.12004071514334 ], [ -79.464372211303939, -1.120108383873046 ], [ -79.464579514629804, -1.120182152164532 ], [ -79.464731934550144, -1.120255890604378 ], [ -79.46501241794337, -1.120329697491037 ], [ -79.465274587433058, -1.120440323747154 ], [ -79.465530687459051, -1.120495702344046 ], [ -79.4658782208421, -1.120630926302649 ], [ -79.466567211038949, -1.120858403791785 ], [ -79.467048913818857, -1.120981422104473 ], [ -79.46740256726342, -1.121073681127892 ], [ -79.467815852284289, -1.121255480267518 ], [ -79.468109802773739, -1.121399379964893 ], [ -79.468402454588272, -1.121528436834727 ], [ -79.468646342613653, -1.12161450075036 ], [ -79.468762181985298, -1.121669805405094 ], [ -79.469054811592002, -1.12184182955649 ], [ -79.469231586783565, -1.121989239971015 ], [ -79.469469312850947, -1.122198065250197 ], [ -79.46965824864651, -1.122413003041325 ], [ -79.469810559683665, -1.122695441603278 ], [ -79.470011613167046, -1.123063841387078 ], [ -79.470157797193153, -1.123401520470604 ], [ -79.470224756938535, -1.123634808657251 ], [ -79.47030393968798, -1.123818997806888 ], [ -79.470309884635753, -1.124113635713867 ], [ -79.470340273808105, -1.124310074621637 ], [ -79.47023644638395, -1.124610793713264 ], [ -79.470144836954134, -1.124868551011367 ], [ -79.469998282148836, -1.125242905713208 ], [ -79.469827426011506, -1.125439238336932 ], [ -79.469717550389305, -1.125641742221413 ], [ -79.46959541503864, -1.125967003295169 ], [ -79.469461154912153, -1.12615107967914 ], [ -79.469351308917624, -1.126298338933486 ], [ -79.469271937415087, -1.126476305201025 ], [ -79.469143622565909, -1.126955019260344 ], [ -79.468972712572707, -1.12725570159856 ], [ -79.468838356945355, -1.127623924142215 ], [ -79.46871012518983, -1.127943044420225 ], [ -79.468600136860999, -1.12836038522656 ], [ -79.46852067519346, -1.128710222172261 ], [ -79.468374170841201, -1.128986364459806 ], [ -79.468325268864746, -1.129207313942111 ], [ -79.468129964356407, -1.129507983891908 ], [ -79.467940758971011, -1.129808656105873 ], [ -79.467751581577943, -1.130054084655987 ], [ -79.467629518390851, -1.130238166106254 ], [ -79.467537924988008, -1.130465231871071 ], [ -79.467342658850839, -1.130692242519289 ], [ -79.467129078487147, -1.130956072440022 ], [ -79.466945961413458, -1.131275162083764 ], [ -79.466793380838624, -1.131508333438983 ], [ -79.466659117659717, -1.131698547268837 ], [ -79.466451635394407, -1.131962380197715 ], [ -79.46629904502629, -1.132213965941637 ], [ -79.466146515930845, -1.132348925455204 ], [ -79.465985368160361, -1.132589840046091 ], [ -79.465762043445821, -1.132876607168751 ], [ -79.465658226299396, -1.133152771424145 ], [ -79.465536107773616, -1.133441202232542 ], [ -79.46548720511575, -1.133662152167331 ], [ -79.465426085553574, -1.13391992460556 ], [ -79.465303960414957, -1.134220631667402 ], [ -79.465230713013966, -1.134349495076785 ], [ -79.465163517697945, -1.134564297012381 ], [ -79.465053566354541, -1.134907978593462 ], [ -79.464925290921585, -1.135306893878314 ], [ -79.464797005668814, -1.13572422361417 ], [ -79.46473586723107, -1.136018824902417 ], [ -79.464711379181267, -1.136196820547531 ], [ -79.464656364891255, -1.136442318820549 ], [ -79.464564665860962, -1.136865807079056 ], [ -79.464521760463896, -1.137277044183941 ], [ -79.464521594969568, -1.137590092550214 ], [ -79.464509239331335, -1.13789085894961 ], [ -79.464490804836103, -1.138154792165988 ], [ -79.464496740755038, -1.138461705627322 ], [ -79.464453892606173, -1.138762454760819 ], [ -79.464429314198455, -1.139112319938704 ], [ -79.464374296252757, -1.139363957165073 ], [ -79.464325428591764, -1.139517386071231 ], [ -79.464288763117509, -1.139658545181055 ], [ -79.464238681247224, -1.139854880006187 ], [ -79.464209348641774, -1.139916307444036 ], [ -79.464334246375799, -1.13984201103544 ], [ -79.464674035487306, -1.139744490965656 ], [ -79.464739018968928, -1.139711830833515 ], [ -79.464800899923489, -1.13842622260044 ], [ -79.464794792429487, -1.137638257151516 ], [ -79.464840830418822, -1.136935682417182 ], [ -79.465174151931791, -1.135773616535561 ], [ -79.465592280814192, -1.134611594616641 ], [ -79.465964588436108, -1.133745034743288 ], [ -79.466663358658636, -1.132346773281264 ], [ -79.467499059283426, -1.131073343988785 ], [ -79.468158447987719, -1.130128138812086 ], [ -79.468752708609827, -1.128972773927107 ], [ -79.46928188963264, -1.127515321275297 ], [ -79.469700077141866, -1.126228534244551 ], [ -79.469974370211673, -1.125657405575633 ], [ -79.470294321024042, -1.125099432768631 ], [ -79.470451101341666, -1.12488486436547 ], [ -79.47052936867108, -1.124725273900728 ], [ -79.470549155690634, -1.124311602884664 ], [ -79.470445104864481, -1.123681176904727 ], [ -79.470256269741625, -1.123004740909003 ], [ -79.470002105956027, -1.122505563530111 ], [ -79.469513133249862, -1.121920898697761 ], [ -79.468926255889684, -1.121434679221322 ], [ -79.467974021497099, -1.12100736387857 ], [ -79.467008659237806, -1.120737634667419 ], [ -79.466147661510519, -1.120494226023183 ], [ -79.465351895415225, -1.120263983621594 ], [ -79.464706206927247, -1.11996815717701 ], [ -79.464406193380071, -1.11982353988799 ], [ -79.464112766470123, -1.119560730830405 ], [ -79.463897577841891, -1.119383325845895 ], [ -79.463698378507672, -1.119338660070267 ], [ -79.463431301208729, -1.119330612942713 ], [ -79.462638616261557, -1.119185671570353 ], [ -79.46227341493001, -1.118949090358411 ], [ -79.461862517486523, -1.118771582180059 ], [ -79.461360316696656, -1.118541494667745 ], [ -79.460890655403034, -1.11846245093921 ], [ -79.459951265627979, -1.118435689316736 ], [ -79.458770487528142, -1.118435065370276 ], [ -79.45787007878306, -1.118716941488727 ], [ -79.457263141022366, -1.119176263417341 ], [ -79.456812766298967, -1.119642234747833 ], [ -79.456303442452423, -1.120561249703879 ], [ -79.455435231607851, -1.121644232446187 ], [ -79.454795471613011, -1.12249094792976 ], [ -79.454489408036949, -1.122791789170211 ], [ -79.454228458304115, -1.123138314584095 ], [ -79.454046245877151, -1.123455167877204 ], [ -79.453985996149683, -1.123527995782941 ], [ -79.453692902550031, -1.123724444578518 ], [ -79.453554816117062, -1.123800587189571 ], [ -79.453420410923442, -1.123823757635759 ], [ -79.453059474759684, -1.123842685069311 ], [ -79.452816425174916, -1.123784380201052 ], [ -79.452541547267103, -1.123673539175572 ], [ -79.452452901930428, -1.123605974227593 ], [ -79.45235314034683, -1.123444144503835 ], [ -79.452185751317103, -1.123001731539249 ], [ -79.452081760239878, -1.122266248603974 ], [ -79.451991078505671, -1.121031733587167 ], [ -79.451880852248266, -1.119744678258694 ], [ -79.451783618475048, -1.118562689975497 ], [ -79.451771424154899, -1.116934238629296 ], [ -79.451778562272594, -1.115758871717736 ], [ -79.451870383340477, -1.114819937840767 ], [ -79.452001143635712, -1.114268436865083 ], [ -79.452073917712482, -1.11372644382012 ], [ -79.452106937649702, -1.1135843472306 ], [ -79.452170917987843, -1.113455384356868 ], [ -79.452360530845482, -1.113139220925102 ], [ -79.452739204745868, -1.112555019190616 ], [ -79.453183216603861, -1.111773861485349 ], [ -79.453427770439006, -1.111386978426825 ], [ -79.453470559684575, -1.111189611035896 ], [ -79.453477356072483, -1.110664309519058 ], [ -79.453510281057802, -1.110073358049829 ], [ -79.453582361410142, -1.109456161679214 ], [ -79.453491280098078, -1.108976772788389 ], [ -79.453428815296363, -1.108816197813075 ], [ -79.45335996210828, -1.108657275436289 ], [ -79.453235019066284, -1.108564556137307 ], [ -79.452910997395989, -1.108365800226864 ], [ -79.452291409469822, -1.108069990106909 ], [ -79.45148917781772, -1.1077412525849 ], [ -79.45071312388022, -1.107254937088589 ], [ -79.450269642990065, -1.10701831658342 ], [ -79.449663256901445, -1.10642703064889 ], [ -79.449298202185133, -1.105914666330721 ], [ -79.449063595329747, -1.105448335679599 ], [ -79.448822472108532, -1.104968868975188 ], [ -79.448705177194157, -1.104719287613584 ], [ -79.448645312851639, -1.10444436547675 ], [ -79.448584157445751, -1.104344220503999 ], [ -79.448591840198006, -1.104282616291988 ], [ -79.448591852178268, -1.104259513544194 ], [ -79.448561308866189, -1.104143981919701 ], [ -79.448532562756796, -1.103957032125345 ], [ -79.448482680017136, -1.103903723532526 ], [ -79.44848501154793, -1.10373578867962 ], [ -79.448446841365751, -1.103574047556912 ], [ -79.44843925442261, -1.103450827988451 ], [ -79.448446953111358, -1.10335842011564 ], [ -79.448538771594215, -1.103343066482672 ], [ -79.448684178502191, -1.103266132722799 ], [ -79.448722484367408, -1.103166039982473 ], [ -79.448829600467278, -1.103158394372776 ], [ -79.448936713481572, -1.103158450580543 ], [ -79.449051528249541, -1.103058397964084 ], [ -79.449212240746746, -1.102973771248696 ], [ -79.449372945270895, -1.102904546349337 ], [ -79.449587209402935, -1.102827649498275 ], [ -79.449622755439052, -1.102855200628314 ], [ -79.450043753740843, -1.102316722087543 ], [ -79.450513780321032, -1.101680036244235 ], [ -79.45075543366795, -1.101135159653564 ], [ -79.451055793097225, -1.100603445430067 ], [ -79.451297564548966, -1.099828747208821 ], [ -79.451310879177726, -1.099310015479431 ], [ -79.451154465437554, -1.099014449714422 ], [ -79.450847997180446, -1.098745071113296 ], [ -79.450632905189082, -1.098383812090069 ], [ -79.450386596874964, -1.097873228427542 ], [ -79.45043622788441, -1.097838088722855 ], [ -79.450649652704328, -1.097723844700992 ], [ -79.449349391496554, -1.096921546920701 ], [ -79.448878757694146, -1.096581795296892 ], [ -79.44830662962751, -1.096168775566605 ], [ -79.447881688002511, -1.095862009494211 ], [ -79.446988391166514, -1.095628797673836 ], [ -79.44646796060799, -1.09514186739715 ], [ -79.445937467332755, -1.094645523616298 ], [ -79.445427070410602, -1.094167981047725 ], [ -79.444943946745539, -1.093512639263761 ], [ -79.444404930205877, -1.093006982620984 ], [ -79.44438284227941, -1.09283414257874 ], [ -79.445018512421768, -1.093157042827449 ], [ -79.445345945160057, -1.093323368585662 ], [ -79.445074434447193, -1.09289502594017 ], [ -79.444479726891984, -1.092202163702657 ], [ -79.444359820632314, -1.092062467529452 ], [ -79.444014408292603, -1.091660045437643 ], [ -79.443260368883202, -1.090781554705232 ], [ -79.442464977649053, -1.089854886731906 ], [ -79.442119716228945, -1.089000224171105 ], [ -79.441884779003743, -1.088418657739838 ], [ -79.441357965645864, -1.08768959622595 ], [ -79.44085638194683, -1.086716021535323 ], [ -79.44046647767361, -1.085536610664075 ], [ -79.440366951993809, -1.08459942911163 ], [ -79.440467483874116, -1.083571265594818 ], [ -79.440572319032029, -1.08249908658135 ], [ -79.440877506700971, -1.081774589380626 ], [ -79.441435814976344, -1.080913869450716 ], [ -79.441783552227008, -1.080377776543611 ], [ -79.442008210584561, -1.080031429118044 ], [ -79.442105915747035, -1.079622700814315 ], [ -79.442440951423151, -1.07900519296418 ], [ -79.442980453437372, -1.078556248571351 ], [ -79.443203791255527, -1.078182011237763 ], [ -79.443594470651959, -1.077845295413219 ], [ -79.443914707381651, -1.077569292139943 ], [ -79.444003963750191, -1.077078083765439 ], [ -79.444100292930983, -1.076547953921347 ], [ -79.444357879112403, -1.075899056041174 ], [ -79.444581642590165, -1.074682525618248 ], [ -79.444634605600243, -1.074394582334542 ], [ -79.444718292717909, -1.073939599846791 ], [ -79.444795710740763, -1.073518701582426 ], [ -79.444855235343795, -1.07319508419598 ], [ -79.444960591411757, -1.072622291084431 ], [ -79.444900726074508, -1.072231114125782 ], [ -79.444664468629085, -1.071771977754688 ], [ -79.444480791828099, -1.071415023121614 ], [ -79.444525391520187, -1.070999804815146 ], [ -79.44443842686681, -1.070425891520978 ], [ -79.444121524873964, -1.069834426923574 ], [ -79.444045895052653, -1.069329131300848 ], [ -79.443703583389365, -1.068921730397586 ], [ -79.443353844781726, -1.068505489886632 ], [ -79.443007069506592, -1.068092776305377 ], [ -79.442630253870163, -1.067798125825948 ], [ -79.442058822185089, -1.067039771370174 ], [ -79.441584811791984, -1.066688575107492 ], [ -79.441320015752197, -1.066309408745033 ], [ -79.441149499160659, -1.066065242875163 ], [ -79.440901729548514, -1.066084584516797 ], [ -79.440917941239761, -1.066294993078643 ], [ -79.440931249971413, -1.066467722318223 ], [ -79.441124607598269, -1.066618149742769 ], [ -79.441152415674864, -1.066786622189499 ], [ -79.440930147983366, -1.066823793261861 ], [ -79.440608545335763, -1.066688077250132 ], [ -79.440560275333425, -1.066299344421202 ], [ -79.440489046520284, -1.065725729704946 ], [ -79.44024662519918, -1.065312150229457 ], [ -79.440170062831086, -1.065181533439387 ], [ -79.440121273475953, -1.064781750603293 ], [ -79.440029523330139, -1.064559241795189 ], [ -79.439887667756381, -1.064215220667845 ], [ -79.439853346549242, -1.064075069643291 ], [ -79.439747563812872, -1.06364310678682 ], [ -79.439708333544189, -1.063316245425567 ], [ -79.439795018683384, -1.06287717252467 ], [ -79.439844801358404, -1.062625012982421 ], [ -79.439903372023153, -1.062328344680469 ], [ -79.440054382563119, -1.061921830787392 ], [ -79.440158645128861, -1.061641158988809 ], [ -79.440297082993439, -1.061268487243209 ], [ -79.440502021057114, -1.060974480564634 ], [ -79.440712060775098, -1.060673152641855 ], [ -79.440898654496607, -1.060405463347704 ], [ -79.44114567311594, -1.060248330291967 ], [ -79.441216332874518, -1.060137815106463 ], [ -79.441451931018094, -1.05964045584489 ], [ -79.44182875852178, -1.05910368580951 ], [ -79.442118009446546, -1.058691662844799 ], [ -79.442385762907747, -1.058310263339041 ], [ -79.442725574475077, -1.057826218154116 ], [ -79.442993553392427, -1.057444495618097 ], [ -79.443346819265088, -1.056941285562129 ], [ -79.44377524416457, -1.056331014119143 ], [ -79.443964206918878, -1.055867202981634 ], [ -79.444231175616579, -1.055385651571503 ], [ -79.444364721163097, -1.055022480292204 ], [ -79.444613303227996, -1.05434646677744 ], [ -79.444859727030774, -1.053467119116725 ], [ -79.444914907285579, -1.052930185162848 ], [ -79.4449771945675, -1.052324108466251 ], [ -79.444986154022089, -1.05163519513377 ], [ -79.444916017584234, -1.050687580303198 ], [ -79.444824029526643, -1.050190652531635 ], [ -79.444746616439872, -1.049772462221517 ], [ -79.444759711826208, -1.049487234073158 ], [ -79.444770962485649, -1.049242195319222 ], [ -79.444731371188141, -1.049029703743187 ], [ -79.444736566733511, -1.048697572530992 ], [ -79.444685236674147, -1.048423050016787 ], [ -79.44474465010191, -1.048215890522113 ], [ -79.444717575071365, -1.048071839737544 ], [ -79.444657472834237, -1.047752069692171 ], [ -79.444674450000775, -1.047394619559672 ], [ -79.444643358277261, -1.046810263059497 ], [ -79.444624460135628, -1.046455078604898 ], [ -79.444659437623997, -1.046020621148184 ], [ -79.444604992693712, -1.045735981514778 ], [ -79.444526582138508, -1.044986113831433 ], [ -79.444446036780391, -1.044566478780465 ], [ -79.444307230729905, -1.044362181423357 ], [ -79.444225572192906, -1.044241995766781 ], [ -79.444193947998158, -1.044075825868983 ], [ -79.444150186904963, -1.043845874864283 ], [ -79.444105254493067, -1.04360976979657 ], [ -79.444229250606682, -1.043406666927947 ], [ -79.444425432831309, -1.043288316248495 ], [ -79.444856970420417, -1.043154291029163 ], [ -79.445162939569045, -1.043122857303745 ], [ -79.445594403615502, -1.043138864401115 ], [ -79.445947388702891, -1.043218005224523 ], [ -79.446433651515335, -1.043470935477431 ], [ -79.449860929814733, -1.045454663077232 ], [ -79.450794176393018, -1.04607895174104 ], [ -79.450978283699641, -1.046202108883453 ], [ -79.45128044558696, -1.046323985296865 ], [ -79.451525235701226, -1.04642272136769 ], [ -79.45173225706337, -1.046506223115872 ], [ -79.451970614015252, -1.046711258718762 ], [ -79.452488240256343, -1.047003686565107 ], [ -79.452794567028647, -1.04717674399572 ], [ -79.452897794282762, -1.047235061031877 ], [ -79.453107889872939, -1.047217201385441 ], [ -79.453241289998175, -1.047146198355553 ], [ -79.453555104583771, -1.047114768159036 ], [ -79.453955168671484, -1.04717813893629 ], [ -79.454225851547719, -1.047221016031509 ], [ -79.454433612573936, -1.047383686368756 ], [ -79.454653226554228, -1.047478554517902 ], [ -79.454935627520939, -1.047518177068681 ], [ -79.455131771250691, -1.047478792042136 ], [ -79.455429881145918, -1.047478939970916 ], [ -79.45583028387712, -1.04747913861477 ], [ -79.455908395989056, -1.047542349548646 ], [ -79.456371228259627, -1.04758995780142 ], [ -79.456706451883221, -1.047624440512738 ], [ -79.457265477500613, -1.047756228930277 ], [ -79.457689108538929, -1.047756438901971 ], [ -79.458089168795226, -1.047827705696161 ], [ -79.458363487384233, -1.047876573328885 ], [ -79.458583205523055, -1.047915714224146 ], [ -79.45888667428467, -1.047969773958854 ], [ -79.459242247610575, -1.048112553011616 ], [ -79.459508958838299, -1.048152167546768 ], [ -79.459836395140897, -1.048200801865223 ], [ -79.460112627144611, -1.048241831043629 ], [ -79.460377795892612, -1.048281216864392 ], [ -79.460552238038687, -1.048373788029801 ], [ -79.460842496285721, -1.04838972431115 ], [ -79.461258321896793, -1.048310965079122 ], [ -79.461321159077556, -1.048153064386826 ], [ -79.461556548365664, -1.048074215808389 ], [ -79.461806216237875, -1.047990583644915 ], [ -79.461972438638071, -1.047861213558472 ], [ -79.462113753280391, -1.047648076416145 ], [ -79.462204371482329, -1.047511401156149 ], [ -79.462404127183447, -1.047427116542901 ], [ -79.462561092853235, -1.0472929520666 ], [ -79.462702422802536, -1.047048228612096 ], [ -79.462875082758998, -1.0469061754956 ], [ -79.463090779152608, -1.046728714579207 ], [ -79.46354210651063, -1.046503779327838 ], [ -79.463785440485751, -1.046219623404578 ], [ -79.46420140356571, -1.045856585542465 ], [ -79.464554360480832, -1.045548538443763 ], [ -79.464656692063997, -1.045288256832903 ], [ -79.464774440384971, -1.045138279982114 ], [ -79.464947168583052, -1.044918274298236 ], [ -79.465088555316697, -1.044490915436871 ], [ -79.465204736238974, -1.044139746307368 ], [ -79.465230083951141, -1.043835569544528 ], [ -79.465251078219978, -1.043583640642253 ], [ -79.465276062534073, -1.043283827425207 ], [ -79.46529779781315, -1.043022996847252 ], [ -79.465418897088, -1.042738037651309 ], [ -79.465493074483334, -1.042563490110957 ], [ -79.465570652056073, -1.042380941171295 ], [ -79.465647719576609, -1.042199594820748 ], [ -79.46566244436724, -1.042011672730486 ], [ -79.465594431594454, -1.041850254274748 ], [ -79.465516415647016, -1.041665093086068 ], [ -79.465333213355152, -1.041474544380416 ], [ -79.46525451197887, -1.041287271107117 ], [ -79.46527063192346, -1.041103374318004 ], [ -79.465280010969693, -1.040996384556973 ], [ -79.465443037285112, -1.041010864316346 ], [ -79.465452804788796, -1.040817731356701 ], [ -79.465334003529946, -1.039839953231356 ], [ -79.465342145732421, -1.039224024258721 ], [ -79.465259034456125, -1.039031032184946 ], [ -79.465295231542143, -1.038900241721972 ], [ -79.465334785865181, -1.038757321248426 ], [ -79.465369607627451, -1.038631502504429 ], [ -79.465446963787372, -1.038351993295083 ], [ -79.46533126384206, -1.038086582526992 ], [ -79.465327198073012, -1.037684185007454 ], [ -79.465324082448603, -1.037375829469909 ], [ -79.465321612555542, -1.037131391947206 ], [ -79.465429522358846, -1.036981439609177 ], [ -79.465445314587726, -1.036768239983729 ], [ -79.465359943160038, -1.036575801292297 ], [ -79.465367066586452, -1.0363496834875 ], [ -79.465445630113834, -1.03611282456762 ], [ -79.465512524978891, -1.035911145698792 ], [ -79.46554004068706, -1.03555221371881 ], [ -79.465563586137904, -1.035245058618085 ], [ -79.465583599866889, -1.034983979263674 ], [ -79.465607162405803, -1.034676604387625 ], [ -79.465571971061237, -1.034407225584467 ], [ -79.46565835343489, -1.034225646515976 ], [ -79.465674130195723, -1.034044032172471 ], [ -79.465698058217143, -1.033768590981026 ], [ -79.465674456214629, -1.033364926772388 ], [ -79.465654296782901, -1.033020144436313 ], [ -79.46557706442654, -1.032854228709819 ], [ -79.465501059945197, -1.032690949921859 ], [ -79.465449646203297, -1.032580500167935 ], [ -79.465608570286633, -1.032505546390521 ], [ -79.465659243958996, -1.032369951399436 ], [ -79.465808321647472, -1.032322643996439 ], [ -79.465824079306302, -1.032180513097843 ], [ -79.465761969173869, -1.032048953022628 ], [ -79.465785036247041, -1.031801458305339 ], [ -79.46579840720868, -1.031657989539271 ], [ -79.465887145674671, -1.031540921575844 ], [ -79.465902926864686, -1.031351410855681 ], [ -79.465903384240889, -1.030395925556941 ], [ -79.465903611165075, -1.029921538688841 ], [ -79.465765834726611, -1.029339730636664 ], [ -79.465664993549026, -1.028913893817967 ], [ -79.465653249999107, -1.028500625220431 ], [ -79.465575121200246, -1.027829379097742 ], [ -79.465546587033828, -1.027584232550549 ], [ -79.46551714549318, -1.02733128600756 ], [ -79.465461294009984, -1.026851443896619 ], [ -79.465424601608802, -1.026536199564102 ], [ -79.465450350343332, -1.026257899470487 ], [ -79.46528235651725, -1.025923793754808 ], [ -79.465213972577033, -1.02576458871146 ], [ -79.465079487923987, -1.02545149130484 ], [ -79.46501158805809, -1.025088995078868 ], [ -79.464930805062565, -1.024657711093808 ], [ -79.464836232827651, -1.024152814847998 ], [ -79.464746657810835, -1.023674599997615 ], [ -79.464792782118607, -1.023296367053561 ], [ -79.464722341989869, -1.022948883684034 ], [ -79.464722544652162, -1.022522469226676 ], [ -79.464659980064965, -1.022111817223654 ], [ -79.464620802705397, -1.021914044611791 ], [ -79.464565302917478, -1.02163387587637 ], [ -79.464534895684466, -1.021195754623125 ], [ -79.464511616794269, -1.020860340656976 ], [ -79.464494345439789, -1.020611496194994 ], [ -79.46447237024995, -1.020294879045468 ], [ -79.46444616595646, -1.019917321289881 ], [ -79.464430612372084, -1.019693221189885 ], [ -79.464512266730551, -1.019284772927996 ], [ -79.464504695011499, -1.018708319063122 ], [ -79.464499196709696, -1.018289762963951 ], [ -79.464494115511414, -1.017902893681756 ], [ -79.464489646496176, -1.017562718950617 ], [ -79.464485587664839, -1.017253740846933 ], [ -79.464480720486023, -1.016883216016311 ], [ -79.464395959567796, -1.016394571554135 ], [ -79.464231465901818, -1.015865422435156 ], [ -79.464149661594817, -1.015719689637656 ], [ -79.464090435490604, -1.015486319389174 ], [ -79.463951347384338, -1.015239001264464 ], [ -79.463972984814248, -1.015012469001833 ], [ -79.463990317855448, -1.014830999191599 ], [ -79.463816241661306, -1.014680737409103 ], [ -79.463729175232345, -1.014526649108188 ], [ -79.463620226520391, -1.014451643869038 ], [ -79.463588988321405, -1.014151558542915 ], [ -79.463322575722827, -1.01348022357068 ], [ -79.46294352580307, -1.0128126886212 ], [ -79.462788549175301, -1.012539763194253 ], [ -79.462620507683241, -1.012243830840847 ], [ -79.46226425627404, -1.011892508224709 ], [ -79.461778019362171, -1.011576413369696 ], [ -79.461086973957123, -1.01112717633495 ], [ -79.460786312592759, -1.010931722215817 ], [ -79.460461848665574, -1.010720794238841 ], [ -79.460076148713355, -1.010556945447065 ], [ -79.459591411407374, -1.010351024661427 ], [ -79.458978014785984, -1.010224765278676 ], [ -79.458792914888036, -1.010186664999656 ], [ -79.458201483291788, -1.009979601669382 ], [ -79.458005423286664, -1.009845266293258 ], [ -79.458123126841102, -1.009782150233592 ], [ -79.45838196470865, -1.009877033133612 ], [ -79.458540747404413, -1.009935238291991 ], [ -79.458703781019324, -1.009995001047355 ], [ -79.458876139109378, -1.009995717312453 ], [ -79.459072260336512, -1.009996531732976 ], [ -79.459044348433977, -1.009944021645387 ], [ -79.4587977379542, -1.009893024239988 ], [ -79.458656581273644, -1.009782404909336 ], [ -79.458579405645423, -1.009635881633951 ], [ -79.458495339400955, -1.009476273849868 ], [ -79.458303760752557, -1.009355823183174 ], [ -79.458037067078024, -1.009284626420122 ], [ -79.457840206651511, -1.009232072800906 ], [ -79.457535115260754, -1.00902380150135 ], [ -79.457313983749529, -1.008872844967147 ], [ -79.457163992122105, -1.008770452430941 ], [ -79.457089022429386, -1.008623762998405 ], [ -79.456915568053645, -1.008597091800089 ], [ -79.456705609992596, -1.008564808563437 ], [ -79.456546841938973, -1.008628501894875 ], [ -79.45644879959184, -1.008667834393502 ], [ -79.456486846475073, -1.00876392678837 ], [ -79.456292711854402, -1.008841809483036 ], [ -79.455793611183722, -1.008880831887819 ], [ -79.455613041445886, -1.008894950082401 ], [ -79.45536219030113, -1.008777970252187 ], [ -79.455117053199388, -1.008663656612064 ], [ -79.455021367271215, -1.008463712776007 ], [ -79.454907382716414, -1.008359236562495 ], [ -79.454609339836509, -1.008224853519013 ], [ -79.453911355747508, -1.007774416819763 ], [ -79.453574195978717, -1.007411015478065 ], [ -79.453111530281561, -1.007023864488286 ], [ -79.452672502909593, -1.006415621618155 ], [ -79.452037405236823, -1.005696734623625 ], [ -79.451559246957231, -1.004891060106148 ], [ -79.451132781375136, -1.004172487591177 ], [ -79.450999716480311, -1.0038743035606 ], [ -79.450874697077921, -1.003594148007891 ], [ -79.450786904717532, -1.003397413615029 ], [ -79.450642172269497, -1.003240249255123 ], [ -79.450417106367951, -1.002995852018519 ], [ -79.450290038034126, -1.002708900870722 ], [ -79.44996002136449, -1.002489755063411 ], [ -79.449677757943803, -1.002165863268689 ], [ -79.449152482148534, -1.001462822833842 ], [ -79.448865434932529, -1.001078632029179 ], [ -79.448619321032822, -1.000846640615254 ], [ -79.448425561730275, -1.000663999860347 ], [ -79.448156730052276, -1.000301561361754 ], [ -79.447963791576726, -1.000041440665146 ], [ -79.447874619878519, -0.999653913055525 ], [ -79.447762204294833, -0.999165370727858 ], [ -79.447851415077992, -0.998951112333633 ], [ -79.447757554885015, -0.998358829433119 ], [ -79.447804793813134, -0.99799561264564 ], [ -79.447837443609231, -0.997744572733476 ], [ -79.447871259303469, -0.997484570815617 ], [ -79.447985676746924, -0.997032323794355 ], [ -79.4480285326227, -0.996862933820769 ], [ -79.448082524162999, -0.996649524995557 ], [ -79.448174190331542, -0.996527036551518 ], [ -79.448354666124075, -0.99643236326616 ], [ -79.448503829073061, -0.996195538597077 ], [ -79.448613793881506, -0.995903420501821 ], [ -79.44870454957811, -0.995662329187344 ], [ -79.448857175979555, -0.995492916942369 ], [ -79.449021921894527, -0.995485097778191 ], [ -79.449257234228213, -0.99555627837986 ], [ -79.449435339576354, -0.995610153423627 ], [ -79.449722973762519, -0.995697160389766 ], [ -79.450049050267779, -0.995795796181356 ], [ -79.450300499815157, -0.995769978030793 ], [ -79.450573764604144, -0.995741920040208 ], [ -79.450724115269864, -0.995785971947901 ], [ -79.450990737160069, -0.996007200293014 ], [ -79.451423425220568, -0.99619341215449 ], [ -79.452162546019991, -0.996277990918586 ], [ -79.45282101755798, -0.996353341871834 ], [ -79.453933750313965, -0.996264790041578 ], [ -79.454910098707828, -0.996054676581002 ], [ -79.455551792418575, -0.995718060406591 ], [ -79.456232916625595, -0.995360759903505 ], [ -79.456877129454895, -0.994806195949421 ], [ -79.457909701614341, -0.993655540315243 ], [ -79.458352645543926, -0.993161941982847 ], [ -79.459054026500141, -0.992111862839895 ], [ -79.45936391896241, -0.99164790461881 ], [ -79.459807784340072, -0.990708384208856 ], [ -79.46024305355084, -0.989398343836365 ], [ -79.460534033198769, -0.988522572795855 ], [ -79.460850435964602, -0.987570281179745 ], [ -79.46101203135548, -0.987083921179253 ], [ -79.461137202303306, -0.985973408394038 ], [ -79.461195898348663, -0.985452651205676 ], [ -79.461278148527896, -0.984722928741527 ], [ -79.461336514044433, -0.984205098868581 ], [ -79.461752012880339, -0.983428076123875 ], [ -79.461972875014581, -0.983015041087532 ], [ -79.46225433295723, -0.982885493158758 ], [ -79.462698230847039, -0.98268117853937 ], [ -79.463184480729765, -0.98204362362901 ], [ -79.463668436011659, -0.980995650805607 ], [ -79.464024977162552, -0.980487716417515 ], [ -79.464115012162466, -0.980359451439846 ], [ -79.4641698351505, -0.9800292806006 ], [ -79.464208244541524, -0.979797960511595 ], [ -79.464272910314492, -0.979408509742687 ], [ -79.464362411570775, -0.978869485961471 ], [ -79.464440254407194, -0.978400672708047 ], [ -79.464622495958537, -0.977303112122045 ], [ -79.464637670848816, -0.975979725873161 ], [ -79.464842353579954, -0.975680334442737 ], [ -79.465289054632791, -0.974763367252693 ], [ -79.465530861003742, -0.97461373538979 ], [ -79.465699255399102, -0.974509531408537 ], [ -79.46571702475552, -0.974145875740252 ], [ -79.465592638330293, -0.974062506083594 ], [ -79.465513018627519, -0.972947841683261 ], [ -79.465253430001098, -0.971300554987322 ], [ -79.465174717690232, -0.970801072850918 ], [ -79.465216737303706, -0.970196187168845 ], [ -79.465068253720233, -0.96957843169508 ], [ -79.464770966938815, -0.969054196839606 ], [ -79.464585445024952, -0.968099504191573 ], [ -79.464567295353234, -0.967107452015558 ], [ -79.464558736452801, -0.966639586529568 ], [ -79.464846803073428, -0.96581605065468 ], [ -79.465037451929376, -0.965271017090785 ], [ -79.465479534862069, -0.964711987096082 ], [ -79.465987118611267, -0.964070126967996 ], [ -79.466482475897735, -0.96344372801111 ], [ -79.467544470523137, -0.96276626930475 ], [ -79.467991048231809, -0.962111346837685 ], [ -79.468530816928151, -0.960969801995195 ], [ -79.468642704722228, -0.960258574258651 ], [ -79.468438583098376, -0.959303872425907 ], [ -79.467992656905821, -0.958498803964387 ], [ -79.467267694377128, -0.957936942546359 ], [ -79.466567834811215, -0.957758912174041 ], [ -79.465600525182637, -0.957541225315236 ], [ -79.465584060475891, -0.957648632866136 ], [ -79.465553936853325, -0.957793047831472 ], [ -79.465254540152642, -0.957820482669116 ], [ -79.465016638122663, -0.957940084790684 ], [ -79.464888479849094, -0.958133402636147 ], [ -79.464773403841434, -0.958372015193848 ], [ -79.464570285803703, -0.958585368730792 ], [ -79.464344597589417, -0.958825959842541 ], [ -79.464227206349804, -0.959025728082437 ], [ -79.463938389727346, -0.959189087211012 ], [ -79.463545870409689, -0.95920707472735 ], [ -79.462900769982014, -0.959070542272992 ], [ -79.462354827809193, -0.959152039687589 ], [ -79.461962345752013, -0.959290448005704 ], [ -79.461279397994176, -0.959541246629057 ], [ -79.460967525958537, -0.959672129503218 ], [ -79.460632210894758, -0.959708733332062 ], [ -79.460116203994787, -0.959702904879813 ], [ -79.459681182732638, -0.959639216101009 ], [ -79.45902435974584, -0.959431660639674 ], [ -79.458475454100764, -0.959076113892126 ], [ -79.457897197201376, -0.958582381641377 ], [ -79.457730627573909, -0.958335571588757 ], [ -79.457397606605497, -0.957575477722203 ], [ -79.457035207596931, -0.956736414936602 ], [ -79.456692382364835, -0.95597631706108 ], [ -79.456236053600506, -0.955084645921972 ], [ -79.455762119175546, -0.954017924485589 ], [ -79.455419045424023, -0.953123489773719 ], [ -79.455289172732492, -0.952879058261579 ], [ -79.454972208669275, -0.952282502728395 ], [ -79.454381892264294, -0.951589859307607 ], [ -79.454292236866337, -0.951484663649395 ], [ -79.454096109604251, -0.951199226904605 ], [ -79.453939496563919, -0.950971297851858 ], [ -79.453772997276474, -0.950566578190764 ], [ -79.45362605874368, -0.950270430351398 ], [ -79.453126187758357, -0.949895168732408 ], [ -79.452600193836247, -0.949617219405915 ], [ -79.452322394576385, -0.949470423652852 ], [ -79.451420568000671, -0.949016026393056 ], [ -79.451286214707267, -0.948905274053279 ], [ -79.451284422282399, -0.948905237069562 ], [ -79.450844486681873, -0.948896182007936 ], [ -79.450857129025266, -0.94892037035634 ], [ -79.450883900308085, -0.948971589336862 ], [ -79.450923209801317, -0.949046795845211 ], [ -79.450949525948516, -0.949097144594033 ] ], [ [ -79.462661822522293, -0.980789338275493 ], [ -79.462739038512566, -0.980277945115539 ], [ -79.462916312059647, -0.979805343579773 ], [ -79.463080663110389, -0.979367190963139 ], [ -79.463207608042154, -0.979028763812232 ], [ -79.463363268568102, -0.978790442671462 ], [ -79.463671276638621, -0.978612359756037 ], [ -79.463840650578959, -0.97858144219828 ], [ -79.463909849527781, -0.978767448008604 ], [ -79.46406373546121, -0.9789379950558 ], [ -79.46409446468445, -0.979077489668972 ], [ -79.464157550490114, -0.979363868618797 ], [ -79.464078750782107, -0.979774884631292 ], [ -79.46389381091484, -0.980177742735674 ], [ -79.463695958634787, -0.980608728010266 ], [ -79.463531742160029, -0.980735498051222 ], [ -79.463339280638394, -0.980750906924016 ], [ -79.46303130758605, -0.980851500389089 ], [ -79.462900353707013, -0.981037413659082 ], [ -79.462754081277865, -0.981052843826875 ], [ -79.462661822522293, -0.980789338275493 ] ], [ [ -79.442728177410316, -1.070840816460507 ], [ -79.442335759232975, -1.070664185176798 ], [ -79.442013318118754, -1.070519050775524 ], [ -79.441679176226856, -1.070069030050502 ], [ -79.441196554932446, -1.069213702870792 ], [ -79.44102691185941, -1.068700567631543 ], [ -79.440680762986119, -1.068073331141298 ], [ -79.440702595918765, -1.067719574312742 ], [ -79.440527963761809, -1.067191346971831 ], [ -79.440521357435031, -1.066962417795679 ], [ -79.440960854754522, -1.066949085205362 ], [ -79.441247573444869, -1.067134708567467 ], [ -79.441940812647459, -1.067372350996583 ], [ -79.442163310978103, -1.067923191138515 ], [ -79.442379749759439, -1.068124498004676 ], [ -79.442688519692638, -1.068411677906125 ], [ -79.442745849232438, -1.068828868842716 ], [ -79.44304548970581, -1.069197880838363 ], [ -79.443217089477187, -1.069409209144386 ], [ -79.443351413110292, -1.069574631384659 ], [ -79.44316947656813, -1.069724310356648 ], [ -79.443261539823226, -1.070170437100727 ], [ -79.443227854120593, -1.070908137165268 ], [ -79.443220802957441, -1.071062551299721 ], [ -79.442728177410316, -1.070840816460507 ] ], [ [ -79.463717289893935, -1.119869759488409 ], [ -79.463533665654751, -1.119869662602428 ], [ -79.463441853990375, -1.119869614155335 ], [ -79.463304136950512, -1.119869541479512 ], [ -79.463143522497106, -1.119761642223234 ], [ -79.463074703654698, -1.119684595298395 ], [ -79.463059449999932, -1.11959217470385 ], [ -79.46314979472892, -1.119494892602733 ], [ -79.463310734411081, -1.119502784298869 ], [ -79.463440863741724, -1.119509165664358 ], [ -79.4635248273988, -1.119513283376719 ], [ -79.463653316087587, -1.119519584281286 ], [ -79.463748107971043, -1.119521686363757 ], [ -79.4638483457272, -1.119523908887551 ], [ -79.46395461387624, -1.119592646940277 ], [ -79.464046389476408, -1.119662004102607 ], [ -79.464092251669953, -1.11974673990527 ], [ -79.463939167744073, -1.119869876542766 ], [ -79.463717289893935, -1.119869759488409 ] ] ] ] } }
]
}
