{
"type": "FeatureCollection",
"name": "SUBCUENCA_HIDROGRAFICA_A",
"crs": { "type": "name", "properties": { "name": "urn:ogc:def:crs:OGC:1.3:CRS84" } },
"features": [
{ "type": "Feature", "properties": { "fcode": "VB002", "descripcion": "AREA QUE DRENA DIRECTAMENTE AL CAUCE PRINCIPAL DE LA CUENCA HIDROGRAFICA", "cuh_cod": "52", "cuh_nam": "RIO GUAYAS", "cuh_na2": "S/I", "sch_cod": "5204", "sch_nam": "RIO BABAHOYO", "sch_na2": "S/I", "pmk": 812.78102010700002, "ark": 6500.5679370600001, "txt": "S/I", "SHAPE_Length": 79088.467093374056, "SHAPE_Area": 82604545.023012608 }, "geometry": { "type": "MultiPolygon", "coordinates": [ [ [ [ -79.437732940523674, -1.17244442285149 ], [ -79.436841932629179, -1.172190932094234 ], [ -79.434793729866101, -1.171701449813151 ], [ -79.433500801954551, -1.170181471721041 ], [ -79.432908696576533, -1.16860762896995 ], [ -79.431993660009212, -1.166111205366911 ], [ -79.431725535494309, -1.163560886132014 ], [ -79.43208233595287, -1.161740645401373 ], [ -79.431673435671499, -1.160348761145477 ], [ -79.431775108692506, -1.158124522016758 ], [ -79.432078174161219, -1.154990451088566 ], [ -79.432883474580336, -1.151856659020685 ], [ -79.433004575551408, -1.151370227155276 ], [ -79.432810821978975, -1.1505393470833 ], [ -79.432757772854572, -1.148965808722181 ], [ -79.43335157384881, -1.147446885803888 ], [ -79.434160999907903, -1.145928080538669 ], [ -79.434683230293388, -1.144837883788933 ], [ -79.434862581171217, -1.144463473382601 ], [ -79.435617774510931, -1.143541484165268 ], [ -79.436333643739999, -1.142616105488834 ], [ -79.437007176915046, -1.142051782906027 ], [ -79.438514988544668, -1.140030513469242 ], [ -79.438567866522902, -1.13981810658893 ], [ -79.438614527670651, -1.139630672838986 ], [ -79.438917652160725, -1.138413056305225 ], [ -79.438940983031088, -1.137788147281059 ], [ -79.438967848106785, -1.137068586704009 ], [ -79.43901956738344, -1.135683281025254 ], [ -79.43863888696886, -1.134109517016419 ], [ -79.438016381285266, -1.131534524498196 ], [ -79.43758127376303, -1.128520059827102 ], [ -79.436646922841717, -1.125756511964133 ], [ -79.436554827223574, -1.122962022168034 ], [ -79.436681270271407, -1.119822269152185 ], [ -79.436963030323952, -1.117907129241861 ], [ -79.437113612659644, -1.116857553053054 ], [ -79.437724187383154, -1.116068255453947 ], [ -79.439887686648717, -1.115693987227016 ], [ -79.440637423233383, -1.115564287993519 ], [ -79.441076792460009, -1.115210875601102 ], [ -79.44198507041817, -1.11484185882413 ], [ -79.442284861281308, -1.114239149254265 ], [ -79.442647221506931, -1.113947679385839 ], [ -79.443639452405606, -1.112451301471662 ], [ -79.444255651711103, -1.111522013527392 ], [ -79.444558219058621, -1.110576239004613 ], [ -79.445161157000527, -1.108691550401746 ], [ -79.44455963328474, -1.106466920319124 ], [ -79.442852610401914, -1.105353864655717 ], [ -79.440241410946825, -1.104543645132832 ], [ -79.43763010850256, -1.10393563593232 ], [ -79.43568148450575, -1.102953652055323 ], [ -79.435495896140594, -1.102413077585785 ], [ -79.435226932368877, -1.1013277548993 ], [ -79.434959692742368, -1.100167827650892 ], [ -79.434687144309919, -1.099496227803219 ], [ -79.434566285665724, -1.098672105255647 ], [ -79.434597210839783, -1.097512335748138 ], [ -79.434688668654616, -1.096566242633166 ], [ -79.434719148903454, -1.096261051100594 ], [ -79.434355744627354, -1.095375760370796 ], [ -79.433749543367043, -1.094917631235384 ], [ -79.433264660676528, -1.094398524386536 ], [ -79.433022608212667, -1.093391214887917 ], [ -79.433326301921539, -1.09247575411213 ], [ -79.433508865609795, -1.091255023011892 ], [ -79.433266826667833, -1.090217193392052 ], [ -79.433024772540307, -1.089209884351767 ], [ -79.432327825916786, -1.088324420827343 ], [ -79.431170888188319, -1.08765236042596 ], [ -79.430524400436482, -1.086919526752379 ], [ -79.430079848165676, -1.086593741253294 ], [ -79.42955450078081, -1.086145830461798 ], [ -79.428705784535197, -1.085575668500082 ], [ -79.428411462405904, -1.085075150451274 ], [ -79.428059486882461, -1.084476588678182 ], [ -79.427736321526666, -1.083392085068709 ], [ -79.427596606083327, -1.082120390140959 ], [ -79.427614861812557, -1.080742809058622 ], [ -79.427825926671019, -1.079753879435377 ], [ -79.427826226068916, -1.079171052868129 ], [ -79.427745889571597, -1.078722263129362 ], [ -79.427431224176161, -1.078405206437846 ], [ -79.42733877465281, -1.078349307136074 ], [ -79.427306347336014, -1.078259712716286 ], [ -79.426634127064204, -1.077121708213891 ], [ -79.42633631063417, -1.076203160518301 ], [ -79.425915896533681, -1.074843013429039 ], [ -79.425530645707241, -1.073341593955166 ], [ -79.425443239630965, -1.072705738307218 ], [ -79.425654192379838, -1.071928746053657 ], [ -79.425777250384911, -1.071469612947868 ], [ -79.425899968915928, -1.071022246555392 ], [ -79.425951328781579, -1.070644581239111 ], [ -79.42584913367341, -1.070369843272313 ], [ -79.425654867112129, -1.06982836106685 ], [ -79.425269436306479, -1.069455950777103 ], [ -79.425252159754663, -1.06892610008553 ], [ -79.425305041500479, -1.068449268964719 ], [ -79.42556855933266, -1.067813594518677 ], [ -79.425814629103655, -1.066983635496044 ], [ -79.426067037878838, -1.066088809800095 ], [ -79.426592942523712, -1.065437974692698 ], [ -79.426842703974216, -1.064830964002197 ], [ -79.426986344338758, -1.064481864602201 ], [ -79.426964044305279, -1.06361201725157 ], [ -79.426805249713468, -1.062833660790516 ], [ -79.426510124674692, -1.061826330195711 ], [ -79.426412722603487, -1.061728188880996 ], [ -79.42640199791326, -1.061465900885736 ], [ -79.42526911736357, -1.060768243394925 ], [ -79.424850704107229, -1.060474944289497 ], [ -79.42407773758903, -1.060016740002196 ], [ -79.423395690487069, -1.05965014405497 ], [ -79.422372653369052, -1.059031579594984 ], [ -79.421850355398362, -1.058363611376024 ], [ -79.421781767244056, -1.058275894502443 ], [ -79.421191077927389, -1.057131072925823 ], [ -79.420850482763072, -1.05610083121882 ], [ -79.420214010891968, -1.055551136774213 ], [ -79.419463695062689, -1.055276068645311 ], [ -79.418417713076153, -1.05506952074898 ], [ -79.417326433887183, -1.054496704126966 ], [ -79.416007919195295, -1.053580416107539 ], [ -79.414416456451036, -1.052778440061557 ], [ -79.412961371612084, -1.052113876899715 ], [ -79.411392699826962, -1.051220352191431 ], [ -79.410165223570687, -1.050166771446285 ], [ -79.409256027964233, -1.049296477271065 ], [ -79.408225809849185, -1.048045931478905 ], [ -79.408223750725199, -1.048038455748769 ], [ -79.408222664662262, -1.048034513917775 ], [ -79.408097608740903, -1.047580460802611 ], [ -79.407874457296757, -1.046770241979819 ], [ -79.407664010369203, -1.045282040180161 ], [ -79.406960733203135, -1.043864448898091 ], [ -79.406609415802379, -1.042517899239055 ], [ -79.406821822455129, -1.040108713159367 ], [ -79.407456052500152, -1.03883352589112 ], [ -79.408230902035172, -1.037912717661883 ], [ -79.409287594182828, -1.036496019002759 ], [ -79.409781587966506, -1.034086970001305 ], [ -79.410205531198031, -1.030969268114597 ], [ -79.410276878278637, -1.02905603696162 ], [ -79.411334086597023, -1.026576405744582 ], [ -79.411194407386986, -1.024308759584839 ], [ -79.411477187367822, -1.021899599798496 ], [ -79.411618854286488, -1.020128126243444 ], [ -79.41161947948828, -1.018852614298454 ], [ -79.411831369792125, -1.017435483660261 ], [ -79.411857055432165, -1.016696266157956 ], [ -79.411715808425924, -1.015303336198525 ], [ -79.411716540645415, -1.013802127434064 ], [ -79.411944937381918, -1.013184094515941 ], [ -79.41232651022132, -1.012617126763999 ], [ -79.413383109215587, -1.011342134152768 ], [ -79.414721918930127, -1.008791764220464 ], [ -79.41641264827058, -1.006383287006238 ], [ -79.417188192801191, -1.003974359029646 ], [ -79.41810436151215, -1.001919806964718 ], [ -79.418316304047337, -1.000360945720606 ], [ -79.417824565583089, -0.998163985036987 ], [ -79.417332757953673, -0.996108749062057 ], [ -79.417122745301711, -0.993628477713317 ], [ -79.416983060893074, -0.991289965344106 ], [ -79.416772841600064, -0.989234866910759 ], [ -79.416632883612934, -0.987463250954947 ], [ -79.415788810031515, -0.98597474547931 ], [ -79.414874338526118, -0.984486207304378 ], [ -79.414030365378153, -0.982785117623232 ], [ -79.413118993579673, -0.981809476668547 ], [ -79.412904566008692, -0.981579928602526 ], [ -79.411989961569006, -0.980374840453375 ], [ -79.411328728440367, -0.979981110843777 ], [ -79.410709583708908, -0.979612442788948 ], [ -79.410441643697268, -0.979452898248406 ], [ -79.409385843728245, -0.979098084895326 ], [ -79.408470807179725, -0.978814201325241 ], [ -79.407767398145864, -0.977609216603829 ], [ -79.406852896690594, -0.976191547221066 ], [ -79.406078856965195, -0.97548256185846 ], [ -79.404694072267702, -0.973598915523454 ], [ -79.404671806666286, -0.973568628220676 ], [ -79.403616510688337, -0.972150894899746 ], [ -79.402983466564763, -0.97101681004179 ], [ -79.40242065435848, -0.970237066100012 ], [ -79.400801981648769, -0.969244235698547 ], [ -79.400320088859146, -0.968966749028913 ], [ -79.396281861314719, -0.97253190326148 ], [ -79.396261493968595, -0.972549884194682 ], [ -79.396186097933878, -0.972616447901389 ], [ -79.396039835031374, -0.97274557561568 ], [ -79.396032537248814, -0.972754411456231 ], [ -79.395293599440421, -0.973804343571573 ], [ -79.394861875805006, -0.974322730413261 ], [ -79.394484218721033, -0.974628979214107 ], [ -79.394352637953773, -0.974735687951619 ], [ -79.394219460922827, -0.97484369096336 ], [ -79.393937356372916, -0.975072471745162 ], [ -79.392332080429881, -0.976314211257537 ], [ -79.390227278399536, -0.977970987105311 ], [ -79.390218391213139, -0.977977982633922 ], [ -79.390192482835729, -0.97799837631656 ], [ -79.390189085428233, -0.978001050705286 ], [ -79.390142038524985, -0.978038083620919 ], [ -79.388286480830587, -0.979705905395131 ], [ -79.388268874477703, -0.979721729649612 ], [ -79.382456110908393, -0.984946350125184 ], [ -79.382451778518941, -0.984950244921165 ], [ -79.379302009048359, -0.987781293451166 ], [ -79.377843104215472, -0.989092569140413 ], [ -79.377831853464045, -0.989102680722593 ], [ -79.374392346757674, -0.992194123408382 ], [ -79.374389337444185, -0.992196828676095 ], [ -79.371530526722651, -0.994766325262774 ], [ -79.371525663997332, -0.994770695432204 ], [ -79.369638916714138, -0.996466495360455 ], [ -79.369245160520819, -0.996820403995966 ], [ -79.369239487035983, -0.996825502661863 ], [ -79.369417758110401, -0.997152139659686 ], [ -79.369417654998585, -0.997361626467436 ], [ -79.369305473120448, -0.997603286036109 ], [ -79.369321347575593, -0.997877238157428 ], [ -79.369449283994413, -0.998151246220546 ], [ -79.36962525556693, -0.998409163501747 ], [ -79.369945300004446, -0.998683267546537 ], [ -79.37023330986446, -0.998989584342791 ], [ -79.370473301358516, -0.999279763325554 ], [ -79.370681259117262, -0.999602155057492 ], [ -79.370905217433915, -0.999940668734896 ], [ -79.371049187121059, -1.000166341585367 ], [ -79.371193204498482, -1.000295328367402 ], [ -79.371433251735269, -1.000472706664096 ], [ -79.371721358103656, -1.000585651572191 ], [ -79.372024504521633, -1.000649381431485 ], [ -79.372370564007966, -1.000540715325722 ], [ -79.372511541052106, -1.00075380173073 ], [ -79.372625359003393, -1.000983220020021 ], [ -79.372699463769038, -1.001132590635421 ], [ -79.373052133575385, -1.001203772780055 ], [ -79.373381277647582, -1.001298611212644 ], [ -79.373616297892085, -1.001535412769563 ], [ -79.373474982251821, -1.002008711377614 ], [ -79.373192689422993, -1.002268923335275 ], [ -79.373074992874109, -1.002529218438587 ], [ -79.373380553660084, -1.00276605541273 ], [ -79.373521495638968, -1.00305014798762 ], [ -79.373850546396952, -1.003334333824412 ], [ -79.374132617448993, -1.003523823062244 ], [ -79.374438225205125, -1.003665987073016 ], [ -79.374955327544981, -1.004068609306285 ], [ -79.375637002412574, -1.004518651986454 ], [ -79.376013046961134, -1.004873867722619 ], [ -79.376483169105796, -1.005181793555437 ], [ -79.377094525942994, -1.005182099480371 ], [ -79.377470768650554, -1.005134950591727 ], [ -79.37831735694617, -1.004946025421259 ], [ -79.37921085546887, -1.004993809027223 ], [ -79.379657500324754, -1.005230717903212 ], [ -79.379963027511678, -1.005538561620237 ], [ -79.380033171515336, -1.006343326651899 ], [ -79.379562721087709, -1.006698119600009 ], [ -79.378857284654103, -1.006745103729464 ], [ -79.378739493908014, -1.007194747087359 ], [ -79.37937425990215, -1.007408081634055 ], [ -79.379680067566483, -1.007147880835971 ], [ -79.380361815687024, -1.007455913136094 ], [ -79.380972893592045, -1.008024264209581 ], [ -79.381442795131306, -1.008781893619818 ], [ -79.38172471465586, -1.009279074059549 ], [ -79.381912474309644, -1.009989225316543 ], [ -79.382194510887146, -1.010249720888934 ], [ -79.382664020743107, -1.010315538099439 ], [ -79.382809427040598, -1.010488687621648 ], [ -79.382941573388521, -1.01072839818696 ], [ -79.383139754278687, -1.011167845819146 ], [ -79.383218949047546, -1.011500724831354 ], [ -79.383655173732819, -1.012006859694602 ], [ -79.383840298965637, -1.012100147521618 ], [ -79.383813688449806, -1.012419660394454 ], [ -79.383866475221879, -1.012659331330112 ], [ -79.384064728596101, -1.01295232892516 ], [ -79.384064583453508, -1.013245227849022 ], [ -79.384223196162324, -1.01345832471499 ], [ -79.384448080912435, -1.013391869926757 ], [ -79.384593711600459, -1.013112358059916 ], [ -79.385017007228427, -1.013019375479095 ], [ -79.385360726633834, -1.013365700762227 ], [ -79.385386995189307, -1.013738494975029 ], [ -79.385664633916917, -1.013978278992008 ], [ -79.385942411213776, -1.013938477044698 ], [ -79.386088002422113, -1.013738846794792 ], [ -79.386379079316114, -1.013552601775742 ], [ -79.386524446398354, -1.013805633547012 ], [ -79.38640517651595, -1.014271550007408 ], [ -79.386206513793724, -1.014803993407753 ], [ -79.386060803588791, -1.015243269144707 ], [ -79.386139978390659, -1.015616090096736 ], [ -79.386523542489314, -1.015629596079976 ], [ -79.38647078126283, -1.015336670221814 ], [ -79.386510659598585, -1.01493728263176 ], [ -79.386735537210569, -1.014884140966809 ], [ -79.386867664868134, -1.015163792607329 ], [ -79.387290842506786, -1.015310454842652 ], [ -79.387462695842345, -1.015496932295024 ], [ -79.387264184650576, -1.01572316333492 ], [ -79.387330099463057, -1.016162545646738 ], [ -79.387819529739403, -1.016069596445035 ], [ -79.387965246645436, -1.015617007105951 ], [ -79.387899317531321, -1.015204251992427 ], [ -79.388230167484124, -1.014831636486568 ], [ -79.388851876319251, -1.014712125784571 ], [ -79.389248772408479, -1.014512621127814 ], [ -79.389605929793802, -1.014432918094128 ], [ -79.390282714698486, -1.014510861937832 ], [ -79.390178363265434, -1.014878022477832 ], [ -79.390257043336177, -1.015235248881294 ], [ -79.390237133008441, -1.015632114124579 ], [ -79.390276384143917, -1.015989321692692 ], [ -79.39025654245539, -1.016247280365339 ], [ -79.390197242408661, -1.016564750240821 ], [ -79.390078870120732, -1.016743284754783 ], [ -79.389842242610499, -1.016862227956723 ], [ -79.389566187172946, -1.016981152213773 ], [ -79.389507005028108, -1.017060497140224 ], [ -79.389605487204037, -1.017239140493904 ], [ -79.389704057040902, -1.017239190014112 ], [ -79.389999729026883, -1.017318713210348 ], [ -79.390078525884419, -1.017437815708393 ], [ -79.389979856722334, -1.017636203723853 ], [ -79.389624827130334, -1.017993212172398 ], [ -79.389151630966879, -1.018112037092209 ], [ -79.388737626035649, -1.018131672486969 ], [ -79.388638937954596, -1.018369747595013 ], [ -79.388520475812626, -1.018726874642972 ], [ -79.388421846816854, -1.018845887803641 ], [ -79.388066885156562, -1.019063990081103 ], [ -79.387771076139941, -1.019262278408837 ], [ -79.387593462003849, -1.019639219037421 ], [ -79.387396183207997, -1.019916931457369 ], [ -79.386765226013097, -1.020134894032206 ], [ -79.386449791044825, -1.020154578442996 ], [ -79.386292148632293, -1.020015593436165 ], [ -79.386390807360172, -1.01983704964196 ], [ -79.386390896312719, -1.019658456090053 ], [ -79.386075452464695, -1.019697985063894 ], [ -79.385838834776337, -1.01979708376464 ], [ -79.385681062984531, -1.019916065863677 ], [ -79.38574010591816, -1.020114532842079 ], [ -79.385917463109209, -1.020253528707131 ], [ -79.38615394239504, -1.020432241706353 ], [ -79.386252442918646, -1.0205711968708 ], [ -79.386508695567542, -1.020630858098111 ], [ -79.386528321394053, -1.020809460713586 ], [ -79.38652640187486, -1.020950846764506 ], [ -79.386481984688899, -1.02107360669229 ], [ -79.386315607954273, -1.021151657260676 ], [ -79.386138148924928, -1.021218540503216 ], [ -79.385894125880668, -1.021341199483343 ], [ -79.385849658516051, -1.021564419160867 ], [ -79.385916103750915, -1.021743046315422 ], [ -79.386049106559767, -1.021877058530438 ], [ -79.386293012689421, -1.021988802542646 ], [ -79.386692238549031, -1.021955518419173 ], [ -79.387280057846084, -1.021766060210457 ], [ -79.387457562428239, -1.021609880545536 ], [ -79.387779186594486, -1.021531908329727 ], [ -79.387867839174163, -1.021654735557758 ], [ -79.387878866732677, -1.021777524484371 ], [ -79.387834392942807, -1.02201190610724 ], [ -79.387679033332404, -1.022235069054944 ], [ -79.38759023688965, -1.022402456158973 ], [ -79.387501412572234, -1.022625652686389 ], [ -79.387479122679522, -1.02284888375222 ], [ -79.387390325270147, -1.023016269901745 ], [ -79.387523317956223, -1.023172606555253 ], [ -79.387733984075112, -1.023228523507644 ], [ -79.387855880640984, -1.023396016284629 ], [ -79.388121947925754, -1.023541258602358 ], [ -79.388443617925773, -1.023373989285582 ], [ -79.388732014206383, -1.023217866584746 ], [ -79.388942686043961, -1.023262620875759 ], [ -79.389197797489416, -1.02313996731496 ], [ -79.389497344717, -1.022861065730383 ], [ -79.389719133243773, -1.022850016050554 ], [ -79.389974284541481, -1.022649226664892 ], [ -79.390107454633622, -1.022448375632192 ], [ -79.39015195616355, -1.022158183306277 ], [ -79.390251831129476, -1.022013126757057 ], [ -79.390495825940945, -1.021946276783999 ], [ -79.390695453592159, -1.021901729664027 ], [ -79.390761921459855, -1.02203570844626 ], [ -79.390761854772549, -1.022169653671527 ], [ -79.390828329090041, -1.022292469835779 ], [ -79.390961343528446, -1.022404158754145 ], [ -79.390950176013718, -1.022560422753455 ], [ -79.390794855218076, -1.022705451362559 ], [ -79.390761465589009, -1.022951000665923 ], [ -79.390898448449462, -1.023444993953361 ], [ -79.391014792614001, -1.023629227577538 ], [ -79.391205935068328, -1.023922329040181 ], [ -79.391313970540494, -1.02408981591342 ], [ -79.391430323966745, -1.024257306099343 ], [ -79.39155500607815, -1.024399686158986 ], [ -79.391654754638637, -1.02450856662342 ], [ -79.391821058718392, -1.024575623776017 ], [ -79.392020710357329, -1.024483637181361 ], [ -79.392286900821446, -1.02438331241039 ], [ -79.392428192090946, -1.024575930519425 ], [ -79.392236828246752, -1.024726522711521 ], [ -79.392045476919606, -1.024851999609625 ], [ -79.391862530349201, -1.024801677532773 ], [ -79.391521605137186, -1.02466755989495 ], [ -79.391338646098077, -1.024642352158369 ], [ -79.391197167000144, -1.024826455516612 ], [ -79.391197095970213, -1.024968772516126 ], [ -79.391288510719534, -1.025111135786587 ], [ -79.391313385757599, -1.025261837160999 ], [ -79.39128835189814, -1.025429255886041 ], [ -79.391155252464827, -1.025487789889721 ], [ -79.390905745355809, -1.025487663632607 ], [ -79.3908114362455, -1.02559086505523 ], [ -79.390786405620716, -1.025749912888317 ], [ -79.390777997436416, -1.025934083473345 ], [ -79.390769646913554, -1.026001051421291 ], [ -79.390719678542553, -1.026134972276281 ], [ -79.390678035584699, -1.026252152941012 ], [ -79.390677960247203, -1.02640284164836 ], [ -79.39072778632935, -1.026553554734003 ], [ -79.390860806283698, -1.026654081297981 ], [ -79.391002193540032, -1.026654152929376 ], [ -79.391201836074998, -1.026578910124167 ], [ -79.391326647820307, -1.0264617706437 ], [ -79.391501324250342, -1.026420001246257 ], [ -79.391692549343148, -1.026545672534478 ], [ -79.39190044294827, -1.026604378252803 ], [ -79.392141587193294, -1.026696587817942 ], [ -79.392232972671195, -1.026897552563421 ], [ -79.392174595126278, -1.027215643319323 ], [ -79.391916695346183, -1.02736620151475 ], [ -79.391725332054818, -1.027516792468322 ], [ -79.391392584704747, -1.027658940858848 ], [ -79.390835256122216, -1.027851204846864 ], [ -79.390635613489138, -1.027926447489483 ], [ -79.390477671737784, -1.027767307781525 ], [ -79.390427879273489, -1.027549621630332 ], [ -79.390228366632272, -1.027365345634757 ], [ -79.389995548085508, -1.027256396665374 ], [ -79.389779358590872, -1.027155827882738 ], [ -79.389696265302319, -1.027005097965662 ], [ -79.389629814497269, -1.026837632107715 ], [ -79.389538362256332, -1.026770613592918 ], [ -79.389297126195729, -1.026862578598897 ], [ -79.389230428106757, -1.027189035456367 ], [ -79.389180367351273, -1.027507130802895 ], [ -79.388980627485211, -1.027774919681289 ], [ -79.388814117997256, -1.028118069225054 ], [ -79.388522867060473, -1.028436040989606 ], [ -79.38838968353744, -1.028662005701215 ], [ -79.388372927594304, -1.028904773063768 ], [ -79.388480942415399, -1.029114116933361 ], [ -79.388655525487138, -1.029256522578328 ], [ -79.388879997400153, -1.029424068834073 ], [ -79.389004611831496, -1.029700394230924 ], [ -79.388996119094756, -1.030051995779663 ], [ -79.388995984517649, -1.030319885982988 ], [ -79.388995875148012, -1.030537546659785 ], [ -79.389078934546106, -1.030755250594751 ], [ -79.38921189118949, -1.03098135079557 ], [ -79.389328243174162, -1.031148841273207 ], [ -79.389477817112208, -1.031408436047538 ], [ -79.389544268524403, -1.031575902041932 ], [ -79.389544180111557, -1.031751704977326 ], [ -79.389543973756147, -1.03216191212722 ], [ -79.389452353030435, -1.032429755747583 ], [ -79.389360753332269, -1.032655741545965 ], [ -79.389119377445269, -1.033023967779734 ], [ -79.389044386478545, -1.033300191521492 ], [ -79.388944478022239, -1.033509429498716 ], [ -79.388803027309095, -1.033634931549822 ], [ -79.388619992160969, -1.033760411428586 ], [ -79.38853668398778, -1.034036630811485 ], [ -79.388553220095176, -1.03422918563091 ], [ -79.388478254256455, -1.034455179723293 ], [ -79.388461518729798, -1.034656088360583 ], [ -79.388577913617581, -1.034739864360369 ], [ -79.388710899498946, -1.034907363528024 ], [ -79.388827192084079, -1.035192056720103 ], [ -79.388985137641882, -1.035342825214678 ], [ -79.389159695325873, -1.035535460927682 ], [ -79.389484029503762, -1.035585856382251 ], [ -79.38976679194505, -1.035611116232521 ], [ -79.390007850735216, -1.035870758158311 ], [ -79.390040988017461, -1.036130293763308 ], [ -79.390024231262998, -1.036373061259838 ], [ -79.390015778868175, -1.036640947331444 ], [ -79.390090537729307, -1.036825160363307 ], [ -79.390090355817605, -1.03718513805965 ], [ -79.390073519415466, -1.03758696504242 ], [ -79.390114921878677, -1.037946964949182 ], [ -79.390339338881489, -1.038223342129452 ], [ -79.390596972528428, -1.038600194629021 ], [ -79.390879536280053, -1.039018918724421 ], [ -79.390987512572735, -1.039303608105057 ], [ -79.391045620217312, -1.039521298846542 ], [ -79.391161917811445, -1.03979762079088 ], [ -79.391186770680051, -1.03999018015412 ], [ -79.3913197524206, -1.040166051513945 ], [ -79.391461085186023, -1.040274954983616 ], [ -79.391777022482117, -1.040484406368102 ], [ -79.391926659667874, -1.040618428477522 ], [ -79.392026420627047, -1.040702195390515 ], [ -79.392259294864786, -1.040702314895797 ], [ -79.392342557313057, -1.040518183556388 ], [ -79.392342629369537, -1.040375866490424 ], [ -79.392425908728541, -1.040158247214825 ], [ -79.392617291579654, -1.039974170359988 ], [ -79.392733817194383, -1.039798426847868 ], [ -79.392891991779365, -1.039497131022616 ], [ -79.393357858788377, -1.039262964965742 ], [ -79.39375715607423, -1.039095737833708 ], [ -79.393958161009564, -1.039070725433551 ], [ -79.394179929566818, -1.039104325066885 ], [ -79.394357369056252, -1.039082092370889 ], [ -79.394468300816015, -1.039004014184702 ], [ -79.394512736098065, -1.03884776702431 ], [ -79.394490631609983, -1.038702647573723 ], [ -79.394490699219247, -1.038568702116126 ], [ -79.394623849012902, -1.038412500300862 ], [ -79.394856751538242, -1.03835680880855 ], [ -79.395133909117263, -1.038502058656817 ], [ -79.395288955996264, -1.038903974537465 ], [ -79.395244412779419, -1.039272302228021 ], [ -79.395244294432771, -1.039506707090757 ], [ -79.395443839424956, -1.039629592068145 ], [ -79.395543530200698, -1.039852886271754 ], [ -79.395454725363919, -1.040031435205969 ], [ -79.395210677335996, -1.040198741992687 ], [ -79.394866820156651, -1.040377160259241 ], [ -79.394733630621189, -1.040611496906864 ], [ -79.394733545954921, -1.040778928520606 ], [ -79.394766762684569, -1.040879404897769 ], [ -79.394955200899929, -1.04103577137764 ], [ -79.395132572839543, -1.041147483391697 ], [ -79.395143589224674, -1.041292596321038 ], [ -79.395154548229058, -1.041549331254063 ], [ -79.395276457028245, -1.041694501943443 ], [ -79.395509309123042, -1.041739269225404 ], [ -79.395631335644069, -1.041650035033235 ], [ -79.395842150237172, -1.04141573808511 ], [ -79.396141639992976, -1.041259621496772 ], [ -79.396463284967311, -1.041148165018514 ], [ -79.396864369211883, -1.041103721503561 ], [ -79.397160075373378, -1.041118756104888 ], [ -79.397899323539121, -1.041193547930874 ], [ -79.398254067262869, -1.041416972889315 ], [ -79.398475657976093, -1.041804041139358 ], [ -79.398579045248397, -1.042027336670108 ], [ -79.398652837748159, -1.042295265960906 ], [ -79.39862313859291, -1.042548259921011 ], [ -79.398489909251907, -1.042860732093285 ], [ -79.398327161215306, -1.043069008971321 ], [ -79.398016540622237, -1.043306975631889 ], [ -79.397720788958281, -1.043381237596953 ], [ -79.397528552408403, -1.043425787893778 ], [ -79.397351048335153, -1.043574525797501 ], [ -79.397276976442299, -1.043857261496815 ], [ -79.397276840761748, -1.044125153674512 ], [ -79.397321085086546, -1.044348418870024 ], [ -79.397513050224191, -1.044839652189194 ], [ -79.397719937235422, -1.045063000948982 ], [ -79.39786768915684, -1.045271437014837 ], [ -79.398015425098649, -1.045509638710282 ], [ -79.398044830413838, -1.045837076486275 ], [ -79.39804459638944, -1.046298445661752 ], [ -79.39810356628081, -1.046640781913842 ], [ -79.398325261202984, -1.04681949051796 ], [ -79.398546948605642, -1.047013081500107 ], [ -79.398576362213021, -1.047325637020435 ], [ -79.398531830910642, -1.047667920124214 ], [ -79.398428209742505, -1.047905992671721 ], [ -79.398043697079601, -1.048069506071035 ], [ -79.397777470754846, -1.048233080289415 ], [ -79.397792150947652, -1.048441448032539 ], [ -79.397880751505184, -1.048664737124754 ], [ -79.398087676261795, -1.048813671813089 ], [ -79.398309424126538, -1.048888200561486 ], [ -79.398560759430538, -1.048932978931092 ], [ -79.398812087205414, -1.048992639648235 ], [ -79.398989492783116, -1.049037379922241 ], [ -79.399166808483955, -1.049260713933574 ], [ -79.399122352575191, -1.04945416808184 ], [ -79.398870912079673, -1.049617750822077 ], [ -79.398737734391716, -1.049826042455897 ], [ -79.398752353004255, -1.050153472769638 ], [ -79.398811352734555, -1.050436277995297 ], [ -79.398855572972266, -1.050704192345044 ], [ -79.398899786501417, -1.050986989967482 ], [ -79.398796180015978, -1.051195295874753 ], [ -79.398823140291526, -1.05148304598108 ], [ -79.398823029039605, -1.051701328082039 ], [ -79.398546815902307, -1.052117905026823 ], [ -79.398408664179755, -1.052415491638522 ], [ -79.398250837740591, -1.052633692145966 ], [ -79.398644983195652, -1.05291170931013 ], [ -79.399039219003598, -1.053011131902901 ], [ -79.399275608994728, -1.053368443502042 ], [ -79.399216334458401, -1.053626382555871 ], [ -79.398861314306799, -1.053943699810439 ], [ -79.398683682079678, -1.054340484658467 ], [ -79.398407427587998, -1.05483643706465 ], [ -79.397894620032275, -1.055292579179073 ], [ -79.397500089676868, -1.055768626085363 ], [ -79.397223824519727, -1.056284421628034 ], [ -79.397144590087024, -1.057018602241634 ], [ -79.397006203203418, -1.057772594861623 ], [ -79.396848263859539, -1.058209076604292 ], [ -79.396887539573953, -1.058506753903199 ], [ -79.397084591683424, -1.058685450942485 ], [ -79.397932249061483, -1.05880495442014 ], [ -79.398109606496831, -1.058943953781613 ], [ -79.398129106794684, -1.059360684331889 ], [ -79.397931810763779, -1.059658238663248 ], [ -79.397655686237954, -1.059896220651213 ], [ -79.397261266526527, -1.06015398464369 ], [ -79.396945621426028, -1.060570540306097 ], [ -79.396649875304604, -1.060629917272764 ], [ -79.396117689531948, -1.060431201541942 ], [ -79.395841770218667, -1.060272306941931 ], [ -79.395585554133973, -1.060133267259977 ], [ -79.395230787993654, -1.059954487848554 ], [ -79.394974552481273, -1.059855135610822 ], [ -79.394560428121892, -1.060093044934637 ], [ -79.394106803600621, -1.06046983940142 ], [ -79.393278544552018, -1.06096550089602 ], [ -79.392982768119026, -1.061084409309969 ], [ -79.392312633978548, -1.060786402601608 ], [ -79.391800215087741, -1.060488477534152 ], [ -79.391622867845825, -1.060329635337216 ], [ -79.391110244283936, -1.060428585553136 ], [ -79.390794753919423, -1.060547483391632 ], [ -79.390439690604623, -1.060944171785449 ], [ -79.390321148623585, -1.061440204070207 ], [ -79.390222340380163, -1.061896557497656 ], [ -79.389965910458784, -1.062174236139786 ], [ -79.389709418825191, -1.062570975713345 ], [ -79.389472631047681, -1.062987570071053 ], [ -79.389078220858281, -1.063225487718503 ], [ -79.388979464399441, -1.063582623401633 ], [ -79.389001437277926, -1.063979508911749 ], [ -79.389208368332305, -1.064113563710552 ], [ -79.389430084660944, -1.064247625390419 ], [ -79.389651801922724, -1.064381687083968 ], [ -79.3898883199099, -1.06448599107834 ], [ -79.389991658084085, -1.064798583532303 ], [ -79.389902788500194, -1.0650961935411 ], [ -79.389710411676006, -1.065408631355709 ], [ -79.389473684965949, -1.065706162558518 ], [ -79.389222202986758, -1.065944154938209 ], [ -79.388970760559388, -1.066107733109932 ], [ -79.388970652225282, -1.06631609230723 ], [ -79.389147972281208, -1.066524544993309 ], [ -79.389295752806802, -1.066673451173469 ], [ -79.389487843571018, -1.066911677174433 ], [ -79.389768680470468, -1.067090418092961 ], [ -79.390345333180349, -1.067075839613615 ], [ -79.390626317246429, -1.06697180790081 ], [ -79.390789022438057, -1.066852830655176 ], [ -79.391025587059303, -1.066867838405555 ], [ -79.391217701311362, -1.067061415812204 ], [ -79.391660949921146, -1.067686727725614 ], [ -79.391808722986113, -1.067850516356259 ], [ -79.391941702148856, -1.068029180424621 ], [ -79.39195628712929, -1.068416141702123 ], [ -79.391956171020652, -1.068639383508142 ], [ -79.391955992939899, -1.068981688273235 ], [ -79.391689600051265, -1.069457797922182 ], [ -79.391689359792622, -1.069919164679102 ], [ -79.391260378251033, -1.07029100941965 ], [ -79.390565159382419, -1.070841305360066 ], [ -79.390579859254998, -1.071005024743701 ], [ -79.390698037309491, -1.071213446639073 ], [ -79.391038025182596, -1.07137733711405 ], [ -79.391318877036397, -1.07152631313612 ], [ -79.391658849525669, -1.071719970057284 ], [ -79.392028455707987, -1.071794579675271 ], [ -79.392412933555477, -1.071705485373191 ], [ -79.392738252022795, -1.071646126177574 ], [ -79.392886025097411, -1.07180991512733 ], [ -79.392885885402094, -1.072077805773123 ], [ -79.392767451856955, -1.072360517113444 ], [ -79.392471501938388, -1.072806845409057 ], [ -79.392338181003154, -1.073283025131393 ], [ -79.392278890259291, -1.073565767608169 ], [ -79.392249100982312, -1.073982470099086 ], [ -79.391805378580273, -1.074265008881497 ], [ -79.391524260995681, -1.074622047908261 ], [ -79.391494525929957, -1.074934571400261 ], [ -79.391642205259558, -1.075276953593926 ], [ -79.391848941909643, -1.075783079775112 ], [ -79.392085328021054, -1.076140392358614 ], [ -79.392321792112924, -1.076348877417809 ], [ -79.392632200259058, -1.076527636218316 ], [ -79.392913131350696, -1.076527785287261 ], [ -79.393090522614457, -1.076602293697173 ], [ -79.393149533228438, -1.076855332530474 ], [ -79.393326753013213, -1.077257263627589 ], [ -79.39360738794862, -1.077822959731868 ], [ -79.393769782448345, -1.078299296515636 ], [ -79.393784357083916, -1.078701140498402 ], [ -79.393636382046296, -1.078924304809165 ], [ -79.393429317571204, -1.079043256910188 ], [ -79.393192728378196, -1.079072896657341 ], [ -79.392911843886623, -1.078983450684546 ], [ -79.392690134739325, -1.078834504215216 ], [ -79.392571917858277, -1.078700496012992 ], [ -79.392231866921932, -1.07865566733374 ], [ -79.391995418527458, -1.078417415594025 ], [ -79.391788487040557, -1.078283360255968 ], [ -79.39150751777369, -1.078357625055517 ], [ -79.391270780337663, -1.078670038328097 ], [ -79.39097482061851, -1.079131248410357 ], [ -79.39109301385713, -1.079309904390695 ], [ -79.391580836411833, -1.079518523648082 ], [ -79.392053772106863, -1.079920611341616 ], [ -79.392541556781637, -1.080203644941737 ], [ -79.39285187205482, -1.080560998377234 ], [ -79.393236195072859, -1.080769562712076 ], [ -79.393280426844314, -1.081007711485792 ], [ -79.393280325115924, -1.081201187888277 ], [ -79.393014078030845, -1.08139452246218 ], [ -79.392866046852305, -1.081721866238208 ], [ -79.392392593843795, -1.082302043795704 ], [ -79.392288983934421, -1.082510348083165 ], [ -79.392288842791899, -1.082778238631218 ], [ -79.392347750696715, -1.08322475476525 ], [ -79.392324944190861, -1.083539142240015 ], [ -79.392374669977954, -1.083874031643543 ], [ -79.392349594687616, -1.084108422770442 ], [ -79.392233037117876, -1.084334393229767 ], [ -79.392074924372153, -1.084501740989017 ], [ -79.391509188710927, -1.0848363010829 ], [ -79.391026653420568, -1.085112305020041 ], [ -79.390602258013203, -1.085539028581499 ], [ -79.390377454238546, -1.085999344974924 ], [ -79.390161056165084, -1.086292233618435 ], [ -79.389653636420093, -1.086442650058945 ], [ -79.389212788989241, -1.086526129068039 ], [ -79.38866387741713, -1.086500720091756 ], [ -79.388306324653897, -1.08634983958241 ], [ -79.388115032566361, -1.086349736861566 ], [ -79.387990241716011, -1.086416642808711 ], [ -79.387823843559048, -1.086525383247878 ], [ -79.387748785405819, -1.086910435389632 ], [ -79.387856627446794, -1.087437901670697 ], [ -79.387906280956017, -1.087906736380786 ], [ -79.387989166740326, -1.088442561052049 ], [ -79.38806387753057, -1.088710492211933 ], [ -79.388146883272569, -1.089020284716346 ], [ -79.388138406805524, -1.089321656249199 ], [ -79.387838863538619, -1.089564270666992 ], [ -79.387447927134986, -1.089631032990468 ], [ -79.38725659484318, -1.089706273647782 ], [ -79.386932212197777, -1.089739584812252 ], [ -79.386691169137976, -1.089454821531649 ], [ -79.38647505545724, -1.089211930370927 ], [ -79.386275545038899, -1.089027648469947 ], [ -79.385917951722334, -1.088952111102636 ], [ -79.385527033567755, -1.088985387251219 ], [ -79.385435399121349, -1.089261599270994 ], [ -79.385501784287641, -1.089546267331449 ], [ -79.385634633912105, -1.089964917041266 ], [ -79.385700924457069, -1.090425388585387 ], [ -79.385867041906977, -1.090844056347587 ], [ -79.386091491351593, -1.091053466155279 ], [ -79.38620781801194, -1.091262818503435 ], [ -79.386224349780761, -1.091455373513261 ], [ -79.386057896689323, -1.09166457220691 ], [ -79.385924703471957, -1.091890532282536 ], [ -79.385999468135964, -1.092058004479328 ], [ -79.386132451477692, -1.092225507254752 ], [ -79.386115683035484, -1.092476644529792 ], [ -79.385949217275439, -1.092710958288353 ], [ -79.385774504893476, -1.092811322664339 ], [ -79.385533261991597, -1.092903279289065 ], [ -79.385183940998076, -1.092911461965697 ], [ -79.384876219521217, -1.092894551957567 ], [ -79.384709865545886, -1.09291957705857 ], [ -79.38458506539726, -1.093003224871517 ], [ -79.384543377342268, -1.093195748216792 ], [ -79.384593153475308, -1.093430178790084 ], [ -79.384759338284411, -1.093723272671389 ], [ -79.384925522198486, -1.094016367494983 ], [ -79.385000254404261, -1.094242439929913 ], [ -79.385041589639485, -1.094711269662713 ], [ -79.385049731210572, -1.095037763960518 ], [ -79.385032972189407, -1.09527215853492 ], [ -79.384958010564461, -1.095473035546781 ], [ -79.384774977139273, -1.095581766778835 ], [ -79.384483800196634, -1.095732296060133 ], [ -79.384267512272871, -1.095815894003698 ], [ -79.383677010871267, -1.095798830784435 ], [ -79.383469138068548, -1.095698259101483 ], [ -79.383136455997914, -1.09569807837095 ], [ -79.382903507725871, -1.095831896478543 ], [ -79.38261917701935, -1.096138698947996 ], [ -79.382419411864191, -1.096428803881315 ], [ -79.382330529263882, -1.096741293332423 ], [ -79.382363617340886, -1.09707617249015 ], [ -79.382418956266378, -1.097277120029493 ], [ -79.382540819972519, -1.097500427150252 ], [ -79.382596080892895, -1.097846481008066 ], [ -79.38270676465514, -1.098237213594817 ], [ -79.382961677071123, -1.098505241800333 ], [ -79.383316466358892, -1.098639379758496 ], [ -79.383915233513306, -1.098751327224029 ], [ -79.384347678924101, -1.098829697211051 ], [ -79.384558239738425, -1.09908653882434 ], [ -79.384535958782052, -1.099276282633292 ], [ -79.384336223878506, -1.099510576521032 ], [ -79.384258387833754, -1.099901206727116 ], [ -79.384291553749961, -1.100090979815721 ], [ -79.384258129582264, -1.100381175406066 ], [ -79.384016492715162, -1.100557544241291 ], [ -79.383760672220276, -1.10068925673033 ], [ -79.383398845898967, -1.100751845803274 ], [ -79.38311812539888, -1.100789364848643 ], [ -79.3828372382239, -1.101134537154628 ], [ -79.382724829347566, -1.101373065459866 ], [ -79.382687203425377, -1.101743485649944 ], [ -79.382724487335381, -1.10200720994572 ], [ -79.382874082899846, -1.102214487273296 ], [ -79.383104749535477, -1.102459481196768 ], [ -79.383347966132575, -1.102566351006719 ], [ -79.383747161330732, -1.102610519570669 ], [ -79.384096454126947, -1.102654661734627 ], [ -79.384414544500302, -1.102723900170506 ], [ -79.384738839230977, -1.102855929425714 ], [ -79.385031928144059, -1.103019334914218 ], [ -79.38539979259987, -1.103327190533547 ], [ -79.385636694452032, -1.103578467116599 ], [ -79.385960890379309, -1.103892577107714 ], [ -79.386160371942992, -1.10413127619657 ], [ -79.386415908692484, -1.104526971522714 ], [ -79.386459383402297, -1.104878601459329 ], [ -79.386490447031903, -1.105110928651034 ], [ -79.386496583518067, -1.105299292686446 ], [ -79.386465340274782, -1.105399734505456 ], [ -79.386315534174258, -1.105581733297357 ], [ -79.386034795806438, -1.105650645280718 ], [ -79.385585771830648, -1.105468317938112 ], [ -79.385273999715764, -1.105248394344275 ], [ -79.38511818027132, -1.105015998102691 ], [ -79.384812598934971, -1.104883978761108 ], [ -79.384282385469533, -1.104883688531245 ], [ -79.384007826987144, -1.105059340626756 ], [ -79.383758144613338, -1.105373137314715 ], [ -79.383577037495144, -1.105762315110982 ], [ -79.383508218441534, -1.106138997283311 ], [ -79.383501796751375, -1.10647804139528 ], [ -79.383507878516184, -1.106766862985457 ], [ -79.38361374403884, -1.107093411600042 ], [ -79.383744622495854, -1.107306958083785 ], [ -79.383918064590461, -1.10763354385291 ], [ -79.384142444272641, -1.10796852844684 ], [ -79.384225469755194, -1.108236464449178 ], [ -79.384266873567285, -1.108571348632613 ], [ -79.384200210268247, -1.108805715560595 ], [ -79.384058624464302, -1.109165614323233 ], [ -79.383942025772427, -1.109458554851608 ], [ -79.383875280528812, -1.10984360982196 ], [ -79.38375038808708, -1.110094687138326 ], [ -79.383592267528357, -1.110270402510325 ], [ -79.383392634374687, -1.110312150292531 ], [ -79.383168041286424, -1.110370627735738 ], [ -79.383034927050701, -1.110445898041735 ], [ -79.38291845641227, -1.110504434979588 ], [ -79.382710578864788, -1.110412233483099 ], [ -79.382469466016573, -1.110261412623551 ], [ -79.382344813796024, -1.110068799183615 ], [ -79.382145204419786, -1.110068689251799 ], [ -79.38195386589129, -1.110152299127115 ], [ -79.381920488559132, -1.110353197191383 ], [ -79.381920347405938, -1.110612715514877 ], [ -79.381928541684829, -1.110838751603913 ], [ -79.381870239872796, -1.110989406573861 ], [ -79.381495943705346, -1.111039429521488 ], [ -79.381121684056666, -1.111022480600778 ], [ -79.380863854944877, -1.111022338373338 ], [ -79.38053116248355, -1.111038897313668 ], [ -79.380306651663602, -1.110946686523587 ], [ -79.379957416932299, -1.110795806819402 ], [ -79.379707986416335, -1.110644981303593 ], [ -79.379483457483701, -1.110586256405772 ], [ -79.379084206417502, -1.110644636982475 ], [ -79.37870157528819, -1.110728140837228 ], [ -79.378493648998145, -1.110728025998543 ], [ -79.37830236998434, -1.11070280616915 ], [ -79.377878318977778, -1.110484911563193 ], [ -79.377562292570573, -1.110442879423008 ], [ -79.37694681680172, -1.110467654357985 ], [ -79.376514234253477, -1.110643216982792 ], [ -79.376081577691281, -1.110952723640199 ], [ -79.375890170883125, -1.111161906168103 ], [ -79.375815194198424, -1.111387895557429 ], [ -79.375781816417557, -1.111588792916673 ], [ -79.375681947492865, -1.111705939346099 ], [ -79.375507275704095, -1.1117309567472 ], [ -79.375365853603043, -1.111789479270773 ], [ -79.375282568747991, -1.111998720601015 ], [ -79.375224234628419, -1.112207976643227 ], [ -79.375282339793074, -1.112417296309272 ], [ -79.375398691193695, -1.112576420003863 ], [ -79.375573289755152, -1.112685345917081 ], [ -79.375806121757321, -1.112769190881032 ], [ -79.376113788723217, -1.112886562243975 ], [ -79.376379838453488, -1.113062511430508 ], [ -79.376546061271057, -1.113280262830677 ], [ -79.37683708478059, -1.113414368384419 ], [ -79.377302776714714, -1.113531828274141 ], [ -79.377593773802516, -1.113716163054501 ], [ -79.377643438181821, -1.114151509371264 ], [ -79.377435350506033, -1.114444397680144 ], [ -79.377343683955985, -1.114770836344627 ], [ -79.377376732847097, -1.11517268756611 ], [ -79.377517948061509, -1.11549088376518 ], [ -79.377692451479916, -1.115775612628261 ], [ -79.377800380259018, -1.116127276275962 ], [ -79.377841896752386, -1.116252872868554 ], [ -79.377783572296238, -1.116445384820915 ], [ -79.377575548403257, -1.116621071119478 ], [ -79.377242745579863, -1.116838546456118 ], [ -79.376884941370449, -1.117148093612796 ], [ -79.37666857348556, -1.117374004259541 ], [ -79.376477206967593, -1.117507842035966 ], [ -79.376269096479604, -1.117842587237585 ], [ -79.376110961182107, -1.118043415070526 ], [ -79.375969322262179, -1.118495398893965 ], [ -79.375902473023402, -1.119064624254453 ], [ -79.37570254487683, -1.119642147035857 ], [ -79.375469403761954, -1.120119193705457 ], [ -79.375460893716365, -1.120470792273443 ], [ -79.375527263815755, -1.120772204378369 ], [ -79.375502133011807, -1.121098679533725 ], [ -79.37557684798324, -1.121349866243921 ], [ -79.37571817389869, -1.121467146911168 ], [ -79.375992517754511, -1.121684959364745 ], [ -79.376058957027226, -1.121860798189288 ], [ -79.376067149618081, -1.12208683366538 ], [ -79.376058693822429, -1.122337974884186 ], [ -79.375925491122516, -1.122572302991407 ], [ -79.375767374491005, -1.12273964458401 ], [ -79.375625900692071, -1.122890252994847 ], [ -79.375659071736706, -1.123066073222526 ], [ -79.375767115655862, -1.123208449528374 ], [ -79.376041579687708, -1.123208603073341 ], [ -79.376282844049399, -1.123083164586307 ], [ -79.376507411012099, -1.12307491938543 ], [ -79.376748527559954, -1.123217369226382 ], [ -79.380286859187336, -1.123129176793753 ], [ -79.381127848417506, -1.123235464647169 ], [ -79.382214318100608, -1.123024432599879 ], [ -79.383167389511854, -1.122856692693522 ], [ -79.386091220514103, -1.122469653873032 ], [ -79.389290717367459, -1.122360382241512 ], [ -79.392379984423044, -1.122084474425647 ], [ -79.394696883976522, -1.121974707542894 ], [ -79.39795182825047, -1.121365740396259 ], [ -79.400710187895967, -1.12097858983582 ], [ -79.404406263389006, -1.120702999050635 ], [ -79.40435471819869, -1.120784946044497 ], [ -79.404358444229004, -1.120801595822623 ], [ -79.404631215703162, -1.121962891589045 ], [ -79.405183614878609, -1.123319746909371 ], [ -79.405876701420524, -1.124125015590398 ], [ -79.407304465172572, -1.124632244246785 ], [ -79.408341250036798, -1.125392482781053 ], [ -79.40937799645431, -1.1262250709569 ], [ -79.409851629044752, -1.126822215660699 ], [ -79.410495917806742, -1.127395412376637 ], [ -79.410514142230369, -1.127439849944322 ], [ -79.410440116886477, -1.127662973483962 ], [ -79.410439979642433, -1.127915891654591 ], [ -79.410306781806497, -1.128228247401752 ], [ -79.410188421677091, -1.128436468578036 ], [ -79.41032119137077, -1.128912624058667 ], [ -79.410025444834432, -1.129150501558202 ], [ -79.410010518065562, -1.129418290348048 ], [ -79.410084333411831, -1.12958198352479 ], [ -79.409729559850433, -1.129641298846721 ], [ -79.409552133079004, -1.129745343748925 ], [ -79.409374713499602, -1.129834511622128 ], [ -79.409226653955713, -1.130295634290783 ], [ -79.409137839760916, -1.13053362639576 ], [ -79.409152425665766, -1.130890696061156 ], [ -79.409551420594909, -1.131054569555538 ], [ -79.40966957859311, -1.131218287228895 ], [ -79.409654683931208, -1.13142656523303 ], [ -79.409743158794811, -1.131813430691591 ], [ -79.40966915716173, -1.131991921150208 ], [ -79.409550853256931, -1.13209599848737 ], [ -79.409417630229768, -1.132452986585367 ], [ -79.409180973651758, -1.132750406747122 ], [ -79.408900161816646, -1.132705618741707 ], [ -79.408722798788475, -1.132690643709515 ], [ -79.408722571469539, -1.133107214929137 ], [ -79.40887025837624, -1.133330459728701 ], [ -79.409017832475911, -1.133761990643914 ], [ -79.409165446268204, -1.134119133911037 ], [ -79.409298295058605, -1.13444651413961 ], [ -79.409519806014785, -1.134818575396664 ], [ -79.409519602775532, -1.135190514867743 ], [ -79.409371573423783, -1.135592126463981 ], [ -79.409149510190687, -1.136231738940204 ], [ -79.409045824308805, -1.136633375862875 ], [ -79.409030904600428, -1.136886285646822 ], [ -79.409148964555072, -1.137228534830317 ], [ -79.409089694662654, -1.137496297915632 ], [ -79.40882348349912, -1.13777882400328 ], [ -79.408749406883956, -1.138091211604309 ], [ -79.408764098421628, -1.13825487308057 ], [ -79.408911842142729, -1.138373975661325 ], [ -79.409177849575457, -1.138463389032284 ], [ -79.409517786935695, -1.138508209732505 ], [ -79.409635960955029, -1.138642173824886 ], [ -79.409576722611774, -1.138850427131014 ], [ -79.409399196916397, -1.139133001528425 ], [ -79.409192239224339, -1.139177519337804 ], [ -79.409103373858983, -1.139504776635189 ], [ -79.409206685794828, -1.139787507955847 ], [ -79.40922131100281, -1.140070189072435 ], [ -79.409354274392328, -1.140189283564928 ], [ -79.409457773257884, -1.140129831304556 ], [ -79.409487400229068, -1.140010827228117 ], [ -79.409620543268645, -1.139802615052909 ], [ -79.40969443149757, -1.139832411041835 ], [ -79.40979780790407, -1.139996121903851 ], [ -79.409916006409532, -1.140085453271454 ], [ -79.410004569792875, -1.140308665758775 ], [ -79.409960153373135, -1.140442539553403 ], [ -79.409974836647393, -1.140621078137123 ], [ -79.410196354399076, -1.140978263111341 ], [ -79.409989249385461, -1.141290576807737 ], [ -79.409811715037804, -1.14158802897762 ], [ -79.409988914236564, -1.14190055653055 ], [ -79.410269556119658, -1.142257774566605 ], [ -79.410594573737868, -1.142555507531423 ], [ -79.411141362719093, -1.142749220426032 ], [ -79.411688151901231, -1.142942933318764 ], [ -79.412205509442884, -1.142898588411681 ], [ -79.412560301718102, -1.142809520061691 ], [ -79.412575172885838, -1.142645874719069 ], [ -79.412383069425104, -1.142556502993617 ], [ -79.412442356197076, -1.142258983715825 ], [ -79.412619719182629, -1.142273960274892 ], [ -79.412944868059867, -1.142333650981468 ], [ -79.413284846387995, -1.142304085013475 ], [ -79.413447469848421, -1.14224466546348 ], [ -79.413565701316415, -1.142274486139321 ], [ -79.413580335716802, -1.142542290818604 ], [ -79.413683655276742, -1.1428101448067 ], [ -79.413934842455234, -1.142973938166224 ], [ -79.414097318166711, -1.143182315144252 ], [ -79.414274518955466, -1.143494843217824 ], [ -79.414496110930884, -1.143718130165954 ], [ -79.414554990304936, -1.144164490391535 ], [ -79.414406918231364, -1.144640491352028 ], [ -79.414436309228407, -1.144952937290647 ], [ -79.414583971788886, -1.145220816166637 ], [ -79.414643013557978, -1.145369625777774 ], [ -79.414539219710733, -1.145964671277731 ], [ -79.414465159335677, -1.146247304610944 ], [ -79.414568323125934, -1.146797833387172 ], [ -79.414656796468549, -1.147184700241602 ], [ -79.414553067596543, -1.147660725748084 ], [ -79.414360798960089, -1.147868904228299 ], [ -79.414227573680265, -1.148225892326118 ], [ -79.414212546285171, -1.14867221223529 ], [ -79.414404502449727, -1.149029381949159 ], [ -79.414463421814816, -1.149401354407854 ], [ -79.414596261636632, -1.149743613224783 ], [ -79.414374341402265, -1.150115429590424 ], [ -79.414093526566205, -1.150070639612236 ], [ -79.413797873814516, -1.150129984173999 ], [ -79.413487332899237, -1.150382729909386 ], [ -79.413398498614214, -1.15065047669657 ], [ -79.413398358832083, -1.150903396095578 ], [ -79.413235652386902, -1.15111159063223 ], [ -79.413339013135371, -1.1513050571604 ], [ -79.412865847751434, -1.151617221382761 ], [ -79.41301352600243, -1.151855345650823 ], [ -79.412998547940035, -1.152212399494668 ], [ -79.412806287711945, -1.152405700258371 ], [ -79.412658312055655, -1.152703168616203 ], [ -79.412835495238468, -1.15304545321464 ], [ -79.412953553865435, -1.153387703767036 ], [ -79.412820400617022, -1.153610792558273 ], [ -79.412672524600723, -1.153729730248204 ], [ -79.412628041184661, -1.153982624642817 ], [ -79.41246530950599, -1.154235451675911 ], [ -79.412154742964333, -1.154532829333783 ], [ -79.412065842779768, -1.154919596372407 ], [ -79.411888321301376, -1.155187292831692 ], [ -79.411695953182146, -1.155574001546072 ], [ -79.411917527783388, -1.155827044634681 ], [ -79.412050383812513, -1.156139548611417 ], [ -79.41212414831277, -1.15639250945177 ], [ -79.412257128368779, -1.156481850081541 ], [ -79.412390272900936, -1.156273638586617 ], [ -79.412390405159329, -1.156035597244354 ], [ -79.412420041390135, -1.155901715286366 ], [ -79.412700897731611, -1.155872118371401 ], [ -79.412848575689907, -1.156110242927875 ], [ -79.412848393868202, -1.156437550072324 ], [ -79.412641385560164, -1.156571331294064 ], [ -79.412508231817625, -1.156794420729898 ], [ -79.412537595166668, -1.157151498510437 ], [ -79.412759096299411, -1.157538440421485 ], [ -79.413039885786532, -1.157627864398967 ], [ -79.4133058378237, -1.157821422840413 ], [ -79.413246398691953, -1.15838673817206 ], [ -79.412817706857581, -1.158460884340641 ], [ -79.412625561582445, -1.158445898061254 ], [ -79.4125221111305, -1.158416084768663 ], [ -79.412359511194168, -1.158430870993543 ], [ -79.412344539279303, -1.158773046733432 ], [ -79.412226000814442, -1.15929369460979 ], [ -79.412048504276825, -1.159516758762662 ], [ -79.411634469405485, -1.159814076149546 ], [ -79.411368319454937, -1.159977579279104 ], [ -79.41116126833731, -1.160185748599139 ], [ -79.410998560449045, -1.160393942031535 ], [ -79.411013184046254, -1.160676624398199 ], [ -79.411175750807146, -1.160721349189593 ], [ -79.411471388027181, -1.160691761434206 ], [ -79.411574763733626, -1.16085547249657 ], [ -79.411589279345193, -1.161331563337091 ], [ -79.411529897075226, -1.161792734440331 ], [ -79.411367065118426, -1.162224092005268 ], [ -79.41152946476096, -1.162566367993099 ], [ -79.411677084791634, -1.162908636557614 ], [ -79.411780385552603, -1.163206246285691 ], [ -79.4116472807073, -1.163340069454427 ], [ -79.411499245508779, -1.163741679471381 ], [ -79.411661554313355, -1.164247609059057 ], [ -79.411557878892467, -1.16461949014557 ], [ -79.411513385575148, -1.164887261142041 ], [ -79.411498470815999, -1.165125293978108 ], [ -79.411335662092355, -1.165512018421149 ], [ -79.411335453594276, -1.165883957236876 ], [ -79.411010128686286, -1.166136691590032 ], [ -79.41046322059897, -1.166151258672052 ], [ -79.410403920516956, -1.166463653885882 ], [ -79.410300353104191, -1.166642125409915 ], [ -79.410211365659833, -1.167177666926766 ], [ -79.410447737593344, -1.167400964682806 ], [ -79.410758056660626, -1.167549917690572 ], [ -79.41100911818782, -1.167936877325544 ], [ -79.410979363079207, -1.168279044326628 ], [ -79.410934836638646, -1.168606325893189 ], [ -79.410831192785039, -1.1689186958522 ], [ -79.41094930767332, -1.169156803460596 ], [ -79.41118580519705, -1.169156938191896 ], [ -79.411481409962349, -1.169186862407738 ], [ -79.411643834876543, -1.169484506098663 ], [ -79.411895005205437, -1.169678057640163 ], [ -79.411865125251552, -1.170243389013865 ], [ -79.411746700602009, -1.170555750636029 ], [ -79.411451069651335, -1.170570459086892 ], [ -79.411347644125442, -1.170496012322179 ], [ -79.411170254580895, -1.170525666091396 ], [ -79.410978024071127, -1.170659454982354 ], [ -79.410874355593918, -1.171016457668991 ], [ -79.411066409276671, -1.171195097739278 ], [ -79.411376669952006, -1.171448193978239 ], [ -79.411332142102125, -1.171775474633746 ], [ -79.41105109214476, -1.172147253946937 ], [ -79.411035924751999, -1.172831613153994 ], [ -79.411154005808953, -1.173129232645341 ], [ -79.411449535390645, -1.173293054143034 ], [ -79.411449308722212, -1.173694748787427 ], [ -79.411478736385163, -1.173932806896477 ], [ -79.411419494753886, -1.174141059359997 ], [ -79.411182769915484, -1.174542617759712 ], [ -79.411064403248673, -1.174750836324761 ], [ -79.410827737100561, -1.175048251897953 ], [ -79.410842383996979, -1.175286301492986 ], [ -79.411211869565136, -1.175360900872766 ], [ -79.411463233185827, -1.1752122692347 ], [ -79.41193619577453, -1.175272050751504 ], [ -79.412113367201371, -1.175629213278749 ], [ -79.412009655723551, -1.176060603724087 ], [ -79.412142458306292, -1.176462374681245 ], [ -79.412748275255325, -1.176834661733136 ], [ -79.413206406443308, -1.176983699823032 ], [ -79.413457744339937, -1.176879700036415 ], [ -79.41393068244281, -1.176984114545554 ], [ -79.414167096904819, -1.177133025643595 ], [ -79.414536449735621, -1.177445666587333 ], [ -79.414787544020868, -1.177773117831154 ], [ -79.415053327347039, -1.178264230413253 ], [ -79.415348757826933, -1.178606584226428 ], [ -79.415688606818563, -1.178815065622101 ], [ -79.415939793809073, -1.17897886331696 ], [ -79.416131780858564, -1.179276525078885 ], [ -79.416397690576503, -1.179544474224733 ], [ -79.41678180030469, -1.179901757056819 ], [ -79.416899838618335, -1.180273764578184 ], [ -79.416618853617095, -1.180526523384236 ], [ -79.416382447117343, -1.180362733982755 ], [ -79.415939095368898, -1.180213703913866 ], [ -79.415673093162596, -1.180109408467686 ], [ -79.415643690979934, -1.179826716911447 ], [ -79.415481308290381, -1.179454683269386 ], [ -79.415289144639999, -1.179469451077788 ], [ -79.415229793051353, -1.179871112553451 ], [ -79.41518523041556, -1.180257904541286 ], [ -79.41493384044567, -1.180451169076562 ], [ -79.414726761293906, -1.180703968934576 ], [ -79.414667374747111, -1.181165141091896 ], [ -79.415036727650616, -1.181477782760021 ], [ -79.415509648960764, -1.181611952209512 ], [ -79.415716535308093, -1.181701336872096 ], [ -79.415790323129599, -1.181909665104303 ], [ -79.415612864893703, -1.182058339974878 ], [ -79.415568605534531, -1.181909537786884 ], [ -79.415051246800815, -1.181938996522291 ], [ -79.415050985221811, -1.182400201795147 ], [ -79.415109950078829, -1.182682910301441 ], [ -79.415021085380843, -1.18299528881023 ], [ -79.41485833164073, -1.183277868902118 ], [ -79.41481379362412, -1.183620028727 ], [ -79.414946723355257, -1.183798636008278 ], [ -79.414961343421894, -1.184081319017713 ], [ -79.414710114287445, -1.183991908570275 ], [ -79.4144588589362, -1.183947131021964 ], [ -79.414251686074195, -1.184363584983422 ], [ -79.414133089600568, -1.184973497643217 ], [ -79.414132844130236, -1.185404947739326 ], [ -79.414176976173636, -1.185776912579905 ], [ -79.414176798312596, -1.18608934193366 ], [ -79.414265383230898, -1.186267924670851 ], [ -79.414546294078406, -1.186149065894196 ], [ -79.414856868723689, -1.185851692464889 ], [ -79.415019445227614, -1.185881542064199 ], [ -79.414901017741414, -1.18619390336594 ], [ -79.414767800168121, -1.186521133132664 ], [ -79.414634574945353, -1.186863240786344 ], [ -79.414590078641069, -1.187131012614691 ], [ -79.414264696691276, -1.187473009235284 ], [ -79.414486305251643, -1.187666545888995 ], [ -79.414515579075712, -1.188172400994212 ], [ -79.414781513586902, -1.188395718312124 ], [ -79.415003087390673, -1.188648765919905 ], [ -79.415135983013883, -1.188886884380371 ], [ -79.415313102729712, -1.189333314232556 ], [ -79.415711933044463, -1.189794750264162 ], [ -79.416066631851464, -1.189884221171561 ], [ -79.416584076360635, -1.189705989252244 ], [ -79.417012944349779, -1.18933429616456 ], [ -79.417515642099175, -1.189096544394238 ], [ -79.418121631286013, -1.189171282035206 ], [ -79.418594445043496, -1.189498862833601 ], [ -79.418830859558383, -1.189647775291701 ], [ -79.41909682126925, -1.189826459848013 ], [ -79.419318328094562, -1.190198528831053 ], [ -79.419318056920417, -1.190674613001246 ], [ -79.419258702503953, -1.191076274090188 ], [ -79.419302876828112, -1.19137385274757 ], [ -79.419554184237754, -1.191329364843423 ], [ -79.420071528080825, -1.191329663503713 ], [ -79.420337252669341, -1.191924922564598 ], [ -79.420662211293504, -1.192326805790014 ], [ -79.421149994143363, -1.192327087425416 ], [ -79.421859537656289, -1.192253108791828 ], [ -79.422081105131937, -1.192521034188275 ], [ -79.422065967484414, -1.193145886726799 ], [ -79.421651837072716, -1.193591977374833 ], [ -79.421429921827738, -1.19393403477426 ], [ -79.421459221937212, -1.194395258527308 ], [ -79.421799064255666, -1.194618620350407 ], [ -79.422227543809782, -1.194931298703848 ], [ -79.422700426994211, -1.195139858611558 ], [ -79.423513433143711, -1.195080818267154 ], [ -79.423676205038518, -1.194768481429038 ], [ -79.423720786550973, -1.194351932967181 ], [ -79.4239575249903, -1.193935494469961 ], [ -79.424400939407036, -1.193980383428873 ], [ -79.424696565420689, -1.193980553959101 ], [ -79.425080947405249, -1.193861754229322 ], [ -79.425361860461976, -1.193742894760383 ], [ -79.425672209006805, -1.193847217062462 ], [ -79.425908600278561, -1.194040763961437 ], [ -79.42599713523758, -1.194308613054942 ], [ -79.425849144292357, -1.1946209589426 ], [ -79.426070771753331, -1.194784740466549 ], [ -79.426469934870042, -1.194665949135027 ], [ -79.42707612256639, -1.194398500313244 ], [ -79.427238860365392, -1.19414567387008 ], [ -79.427386894328876, -1.193758939336202 ], [ -79.427422212923574, -1.193489831068383 ], [ -79.427222220769664, -1.19328830498449 ], [ -79.427093237505304, -1.193138943088054 ], [ -79.426961417116232, -1.19310115257987 ], [ -79.426782087004185, -1.193159990807383 ], [ -79.426655285399349, -1.193232031612327 ], [ -79.426544153277419, -1.193164830661847 ], [ -79.426555372486973, -1.192985805204781 ], [ -79.426722260927434, -1.192750922308615 ], [ -79.426855867690463, -1.19239293620905 ], [ -79.426844859115064, -1.192202708890225 ], [ -79.426544725330999, -1.192157778273887 ], [ -79.426300177155241, -1.192112879616632 ], [ -79.426100166096191, -1.191944922608999 ], [ -79.42608917024414, -1.191732316380902 ], [ -79.426255969549302, -1.191654086317506 ], [ -79.426444945736549, -1.191676573979164 ], [ -79.426856394822011, -1.191464210566132 ], [ -79.426845462332508, -1.191139709337137 ], [ -79.426690065210877, -1.190714420106061 ], [ -79.426356663478586, -1.19052400760777 ], [ -79.426067679113189, -1.190423136587912 ], [ -79.425901070327683, -1.190165683003191 ], [ -79.425867972619145, -1.189718085240988 ], [ -79.425934776157021, -1.189539091739036 ], [ -79.426072078265662, -1.189524568387804 ], [ -79.426179324111786, -1.189583990118115 ], [ -79.426412736517833, -1.189662450123983 ], [ -79.426601649202638, -1.189796832511465 ], [ -79.426879542420068, -1.189852939060511 ], [ -79.427135309405514, -1.189718812785713 ], [ -79.427168870024246, -1.189349579051094 ], [ -79.427391469128352, -1.188890937706434 ], [ -79.427691704063847, -1.188756836719575 ], [ -79.427880686557572, -1.188768134083334 ], [ -79.428280974231285, -1.188634090315598 ], [ -79.428423066693938, -1.188458679397625 ], [ -79.428470146556165, -1.188309703480904 ], [ -79.428348055879937, -1.18796275936309 ], [ -79.428414821209216, -1.187850902537259 ], [ -79.428502927564836, -1.187862850161668 ], [ -79.42860373416589, -1.187985284753204 ], [ -79.428725932390691, -1.188142007801293 ], [ -79.428848162242488, -1.188242782890704 ], [ -79.429114951765143, -1.188276503691091 ], [ -79.429281934185965, -1.187873777821269 ], [ -79.429382119614218, -1.1876388558764 ], [ -79.429637993809806, -1.18731450683997 ], [ -79.429593582565417, -1.187213776294505 ], [ -79.429649218628441, -1.187124292008215 ], [ -79.429782634595355, -1.187101989250515 ], [ -79.430060565979957, -1.187090959044814 ], [ -79.430297045213649, -1.18715238442195 ], [ -79.430367733218304, -1.187152424815968 ], [ -79.430405205849723, -1.187068776956551 ], [ -79.430316440045132, -1.186766609770473 ], [ -79.430361027999808, -1.186554034894349 ], [ -79.430505624517011, -1.186419843277233 ], [ -79.430661319575151, -1.186319226974335 ], [ -79.4308837536895, -1.186151511630707 ], [ -79.430994986947596, -1.186039679923745 ], [ -79.431022331992125, -1.185854324375078 ], [ -79.430972916762371, -1.185748740736651 ], [ -79.430814775340068, -1.185694119636915 ], [ -79.430708757944458, -1.185667378849217 ], [ -79.43066904053255, -1.185587312587094 ], [ -79.430682349791468, -1.185489490018494 ], [ -79.43066388323416, -1.185365095640085 ], [ -79.430585293721336, -1.185240412835937 ], [ -79.430638394593316, -1.185089250566113 ], [ -79.430779861531249, -1.184929245846893 ], [ -79.430903656235287, -1.184769230119396 ], [ -79.431151150531306, -1.184618178604157 ], [ -79.431213052420588, -1.184529277430542 ], [ -79.431213132458126, -1.184386979514131 ], [ -79.431248581923057, -1.184200232164488 ], [ -79.431372306534755, -1.184164728605 ], [ -79.43150481135757, -1.184227059334159 ], [ -79.43160199265526, -1.184253795899712 ], [ -79.431681462636405, -1.18435167137365 ], [ -79.431822853600139, -1.184325070691927 ], [ -79.431858233038639, -1.18426283557696 ], [ -79.431858293029762, -1.184156111654118 ], [ -79.43178765504102, -1.18406713495163 ], [ -79.431655169294757, -1.183969228393838 ], [ -79.431563957308242, -1.183901824075006 ], [ -79.4315403857685, -1.183817971308314 ], [ -79.431575800174159, -1.183693480055617 ], [ -79.431664190335525, -1.183640167951055 ], [ -79.431787879953163, -1.183666919575303 ], [ -79.431858502956345, -1.183782577471366 ], [ -79.431982147615926, -1.183889371818838 ], [ -79.432123549459874, -1.183844984517684 ], [ -79.432256119295815, -1.183791697532095 ], [ -79.432468179164147, -1.183800711953684 ], [ -79.432662622672268, -1.183711886080709 ], [ -79.432724524500003, -1.183622984780963 ], [ -79.432733435517747, -1.183489584621177 ], [ -79.432681379612077, -1.183433120356136 ], [ -79.432585597875615, -1.183403719420693 ], [ -79.432208262895728, -1.183332512202759 ], [ -79.432130576171573, -1.183097488419976 ], [ -79.431930564127256, -1.182929532223503 ], [ -79.431975258319724, -1.18252673566048 ], [ -79.432197673055228, -1.182392587809494 ], [ -79.432286734727541, -1.182168848812896 ], [ -79.432153437278799, -1.181978551566718 ], [ -79.432031313783298, -1.18168755541402 ], [ -79.432098066049477, -1.181598077137779 ], [ -79.432342615200312, -1.181642974169506 ], [ -79.432531660423905, -1.181542375349898 ], [ -79.432620677166966, -1.18139696248938 ], [ -79.432687573632393, -1.181050125538495 ], [ -79.432865527316466, -1.180904763115227 ], [ -79.432850837286836, -1.18076044172637 ], [ -79.432765631357228, -1.180624968644677 ], [ -79.432565606659466, -1.180479391726838 ], [ -79.432454518049539, -1.180333865285402 ], [ -79.432443533082235, -1.180098879428565 ], [ -79.432287976453267, -1.17995332778569 ], [ -79.432243646263302, -1.179707133057516 ], [ -79.432310410924714, -1.17959527656019 ], [ -79.43263288501285, -1.179449995994621 ], [ -79.432713330537638, -1.179288470136069 ], [ -79.432710903924416, -1.179091975296372 ], [ -79.432634462605677, -1.178970177967233 ], [ -79.432522015467043, -1.178912836703473 ], [ -79.432299663813779, -1.178935089744713 ], [ -79.432010615544641, -1.178946114976957 ], [ -79.431503225215508, -1.178018623986137 ], [ -79.431470533378402, -1.177962244093282 ], [ -79.431537950686717, -1.177918679102357 ], [ -79.435557328616042, -1.175240000068584 ], [ -79.435651607463157, -1.175152533753022 ], [ -79.436176830410304, -1.174665260340931 ], [ -79.437070010472937, -1.173766727442999 ], [ -79.437348275174855, -1.17345550822973 ], [ -79.437593671275849, -1.173115963951957 ], [ -79.437675451242669, -1.172928532737872 ], [ -79.437711955481518, -1.172724706622699 ], [ -79.437732940523674, -1.17244442285149 ] ] ] ] } },
{ "type": "Feature", "properties": { "fcode": "VB002", "descripcion": "AREA QUE DRENA DIRECTAMENTE AL CAUCE PRINCIPAL DE LA CUENCA HIDROGRAFICA", "cuh_cod": "52", "cuh_nam": "RIO GUAYAS", "cuh_na2": "S/I", "sch_cod": "5201", "sch_nam": "RIO DAULE", "sch_na2": "S/I", "pmk": 826.56620718700003, "ark": 11389.374124, "txt": "S/I", "SHAPE_Length": 20895.943008045899, "SHAPE_Area": 7168279.0308209974 }, "geometry": { "type": "MultiPolygon", "coordinates": [ [ [ [ -79.519008843714403, -0.931618000930988 ], [ -79.520962144665617, -0.931804826566459 ], [ -79.52361230017793, -0.93293651169646 ], [ -79.52521153326127, -0.934547658247168 ], [ -79.526453366812405, -0.935416992662753 ], [ -79.527562803174249, -0.936939439836844 ], [ -79.528059753351172, -0.938538691487796 ], [ -79.528518489731198, -0.939983802955498 ], [ -79.52869017737514, -0.94133246593136 ], [ -79.528919218130838, -0.942835277214617 ], [ -79.529550270454834, -0.94412633869525 ], [ -79.530123863613355, -0.945513704355404 ], [ -79.530756011877003, -0.946589121663724 ], [ -79.531737916801802, -0.947275561340154 ], [ -79.533040360782465, -0.948271017362833 ], [ -79.534746989872517, -0.949628431636121 ], [ -79.535914543064067, -0.950895170202623 ], [ -79.537261362522074, -0.953202112257725 ], [ -79.538563562708063, -0.954785471347273 ], [ -79.539955673401892, -0.956233201665752 ], [ -79.540494276715933, -0.957454453648508 ], [ -79.540493683330041, -0.958856365114394 ], [ -79.539684563463624, -0.959896144838747 ], [ -79.539998416102648, -0.961388638082942 ], [ -79.54130082794839, -0.962474549795689 ], [ -79.542917802831823, -0.963379705405526 ], [ -79.544809428673162, -0.964073028069839 ], [ -79.549832188691283, -0.964059877749843 ], [ -79.553604984332893, -0.964103935836341 ], [ -79.555578902027591, -0.964108953405487 ], [ -79.558229669760223, -0.964109998518337 ], [ -79.561026074732851, -0.964111098998111 ], [ -79.56102092076587, -0.964107008728717 ], [ -79.563324578039627, -0.964107988065591 ], [ -79.56371948489199, -0.963229399170589 ], [ -79.563908474781755, -0.96293879140965 ], [ -79.563781536469094, -0.962671293829817 ], [ -79.563617425845365, -0.962555726899946 ], [ -79.563105222247117, -0.962458643882813 ], [ -79.56281748251034, -0.962327196791419 ], [ -79.562574270591881, -0.962288021715543 ], [ -79.562308266944015, -0.962390472615956 ], [ -79.56191162923902, -0.962683162635279 ], [ -79.561641554178763, -0.962638278080528 ], [ -79.561536308907122, -0.96249325134665 ], [ -79.561583777570235, -0.961808816060118 ], [ -79.561670119426736, -0.961583710852324 ], [ -79.561557242833473, -0.961424119413629 ], [ -79.561322007338234, -0.961434058941617 ], [ -79.561194886812928, -0.961602321634522 ], [ -79.56104917083195, -0.961761441549749 ], [ -79.560920727433796, -0.961870191368702 ], [ -79.560805134729037, -0.961974333974289 ], [ -79.560748415872453, -0.962028124168221 ], [ -79.560585360443824, -0.962182623988407 ], [ -79.560475436215896, -0.962268047019846 ], [ -79.560317975569603, -0.962365298024594 ], [ -79.560206815453483, -0.962398172457636 ], [ -79.560033812641606, -0.962276089799801 ], [ -79.560016621842564, -0.962131371882172 ], [ -79.560014831146532, -0.962116266951161 ], [ -79.560041063555815, -0.961912055242555 ], [ -79.560083383339034, -0.961698353726598 ], [ -79.56014897705532, -0.96147887365834 ], [ -79.560255165121049, -0.961303547547335 ], [ -79.560367120744473, -0.961087433553373 ], [ -79.560310180250369, -0.961026902258652 ], [ -79.560183847004083, -0.961031823079032 ], [ -79.5600866090073, -0.961076461217607 ], [ -79.560009977379863, -0.961048571901162 ], [ -79.559931104318807, -0.961009104784926 ], [ -79.559802277720351, -0.960960391167034 ], [ -79.559743432145595, -0.960943362695409 ], [ -79.559674704126593, -0.96092343581717 ], [ -79.559530942657858, -0.960921385023245 ], [ -79.559388583577032, -0.961003447839571 ], [ -79.55938316922051, -0.961058978223109 ], [ -79.559352709849975, -0.961058332181129 ], [ -79.559322530002419, -0.961033899457799 ], [ -79.559286511252807, -0.961006027379658 ], [ -79.559215730728468, -0.960952544861128 ], [ -79.559154126346442, -0.960872113899155 ], [ -79.559058596180279, -0.960700862664787 ], [ -79.558934146064246, -0.960500476168521 ], [ -79.55872379794792, -0.960300234118436 ], [ -79.558285520468047, -0.960258172456739 ], [ -79.557998942225126, -0.960144453041041 ], [ -79.557839703162728, -0.960088652897463 ], [ -79.557129111837057, -0.959666720065424 ], [ -79.556922198690344, -0.959632263469467 ], [ -79.556707063220642, -0.959707240616939 ], [ -79.55644221244809, -0.960276292135168 ], [ -79.556323484781842, -0.961213603128561 ], [ -79.556148554525635, -0.961403008813708 ], [ -79.55593456537882, -0.961315639279155 ], [ -79.555634879772256, -0.96096287068765 ], [ -79.555574500701724, -0.960746593487595 ], [ -79.555141976316776, -0.960699740311359 ], [ -79.554867470661762, -0.960509781641119 ], [ -79.554771205459801, -0.960378054307581 ], [ -79.554611025872731, -0.960318112248452 ], [ -79.55458740917372, -0.960284366614355 ], [ -79.554481538152359, -0.96013300888101 ], [ -79.554303666571158, -0.960052438092046 ], [ -79.554307113620041, -0.960188467192978 ], [ -79.55444749261089, -0.960755248496443 ], [ -79.554450179821572, -0.960775056857461 ], [ -79.554507598018532, -0.961194741069371 ], [ -79.554455307829329, -0.961400659572919 ], [ -79.554319802983713, -0.961422398798412 ], [ -79.554080495833645, -0.961287897154981 ], [ -79.554001460656266, -0.961207277955732 ], [ -79.553911996662237, -0.960927496871267 ], [ -79.553674157551256, -0.96072082168514 ], [ -79.553589745202345, -0.960607188204343 ], [ -79.553525268523828, -0.960520425054626 ], [ -79.553385793723308, -0.960367967704908 ], [ -79.553326868998809, -0.960325976644915 ], [ -79.553237224380126, -0.960262085082714 ], [ -79.553095641839462, -0.960207577555318 ], [ -79.552888017648428, -0.960155574315915 ], [ -79.552668801200738, -0.960107093442999 ], [ -79.552478688214904, -0.960078432168418 ], [ -79.552269890170948, -0.960040356765852 ], [ -79.552060010930887, -0.960009425957997 ], [ -79.551782841038403, -0.959959925473505 ], [ -79.551347796790452, -0.959711200436473 ], [ -79.551267407974279, -0.959644870866562 ], [ -79.551083981454212, -0.959527487076822 ], [ -79.550961147060903, -0.959546427893915 ], [ -79.550854651822689, -0.959598025872309 ], [ -79.550678374146628, -0.95957398309469 ], [ -79.55057739619059, -0.959539209622955 ], [ -79.550491597164765, -0.959518461407322 ], [ -79.550299214597544, -0.959545693354191 ], [ -79.550176384164587, -0.959555318431762 ], [ -79.55007198599435, -0.959534562273426 ], [ -79.549878364170766, -0.959517566678299 ], [ -79.549678988472692, -0.959508708554252 ], [ -79.549386616097294, -0.959501981374172 ], [ -79.549295314913678, -0.959531788822898 ], [ -79.549159720738857, -0.959553166092121 ], [ -79.548971936414375, -0.959543046663382 ], [ -79.548865128035033, -0.95948502665139 ], [ -79.548736241900116, -0.95936630950346 ], [ -79.548567748654321, -0.959206875798875 ], [ -79.548349238405024, -0.958976332032873 ], [ -79.548170094738524, -0.958717677124193 ], [ -79.547993376029808, -0.958461465260541 ], [ -79.547765680902771, -0.958278762355676 ], [ -79.547571827667952, -0.958171865681908 ], [ -79.547482303213016, -0.958036795128987 ], [ -79.547460988486563, -0.957871093299846 ], [ -79.54750953648562, -0.957803371733385 ], [ -79.547531649664563, -0.95777995626668 ], [ -79.54751996727552, -0.957570755157319 ], [ -79.547489831103931, -0.957443126336885 ], [ -79.547461316925364, -0.957304373644514 ], [ -79.547340828351579, -0.95708743844329 ], [ -79.547096773336449, -0.956921641666797 ], [ -79.546806691939878, -0.956810001003456 ], [ -79.546545938878893, -0.956610642563891 ], [ -79.546523034269484, -0.956593177183493 ], [ -79.54619971153484, -0.956473563331332 ], [ -79.546040745280351, -0.956521521075504 ], [ -79.545936715665547, -0.956479691774251 ], [ -79.5458400623871, -0.956417515817445 ], [ -79.545725929864801, -0.956256387150682 ], [ -79.545565818542173, -0.95603636013351 ], [ -79.545439004288625, -0.955905615121954 ], [ -79.545318573518969, -0.955765195382806 ], [ -79.545196534805925, -0.955602525857654 ], [ -79.545068089184696, -0.95550524429098 ], [ -79.544919140790782, -0.955447930029693 ], [ -79.544765445127965, -0.955355431214503 ], [ -79.544554634620482, -0.955191186344609 ], [ -79.544345434070181, -0.955044488219207 ], [ -79.544156821451622, -0.954869037852899 ], [ -79.54390323941287, -0.954711196288565 ], [ -79.54372889498444, -0.954578803140525 ], [ -79.54357991257784, -0.954389079652049 ], [ -79.543483213235916, -0.954223165100318 ], [ -79.543413454318824, -0.95409235410808 ], [ -79.543415042149334, -0.953948820997685 ], [ -79.543418178233793, -0.953755815968323 ], [ -79.543388040718838, -0.953631443357982 ], [ -79.543311940604426, -0.953409734002656 ], [ -79.543262049178352, -0.953253878663299 ], [ -79.543247422729408, -0.953208198485098 ], [ -79.543273807712751, -0.953068384124423 ], [ -79.543322917092638, -0.952947120344856 ], [ -79.543341927811269, -0.95282276866977 ], [ -79.543305408890731, -0.952703096419188 ], [ -79.543200783881844, -0.95258185764874 ], [ -79.543045491140887, -0.952441604197866 ], [ -79.54294402968047, -0.952275687726547 ], [ -79.542887725941867, -0.951984164528763 ], [ -79.542885036083632, -0.95197068731045 ], [ -79.542928052148795, -0.951809897152654 ], [ -79.542923273181941, -0.951636062806426 ], [ -79.542878886173767, -0.951423954041137 ], [ -79.542652203806938, -0.951184725199317 ], [ -79.542465153580807, -0.950926339229471 ], [ -79.542319371005718, -0.950819554015311 ], [ -79.542089570243135, -0.950731816656892 ], [ -79.541878755204252, -0.950579149003879 ], [ -79.541896251791414, -0.95042277978446 ], [ -79.541877138194536, -0.950149994336974 ], [ -79.541894458810404, -0.949770320258067 ], [ -79.54200373739576, -0.949507176329795 ], [ -79.542056076506455, -0.949397038468109 ], [ -79.542048062105863, -0.949224830799586 ], [ -79.541924478678482, -0.949103584173134 ], [ -79.541894271209316, -0.948931367097937 ], [ -79.541949692578385, -0.94875583994925 ], [ -79.542043221144453, -0.94855491435339 ], [ -79.542122365633475, -0.948373066200743 ], [ -79.542196813889944, -0.948248557173092 ], [ -79.542219007824983, -0.948031683249513 ], [ -79.542204709158028, -0.947846629943116 ], [ -79.542214120318363, -0.947687091730021 ], [ -79.542258463268723, -0.947575412885486 ], [ -79.542339284112842, -0.947467005449845 ], [ -79.542429622477073, -0.947374429635789 ], [ -79.542545651399919, -0.947297782734716 ], [ -79.542577375282349, -0.947281787678213 ], [ -79.542620154090457, -0.947257838278585 ], [ -79.542673989146692, -0.947222769014646 ], [ -79.542704095721803, -0.947206773270315 ], [ -79.542748491156985, -0.947184452532679 ], [ -79.542778597732152, -0.947168456786645 ], [ -79.542829285340972, -0.947139807668332 ], [ -79.542846720325642, -0.947130228042135 ], [ -79.542911693545761, -0.947103032062365 ], [ -79.542944943525683, -0.947090293607308 ], [ -79.542994008538926, -0.947074305879903 ], [ -79.543024111752757, -0.947066359594801 ], [ -79.543066974406187, -0.947056790726234 ], [ -79.543093841041397, -0.94705354613038 ], [ -79.543130323635978, -0.947045602543116 ], [ -79.543154046149098, -0.947040819077327 ], [ -79.543203199013703, -0.947029624885169 ], [ -79.543241209066721, -0.947021681942204 ], [ -79.543299887399598, -0.947007326256487 ], [ -79.543347424959961, -0.946991337873473 ], [ -79.543377530857711, -0.946976970097513 ], [ -79.543380676302448, -0.94697534344564 ], [ -79.543407639436424, -0.946956180835421 ], [ -79.543440895423061, -0.946929061860624 ], [ -79.543471005964662, -0.946903569536826 ], [ -79.543482062249325, -0.946892359222244 ], [ -79.543497883249515, -0.946874819879394 ], [ -79.543516945509396, -0.946841363854986 ], [ -79.543528009117182, -0.946812607508035 ], [ -79.543532783836042, -0.946782310962037 ], [ -79.543535939925533, -0.946755179253167 ], [ -79.54353748267026, -0.946718550296718 ], [ -79.543537497315427, -0.946683458233169 ], [ -79.543535896011136, -0.946645109521099 ], [ -79.543532765210912, -0.94661164411022 ], [ -79.543524786487779, -0.946568589640972 ], [ -79.543521653044877, -0.946541455272689 ], [ -79.543518433072236, -0.946506361841817 ], [ -79.543515302949544, -0.946471268449039 ], [ -79.543515228382191, -0.94643463880895 ], [ -79.543515241702508, -0.946402712266875 ], [ -79.543514794412559, -0.946398009016924 ], [ -79.543510405325961, -0.946365447509514 ], [ -79.543508893603033, -0.94632773194027 ], [ -79.543516816399702, -0.946289477698041 ], [ -79.543521589790444, -0.9462623466722 ], [ -79.543527896636434, -0.946220835781273 ], [ -79.543534198803655, -0.946190539879489 ], [ -79.543545271039676, -0.946141071975843 ], [ -79.543553192512263, -0.946105983253435 ], [ -79.543561120622769, -0.946054976481086 ], [ -79.543565896688094, -0.946021423968159 ], [ -79.543570598177098, -0.945951241813999 ], [ -79.543567387472649, -0.945893899290915 ], [ -79.54356263803443, -0.945863598718451 ], [ -79.543551870164748, -0.945829587420842 ], [ -79.543552063780368, -0.945796213858626 ], [ -79.543575346197144, -0.945769452424025 ], [ -79.543624408516379, -0.945759886140216 ], [ -79.543659267156968, -0.945767859891528 ], [ -79.543716402743087, -0.945790133123407 ], [ -79.543741733923682, -0.945806061877091 ], [ -79.543782961313624, -0.9458395433824 ], [ -79.543809905127418, -0.945866687810585 ], [ -79.54384160637612, -0.945904958798263 ], [ -79.543871689638991, -0.945944857086106 ], [ -79.543900250120714, -0.945973539738249 ], [ -79.543947777677758, -0.945981518842743 ], [ -79.543998457994377, -0.945970325257168 ], [ -79.544041236789937, -0.945946375799445 ], [ -79.544088782295404, -0.945911303802851 ], [ -79.544098309758596, -0.945903348798623 ], [ -79.544141095226166, -0.94586339084001 ], [ -79.544190174180912, -0.945813938968878 ], [ -79.544217141259011, -0.945785279764776 ], [ -79.544250405894672, -0.945737358751636 ], [ -79.544264614888348, -0.945707066175638 ], [ -79.544280446502853, -0.945664021749466 ], [ -79.544285223875377, -0.945627303701571 ], [ -79.544285153280541, -0.94558108703846 ], [ -79.544282021816798, -0.945549159157742 ], [ -79.544269375476262, -0.945494978157498 ], [ -79.544253495235438, -0.945439077366149 ], [ -79.54424551116908, -0.945408775420985 ], [ -79.544234472828606, -0.945376934647253 ], [ -79.544224963979445, -0.945340210569969 ], [ -79.544215373906312, -0.94528277489561 ], [ -79.544220152591137, -0.945242891325797 ], [ -79.544223401783995, -0.945207891059754 ], [ -79.544223401821668, -0.945207800616265 ], [ -79.544226467998428, -0.945180759301511 ], [ -79.544220105229599, -0.945140871029923 ], [ -79.544213743138201, -0.945099354775707 ], [ -79.544212228976306, -0.945067427578933 ], [ -79.5442137769966, -0.945018046077373 ], [ -79.54421379096847, -0.944984491542241 ], [ -79.544210578910992, -0.944930314526539 ], [ -79.544205833445815, -0.944890426938139 ], [ -79.544204241367069, -0.944829829117125 ], [ -79.544204256654055, -0.94479310905993 ], [ -79.544205804706024, -0.944743637114794 ], [ -79.544213736766224, -0.944683043310824 ], [ -79.544226331107225, -0.944646328558613 ], [ -79.544237487803343, -0.944609703643148 ], [ -79.544246933388592, -0.944582574574075 ], [ -79.544256470141249, -0.944552280020385 ], [ -79.544273918396016, -0.94451077380733 ], [ -79.544297660167345, -0.944459683235058 ], [ -79.544330928713975, -0.944402265632293 ], [ -79.544348368987102, -0.944379933437574 ], [ -79.544370486109329, -0.944346478661918 ], [ -79.544391075811646, -0.944312932798059 ], [ -79.544405372636405, -0.944287433753639 ], [ -79.544418054824916, -0.944255512538627 ], [ -79.544435411867298, -0.944217262247532 ], [ -79.54444809206052, -0.944190134537127 ], [ -79.544471920324071, -0.944147093465712 ], [ -79.544490894031611, -0.944110381393688 ], [ -79.544516245123162, -0.944078465514917 ], [ -79.544551119040122, -0.944049719171258 ], [ -79.544574848159442, -0.944029017603781 ], [ -79.544604956694698, -0.944008228280145 ], [ -79.544642975374842, -0.943979483258324 ], [ -79.544669848768706, -0.943959958779159 ], [ -79.544674609749521, -0.943962583647271 ], [ -79.544695192787671, -0.94394504627486 ], [ -79.544715777141818, -0.943924343379111 ], [ -79.544736452699823, -0.943900384554242 ], [ -79.54476332857466, -0.943874890800671 ], [ -79.544788677029842, -0.943849305959355 ], [ -79.544812497990165, -0.943823810917408 ], [ -79.544829848404987, -0.943801478673054 ], [ -79.544856816798017, -0.943769563464581 ], [ -79.544871025116962, -0.943740808404898 ], [ -79.54488847000475, -0.94370735164403 ], [ -79.544910682300994, -0.943661053908097 ], [ -79.544932810007566, -0.943602094040373 ], [ -79.54495025756097, -0.943562215787134 ], [ -79.544961321112112, -0.943533459400462 ], [ -79.544977152671891, -0.943490414941828 ], [ -79.544986688764951, -0.943461657911304 ], [ -79.545004142289628, -0.943407399135445 ], [ -79.545018355223903, -0.943367519517421 ], [ -79.545026273293772, -0.943340480231902 ], [ -79.545040485587776, -0.943302138152882 ], [ -79.545050021640108, -0.943273471564063 ], [ -79.545065851878462, -0.943233592624836 ], [ -79.545076914109217, -0.943208001758068 ], [ -79.545095980275164, -0.943164958655541 ], [ -79.545108661089188, -0.943136293388623 ], [ -79.545126021447842, -0.943089993599295 ], [ -79.545137176794398, -0.943056534181672 ], [ -79.545151393701389, -0.943007067544264 ], [ -79.545159313117594, -0.942976772288426 ], [ -79.545175146015168, -0.942930471853911 ], [ -79.545183065430052, -0.942900176597413 ], [ -79.545194129608291, -0.942869882663581 ], [ -79.545203665690948, -0.942841125626934 ], [ -79.54522425731426, -0.942802876667817 ], [ -79.545240082247673, -0.942775750259495 ], [ -79.545268581380085, -0.942735876640851 ], [ -79.545289168383391, -0.942708752234112 ], [ -79.545320901490257, -0.942670417513757 ], [ -79.54534148714113, -0.942646549072813 ], [ -79.545376363696761, -0.942611381196442 ], [ -79.545398474814291, -0.942592306903938 ], [ -79.545428585957438, -0.942565186498136 ], [ -79.545450785648882, -0.942549187322604 ], [ -79.545493567686805, -0.942517278733719 ], [ -79.545542639927817, -0.942483744803403 ], [ -79.545596560750653, -0.942458262386289 ], [ -79.545650391085445, -0.94243431746969 ], [ -79.545713838715542, -0.942402417559406 ], [ -79.545767669050917, -0.942378472638382 ], [ -79.545805684401728, -0.942357686593942 ], [ -79.545862751340366, -0.942328949520113 ], [ -79.545894384648903, -0.942314582284929 ], [ -79.545938777841258, -0.942297507103501 ], [ -79.545953066232244, -0.942292267379945 ], [ -79.54598155211373, -0.942284320314481 ], [ -79.546014887292444, -0.942282706336785 ], [ -79.546044986544004, -0.942284256524468 ], [ -79.546076611902947, -0.942289063322129 ], [ -79.546102035595837, -0.942298661023969 ], [ -79.546136890320454, -0.942316131280251 ], [ -79.546176504417971, -0.942340115474668 ], [ -79.546205067626801, -0.942362376598228 ], [ -79.546238301033128, -0.942389523638165 ], [ -79.54627000702034, -0.942416579593216 ], [ -79.546311235128599, -0.942448523503596 ], [ -79.54633656503691, -0.942467617744436 ], [ -79.546371416428826, -0.942493137481355 ], [ -79.54640312504398, -0.942513862387606 ], [ -79.546425311463594, -0.94252988022621 ], [ -79.546483969286143, -0.942564906544736 ], [ -79.54654415520595, -0.942598395964906 ], [ -79.546571105051314, -0.942611159836126 ], [ -79.546632910270176, -0.942639856426582 ], [ -79.546685195318858, -0.942658961995205 ], [ -79.546712147791709, -0.942665394815332 ], [ -79.546748626438173, -0.942666947682753 ], [ -79.54679615931633, -0.942662174141118 ], [ -79.546827881177336, -0.942650972459804 ], [ -79.546862659941425, -0.942634978550471 ], [ -79.546889621003331, -0.94262069978501 ], [ -79.546924490930365, -0.942601540385818 ], [ -79.546954598783003, -0.942582378985456 ], [ -79.546981563856491, -0.942558422752437 ], [ -79.547005300236407, -0.942520175070522 ], [ -79.54701950785568, -0.942493047951239 ], [ -79.547027429241055, -0.942457959152886 ], [ -79.547035348676573, -0.942427573421775 ], [ -79.547032223739421, -0.942379727433557 ], [ -79.547019481466663, -0.942339926889399 ], [ -79.54700207030568, -0.94229207490297 ], [ -79.547000470875119, -0.942248932624384 ], [ -79.547000486053591, -0.942212302964421 ], [ -79.547005182074216, -0.942154873236887 ], [ -79.547013106751322, -0.942111825400248 ], [ -79.547024180165067, -0.942059191861182 ], [ -79.547028954154214, -0.942030432793486 ], [ -79.547040022957219, -0.941988923817182 ], [ -79.547046413541494, -0.941961883856461 ], [ -79.547059011786089, -0.941915582009315 ], [ -79.547071696545856, -0.941877329680407 ], [ -79.547084381342216, -0.941838986907423 ], [ -79.547092300056065, -0.941810319601683 ], [ -79.547106514930491, -0.941765646416166 ], [ -79.547114434317322, -0.941735351124851 ], [ -79.547130267171994, -0.941689050631945 ], [ -79.547138185246709, -0.941661920866342 ], [ -79.547150870674955, -0.941622040549308 ], [ -79.547157261927737, -0.941593372600943 ], [ -79.547163562693029, -0.941566242156103 ], [ -79.547173016124376, -0.941520029428175 ], [ -79.547180946103438, -0.941464138592565 ], [ -79.547185730604156, -0.941409964866104 ], [ -79.547188896522698, -0.941358865543909 ], [ -79.547188829770931, -0.941303061797054 ], [ -79.547188855526016, -0.941240836591374 ], [ -79.547184026698389, -0.941185030847546 ], [ -79.547180895820034, -0.941151474948494 ], [ -79.547169773492925, -0.941105253590654 ], [ -79.547157127675163, -0.941049444569914 ], [ -79.547141247914794, -0.940992006208553 ], [ -79.54711745667575, -0.940945779540595 ], [ -79.5470809965271, -0.940899547562048 ], [ -79.547038246213546, -0.940854850489101 ], [ -79.546985879249561, -0.940816570882732 ], [ -79.546949500384429, -0.940791050530444 ], [ -79.546905125469635, -0.940763989284842 ], [ -79.546863891391126, -0.940746425936166 ], [ -79.546830562802285, -0.940732121872111 ], [ -79.54679570679464, -0.940717726724175 ], [ -79.546757707333398, -0.940700164732026 ], [ -79.546719619332464, -0.940679437176569 ], [ -79.546686380596967, -0.940665133150705 ], [ -79.546642003069849, -0.940644402958771 ], [ -79.546584959931565, -0.940615708419588 ], [ -79.546548487258292, -0.940599775053482 ], [ -79.546521536743811, -0.940588639190784 ], [ -79.54646449166367, -0.940564647718936 ], [ -79.546412205961289, -0.940547170181931 ], [ -79.546361536294924, -0.940532768404792 ], [ -79.546325061642946, -0.940521628548917 ], [ -79.546282297465154, -0.940510486055783 ], [ -79.546239443437983, -0.940499343524887 ], [ -79.546190391045954, -0.940485032869152 ], [ -79.546131724702789, -0.940470627738334 ], [ -79.546076292937457, -0.940456314407252 ], [ -79.546025532082879, -0.940445168560112 ], [ -79.545982767912292, -0.940434026066223 ], [ -79.545925718882486, -0.940419621612803 ], [ -79.545865525728274, -0.940403678299806 ], [ -79.545806860032172, -0.940387735627217 ], [ -79.545770384717954, -0.940378223754617 ], [ -79.545743432269234, -0.940371790957257 ], [ -79.545703812867799, -0.94036064978162 ], [ -79.545676950906866, -0.940352679481422 ], [ -79.545616669221118, -0.940333570605732 ], [ -79.545570762956416, -0.94031600530004 ], [ -79.545527910930801, -0.940300069259613 ], [ -79.545497814360289, -0.94029209760269 ], [ -79.545455052823328, -0.940274624059783 ], [ -79.545424956928002, -0.940265024419067 ], [ -79.545360006328451, -0.940237954552207 ], [ -79.545298111990675, -0.940207629999767 ], [ -79.545264876615789, -0.940185276501591 ], [ -79.545241072867881, -0.94016934845199 ], [ -79.545206221498731, -0.940143828752359 ], [ -79.545182419062129, -0.940124735179554 ], [ -79.545136522693966, -0.940083292783644 ], [ -79.545101587429698, -0.940043392526605 ], [ -79.545081023574653, -0.940014713297731 ], [ -79.545052470978405, -0.939966856687429 ], [ -79.545035053868901, -0.939933385271603 ], [ -79.545008123856832, -0.939872776804087 ], [ -79.544993855513496, -0.939829629251088 ], [ -79.54497483494805, -0.939762693054623 ], [ -79.544968474740756, -0.939716383295062 ], [ -79.54496050576077, -0.939649451734128 ], [ -79.544962053688238, -0.939599979766984 ], [ -79.544965230783077, -0.939521837880677 ], [ -79.544968396013047, -0.939472366591331 ], [ -79.544987393378619, -0.939378222829464 ], [ -79.545003233408437, -0.939314466772449 ], [ -79.545012682205666, -0.939279378638598 ], [ -79.545036514307156, -0.939226750485187 ], [ -79.545047581081278, -0.939190035044597 ], [ -79.545055501747669, -0.939156574252793 ], [ -79.545066564555512, -0.93912944582549 ], [ -79.545091923471489, -0.939078355848827 ], [ -79.545109367631227, -0.939046436586401 ], [ -79.545125190520821, -0.939024103660036 ], [ -79.545163222251659, -0.938963522417071 ], [ -79.545185342588155, -0.938922018095085 ], [ -79.545201167457762, -0.938894891659428 ], [ -79.545224995583709, -0.938851850510809 ], [ -79.545242438430421, -0.938823096767762 ], [ -79.545272466897757, -0.938778430230216 ], [ -79.545291526375578, -0.938751305146755 ], [ -79.54533584365457, -0.938700313541788 ], [ -79.545362813283788, -0.938665142292445 ], [ -79.545381780928466, -0.93864281067648 ], [ -79.545409918984049, -0.938606735478993 ], [ -79.545410278609481, -0.938606192968218 ], [ -79.545429336776365, -0.938582233404856 ], [ -79.545456216515362, -0.938547152557802 ], [ -79.545472129920995, -0.938523191676621 ], [ -79.545508543692407, -0.938464147275074 ], [ -79.545537050635545, -0.938405099561538 ], [ -79.545567172864452, -0.93835093647484 ], [ -79.545587764422564, -0.938312597021598 ], [ -79.545611501375163, -0.93827272134325 ], [ -79.545636856304483, -0.938231218356762 ], [ -79.545670121980621, -0.938180222104649 ], [ -79.545687205600899, -0.938151015980165 ], [ -79.545690712190122, -0.938145138615376 ], [ -79.545708153044799, -0.938121178366824 ], [ -79.545747710254787, -0.938065300790056 ], [ -79.545763533765594, -0.938041430306924 ], [ -79.54578097988383, -0.938004717514733 ], [ -79.545793659305502, -0.937979217731079 ], [ -79.545809486138126, -0.937947297769871 ], [ -79.545825314276897, -0.937912212283532 ], [ -79.545839613653186, -0.937880291682368 ], [ -79.545855441118547, -0.937846834179045 ], [ -79.545863360488028, -0.937816448449411 ], [ -79.545871280454278, -0.937784615622569 ], [ -79.545880730562587, -0.937746271497781 ], [ -79.545887121766199, -0.937717603556326 ], [ -79.545893423156372, -0.937688845133561 ], [ -79.545898198360163, -0.937657010990784 ], [ -79.545901356295516, -0.937625085728038 ], [ -79.545904516880185, -0.937586738972226 ], [ -79.545909204209977, -0.937550111282629 ], [ -79.545912364755921, -0.937511854970115 ], [ -79.545915523995063, -0.937476764182204 ], [ -79.545923446642178, -0.937438419416654 ], [ -79.54593613262233, -0.937397001560244 ], [ -79.545950435943951, -0.937355493935773 ], [ -79.545959880745428, -0.937329992793805 ], [ -79.545970944829008, -0.937299698818589 ], [ -79.545985246171043, -0.937262984701705 ], [ -79.545996310924906, -0.937231062741504 ], [ -79.546007376983766, -0.937195975256109 ], [ -79.546015296305015, -0.937165679965246 ], [ -79.546018454903532, -0.937132126715728 ], [ -79.546021612158739, -0.937101829434567 ], [ -79.546024775977799, -0.937055614085317 ], [ -79.546026409730416, -0.937015729147494 ], [ -79.546023191567201, -0.936975842182446 ], [ -79.546020061948411, -0.936939120779918 ], [ -79.546015315658067, -0.936900861161159 ], [ -79.546008950757056, -0.936865766391783 ], [ -79.546000967879536, -0.936832298931156 ], [ -79.545988310177307, -0.936805160568678 ], [ -79.545978797868457, -0.936776485979489 ], [ -79.545962908166331, -0.936743015216736 ], [ -79.545950250463875, -0.936715876855069 ], [ -79.54593759209024, -0.936690366477824 ], [ -79.545924933716577, -0.936664856100816 ], [ -79.54591066068518, -0.936632923555499 ], [ -79.54589638631154, -0.936604246978794 ], [ -79.545886874039098, -0.936575481947789 ], [ -79.545872605592848, -0.936532424845242 ], [ -79.545859858673339, -0.936503748907422 ], [ -79.545850345058341, -0.936478239845402 ], [ -79.545839304659836, -0.93645110216157 ], [ -79.545828174410971, -0.936423964440444 ], [ -79.545815518012304, -0.936393660557054 ], [ -79.545801244308933, -0.936363355998592 ], [ -79.545794878732423, -0.936329889217661 ], [ -79.545788512521909, -0.936297959977405 ], [ -79.545785382224651, -0.936262866563374 ], [ -79.545788548674793, -0.936210229725105 ], [ -79.545788479173012, -0.936160847504334 ], [ -79.5457901089991, -0.936130459143678 ], [ -79.545791652850028, -0.936090664615306 ], [ -79.545793283308583, -0.936058738714052 ], [ -79.545797972624769, -0.936017227070692 ], [ -79.545799520460335, -0.935967755081189 ], [ -79.545801158778417, -0.935916745588608 ], [ -79.545804323916073, -0.935867274273959 ], [ -79.54580900793836, -0.93583860561547 ], [ -79.545810989561176, -0.935826667890521 ], [ -79.545815403063585, -0.93580035065192 ], [ -79.545820092374484, -0.935758839007522 ], [ -79.54582640029254, -0.93571416251321 ], [ -79.545831174833253, -0.935683865907461 ], [ -79.545839099383457, -0.935640818071625 ], [ -79.545850172005615, -0.935589722070566 ], [ -79.545858095250225, -0.935549839758641 ], [ -79.545869163885314, -0.935508421217826 ], [ -79.545873937119396, -0.935481290135667 ], [ -79.545881858388142, -0.935446201331704 ], [ -79.545883402933271, -0.935404688373343 ], [ -79.545880272621943, -0.935369594959002 ], [ -79.545870763576616, -0.935332961343223 ], [ -79.545859633987689, -0.935304195643077 ], [ -79.545842216148458, -0.935272352238727 ], [ -79.545824795070203, -0.935248377424584 ], [ -79.545805757320906, -0.93522286439564 ], [ -79.545785102267715, -0.935197350692476 ], [ -79.545766153698864, -0.935173465685739 ], [ -79.545739122556398, -0.935139990289505 ], [ -79.545723319415742, -0.935114478611008 ], [ -79.545705899641277, -0.935087338274278 ], [ -79.545688479196826, -0.935061825921878 ], [ -79.545672584903258, -0.935039479731236 ], [ -79.545656781092802, -0.935015596037865 ], [ -79.545636126040947, -0.934990082337392 ], [ -79.545599662600679, -0.934951809501691 ], [ -79.545563199831165, -0.93491190868292 ], [ -79.54552997297256, -0.934868843689696 ], [ -79.545493514112636, -0.934819446300231 ], [ -79.545464960135462, -0.934774755273439 ], [ -79.545449066513314, -0.93475078110216 ], [ -79.545433268622034, -0.934712516888417 ], [ -79.545425287027768, -0.934675883918267 ], [ -79.545428447564518, -0.934637537166245 ], [ -79.545441130211714, -0.934604078336322 ], [ -79.545449049495431, -0.934573783044807 ], [ -79.545452206085727, -0.934545023308113 ], [ -79.545460126670832, -0.934511562492073 ], [ -79.545463285864827, -0.934476471706839 ], [ -79.545469587842987, -0.93444617574035 ], [ -79.545475979038358, -0.934417417351432 ], [ -79.545487050293289, -0.934369577321133 ], [ -79.545487064728064, -0.934334485224564 ], [ -79.545488603341809, -0.934307352796792 ], [ -79.54549014783278, -0.934265930288386 ], [ -79.545488632841213, -0.934235631063226 ], [ -79.545488562668424, -0.934187786388891 ], [ -79.54548543104201, -0.934155858506012 ], [ -79.545479070685175, -0.934109639194834 ], [ -79.545475849207648, -0.93407771127474 ], [ -79.545469572154076, -0.934047410065726 ], [ -79.545461587946789, -0.934017108145567 ], [ -79.545447320139687, -0.933972423081283 ], [ -79.545436280356355, -0.933943747872732 ], [ -79.545418777942217, -0.933899061461737 ], [ -79.545406120855404, -0.933870385580044 ], [ -79.545379190084901, -0.933811314716398 ], [ -79.545356926243016, -0.933765088783316 ], [ -79.545329990861489, -0.933717232921029 ], [ -79.545290385937292, -0.933670999766282 ], [ -79.545260294014298, -0.933651813198017 ], [ -79.54521115315103, -0.933634337122748 ], [ -79.545157246326596, -0.933626355635048 ], [ -79.545108184830625, -0.933634384673415 ], [ -79.545066935762435, -0.933653451078058 ], [ -79.545017859838765, -0.933696572203595 ], [ -79.544981450182604, -0.933746029652157 ], [ -79.54493704386114, -0.933795483766524 ], [ -79.544913315534814, -0.933814647909441 ], [ -79.544878450401754, -0.933822592411896 ], [ -79.544878462862684, -0.933792293831493 ], [ -79.544876862595473, -0.933750870023751 ], [ -79.544878404479277, -0.933715778573058 ], [ -79.544879943089626, -0.933688646152404 ], [ -79.544883110159432, -0.933634381348405 ], [ -79.544878363163207, -0.933597749737221 ], [ -79.544867242086639, -0.933548272488159 ], [ -79.544859347099106, -0.933519508153798 ], [ -79.544848220071927, -0.93348450186905 ], [ -79.544837181630385, -0.933452570701803 ], [ -79.544819673978523, -0.933420636839968 ], [ -79.544802254838217, -0.933391958982724 ], [ -79.544784833727348, -0.933368074632407 ], [ -79.544767411984523, -0.933345727822184 ], [ -79.5447515196647, -0.93331858814198 ], [ -79.544737244647337, -0.933291449135743 ], [ -79.544726204197573, -0.933264401920594 ], [ -79.544715073934753, -0.933237264224734 ], [ -79.544707178276539, -0.933210127876331 ], [ -79.544702427372698, -0.933182992837868 ], [ -79.544694442495967, -0.933154318912572 ], [ -79.544688079530957, -0.933114430665 ], [ -79.544683333198549, -0.933076171074448 ], [ -79.544681727717034, -0.933047409362822 ], [ -79.544681742771232, -0.933010779738828 ], [ -79.544691283276066, -0.932970898114109 ], [ -79.544702173278679, -0.932926766204892 ], [ -79.544631339064182, -0.932786730126474 ], [ -79.544318789072165, -0.932692810059221 ], [ -79.544218687808822, -0.932712846837063 ], [ -79.544089832176354, -0.932738569576069 ], [ -79.543927737072593, -0.93275197814617 ], [ -79.543706911223595, -0.932689480150465 ], [ -79.543561589614754, -0.932553663939284 ], [ -79.543483204268597, -0.932422850010818 ], [ -79.543283413693601, -0.932335307951004 ], [ -79.54313388090236, -0.932389511745853 ], [ -79.543055218117999, -0.932496473595438 ], [ -79.543015364111824, -0.932619098327548 ], [ -79.542987574817019, -0.932681402293185 ], [ -79.542949183920996, -0.932741983412525 ], [ -79.542856233764752, -0.932851833471209 ], [ -79.542744850482634, -0.932776990300643 ], [ -79.542569936834113, -0.932717676922171 ], [ -79.542494972452104, -0.93257085596034 ], [ -79.542578099231406, -0.93231475476937 ], [ -79.542719611121868, -0.932100914970829 ], [ -79.542943628834664, -0.931829858785756 ], [ -79.543065234750401, -0.931516703693477 ], [ -79.54285562994886, -0.931260661458108 ], [ -79.542737589851669, -0.930986297336302 ], [ -79.542938530426795, -0.930679868043376 ], [ -79.542986092255745, -0.93038495168608 ], [ -79.542536988788143, -0.930465802277032 ], [ -79.541985051382241, -0.930438982316546 ], [ -79.541541782320209, -0.930315704393138 ], [ -79.541185869051887, -0.930358697771521 ], [ -79.540853628893359, -0.930516835376757 ], [ -79.540676890852211, -0.930743322422099 ], [ -79.540584793103008, -0.930965684296695 ], [ -79.54053022055372, -0.931265933527746 ], [ -79.540426480174787, -0.931614458994828 ], [ -79.540257425983654, -0.931945592052391 ], [ -79.540028023875493, -0.932200727451989 ], [ -79.539843018021998, -0.932212498304152 ], [ -79.539629207555194, -0.932133994677235 ], [ -79.539535596147672, -0.932104380628505 ], [ -79.539471619371071, -0.932113217363761 ], [ -79.539173458548262, -0.931989456861463 ], [ -79.538908437283496, -0.931902339740633 ], [ -79.538527488243105, -0.931867359979641 ], [ -79.538292728275124, -0.931824391807355 ], [ -79.538056678219135, -0.931859566069626 ], [ -79.53790868783453, -0.931878225990095 ], [ -79.537801413227328, -0.931863438912973 ], [ -79.537800246149473, -0.931861086900681 ], [ -79.537693955122833, -0.931639999180703 ], [ -79.537625748849109, -0.931446964794139 ], [ -79.537484718080577, -0.931147900521388 ], [ -79.537294349417394, -0.930873958897713 ], [ -79.537223681441731, -0.930549599961401 ], [ -79.53716327459594, -0.930180837700621 ], [ -79.537143563902163, -0.929826020691646 ], [ -79.537220092711863, -0.929664068787801 ], [ -79.537312950821914, -0.929558831588141 ], [ -79.537404176335002, -0.929490765867695 ], [ -79.53752028077453, -0.929445683094388 ], [ -79.537562433552338, -0.929413502871214 ], [ -79.537647769788805, -0.929246218432124 ], [ -79.537722595782085, -0.929073593447046 ], [ -79.537665158215574, -0.928912399644334 ], [ -79.537576260707823, -0.928781672118397 ], [ -79.537532059659767, -0.928769443867721 ], [ -79.537423054127515, -0.928812720769793 ], [ -79.537148527446519, -0.928899612772353 ], [ -79.536906928971732, -0.928881513880853 ], [ -79.53675817833988, -0.928783049663347 ], [ -79.536720321512178, -0.928637782087004 ], [ -79.53686671176979, -0.928358283105272 ], [ -79.537106882722114, -0.928133179509572 ], [ -79.537306445818601, -0.927897748417213 ], [ -79.537322543377257, -0.927643790509959 ], [ -79.537135151396782, -0.927559781210581 ], [ -79.536908246814761, -0.927642804098425 ], [ -79.536849832148135, -0.927891589073878 ], [ -79.536671919083062, -0.927917562636462 ], [ -79.53633645455497, -0.927834396068571 ], [ -79.536084082235192, -0.927796937913436 ], [ -79.5358052926684, -0.92776308647012 ], [ -79.5356006241351, -0.927741294837662 ], [ -79.535478971798639, -0.927731385843721 ], [ -79.535385614138747, -0.927740843473166 ], [ -79.535223850086425, -0.927825249962735 ], [ -79.535060968431011, -0.928005435256629 ], [ -79.534810617518161, -0.928296286431984 ], [ -79.534487349466318, -0.928488071874791 ], [ -79.534321919817884, -0.92852815957833 ], [ -79.534164789276289, -0.928488299025183 ], [ -79.534026220442854, -0.928320559672212 ], [ -79.533966485000846, -0.92806711317434 ], [ -79.533918898965808, -0.927765736915092 ], [ -79.533938417560535, -0.927495862849676 ], [ -79.533979643986171, -0.92731282320565 ], [ -79.533930760564459, -0.927107225660767 ], [ -79.53374791400698, -0.926895422159652 ], [ -79.533527965382135, -0.926669584542899 ], [ -79.533332718181029, -0.926461303206958 ], [ -79.533236727203274, -0.926319900683589 ], [ -79.533069781205299, -0.926115068017142 ], [ -79.532984218614288, -0.925959470301967 ], [ -79.533005696967734, -0.925730386973885 ], [ -79.533071714502924, -0.925564903660512 ], [ -79.533070790304592, -0.925408798545905 ], [ -79.53301823464615, -0.925174800461893 ], [ -79.533034839870339, -0.924997267639948 ], [ -79.533067258656459, -0.924819560508449 ], [ -79.533050920985815, -0.924783195599065 ], [ -79.533002895425724, -0.924676271917904 ], [ -79.532914164021406, -0.924579189600885 ], [ -79.53282402900183, -0.924837005253734 ], [ -79.532612940019007, -0.924916416842571 ], [ -79.532360655269869, -0.92488601340643 ], [ -79.532123934977946, -0.924805782331727 ], [ -79.532025386824301, -0.924765222828193 ], [ -79.531890635537025, -0.924709634711473 ], [ -79.531840932599621, -0.924685675560169 ], [ -79.53175975086927, -0.924646541436251 ], [ -79.531586471053259, -0.924549966599684 ], [ -79.531375659638499, -0.924391513132999 ], [ -79.531193150873733, -0.924232890581067 ], [ -79.530992859910299, -0.924054905844735 ], [ -79.530837016077754, -0.923945857177959 ], [ -79.530605430577879, -0.923833611483848 ], [ -79.530305189050139, -0.923748560542306 ], [ -79.530080021576026, -0.923542256871305 ], [ -79.530057222219526, -0.923269109691042 ], [ -79.530083402391597, -0.923186274850739 ], [ -79.530126406178894, -0.923050356999685 ], [ -79.530255605906035, -0.92284022133848 ], [ -79.530416691301809, -0.922656417807781 ], [ -79.530668980770727, -0.922674430418841 ], [ -79.530905698657406, -0.922759907004136 ], [ -79.531138664724196, -0.922792201555455 ], [ -79.531267860782222, -0.922590929157838 ], [ -79.531225992762302, -0.922367517570433 ], [ -79.531081959948267, -0.922158986643239 ], [ -79.530911589582104, -0.921979024778144 ], [ -79.530721480714845, -0.921729956303823 ], [ -79.530594885285225, -0.921505333837616 ], [ -79.530625426464979, -0.921304563133298 ], [ -79.530707347692825, -0.921137277648254 ], [ -79.530903571278301, -0.920935580804818 ], [ -79.531077303422222, -0.92080496277242 ], [ -79.531247871215385, -0.920722278184863 ], [ -79.53139451309373, -0.920483569482317 ], [ -79.531456435544982, -0.920224114182636 ], [ -79.53138043157287, -0.920203280792191 ], [ -79.531190544745087, -0.920289575142051 ], [ -79.530933635263409, -0.920363903202029 ], [ -79.530758553464921, -0.920279809075893 ], [ -79.53068196413912, -0.920152524056646 ], [ -79.530684461269587, -0.919978512817381 ], [ -79.530829477762751, -0.919759339157991 ], [ -79.53103125949211, -0.919587761989906 ], [ -79.531195930476954, -0.91942349529163 ], [ -79.531254687044608, -0.919215500740339 ], [ -79.531311307490313, -0.918957852087661 ], [ -79.531373396403367, -0.918730323202025 ], [ -79.531369355256459, -0.918725256721852 ], [ -79.531220641469048, -0.918537797299836 ], [ -79.531062160826082, -0.918284943576616 ], [ -79.530949000507775, -0.917943112732945 ], [ -79.530751542555421, -0.917648006084005 ], [ -79.530593655398079, -0.917482068392948 ], [ -79.530462616176862, -0.917357745580691 ], [ -79.530158550133763, -0.916957681128778 ], [ -79.529936388049222, -0.916651982593466 ], [ -79.529672324323144, -0.916424680812086 ], [ -79.529330128633958, -0.91610735607653 ], [ -79.529112432689459, -0.91586641665465 ], [ -79.52908054667067, -0.915840898581124 ], [ -79.529055127756777, -0.915820357539704 ], [ -79.529027282918634, -0.915799815496319 ], [ -79.528999438044082, -0.915779363896117 ], [ -79.528951291523896, -0.915748502975052 ], [ -79.528915719631939, -0.915728048183252 ], [ -79.528885357990177, -0.915710037502588 ], [ -79.528857420171406, -0.915697183068716 ], [ -79.52881178522486, -0.915676633677258 ], [ -79.52878824801931, -0.915668664978082 ], [ -79.528773784314012, -0.915663775086062 ], [ -79.528743327589211, -0.915658607257774 ], [ -79.528700204251763, -0.915648278951119 ], [ -79.528667141942819, -0.915643019603125 ], [ -79.528629138932985, -0.915635316255594 ], [ -79.528613864632959, -0.91563521950164 ], [ -79.52857073919634, -0.915630046438117 ], [ -79.528542796182478, -0.915629944449239 ], [ -79.528479364902395, -0.915624672551575 ], [ -79.528423481975736, -0.915616871371645 ], [ -79.52839302422376, -0.915614235941996 ], [ -79.528362659456562, -0.91560391290597 ], [ -79.528334719543977, -0.915596213715453 ], [ -79.528309386323286, -0.915585892758724 ], [ -79.528266264028872, -0.915573032050214 ], [ -79.528235812513401, -0.915555111777138 ], [ -79.528205362068235, -0.915534568661443 ], [ -79.528169885279539, -0.915501271024265 ], [ -79.528147159748571, -0.915485886345193 ], [ -79.528134496274973, -0.915473038224704 ], [ -79.528109078409358, -0.915449964789604 ], [ -79.528086359112862, -0.915419295269221 ], [ -79.528068667230187, -0.915398757427753 ], [ -79.528040733593201, -0.915375682954141 ], [ -79.528015403475536, -0.915357764799939 ], [ -79.527984952001745, -0.915339754086823 ], [ -79.527959618749819, -0.915329523574998 ], [ -79.527931772898199, -0.915311513938981 ], [ -79.527906442782268, -0.915293595785614 ], [ -79.527886146313222, -0.915270524469584 ], [ -79.527886148378713, -0.915265459670364 ], [ -79.527868458563603, -0.915239857031806 ], [ -79.527855800292514, -0.915214256472622 ], [ -79.527840627282117, -0.915186122474599 ], [ -79.527817913225803, -0.915142610075564 ], [ -79.527800228610943, -0.915104254998005 ], [ -79.527797715973875, -0.915096566317176 ], [ -79.527787663323338, -0.915070966835901 ], [ -79.527762340511373, -0.915035141003455 ], [ -79.527749684341998, -0.915004385204512 ], [ -79.52772445657871, -0.914955806970306 ], [ -79.527706768865869, -0.914925049093575 ], [ -79.527678928180961, -0.914894377465785 ], [ -79.527653601203042, -0.914868771676522 ], [ -79.527630791066272, -0.914840544084789 ], [ -79.52760294935004, -0.914812404857807 ], [ -79.527582650781767, -0.914794488788925 ], [ -79.527549684577423, -0.914773944644841 ], [ -79.527526959055066, -0.914758559973504 ], [ -79.527488868326259, -0.914745701354637 ], [ -79.527466054025112, -0.914727693804553 ], [ -79.5274557235321, -0.914722443852261 ], [ -79.527305718087845, -0.917813007978586 ], [ -79.527315757999787, -0.91809584135262 ], [ -79.527315611549128, -0.918453637663923 ], [ -79.527291736148484, -0.918889798268155 ], [ -79.527301679580148, -0.919407754931132 ], [ -79.52729459231108, -0.920181273353601 ], [ -79.52728356352398, -0.920404212158137 ], [ -79.527280937922768, -0.920457282015557 ], [ -79.527290987296084, -0.920716262910551 ], [ -79.52725022483574, -0.921057003791116 ], [ -79.52727046197144, -0.92123761478482 ], [ -79.527256867130646, -0.92137050491779 ], [ -79.527206024510647, -0.921527232032486 ], [ -79.527141633712887, -0.921700992022434 ], [ -79.527084053138921, -0.921779342181369 ], [ -79.527016317415672, -0.921854281125189 ], [ -79.526938426940532, -0.921929215833683 ], [ -79.526870696312258, -0.921993931111616 ], [ -79.52681311572411, -0.922072282153214 ], [ -79.526721678473351, -0.922160840929369 ], [ -79.526593001847203, -0.922252792061647 ], [ -79.526349189243149, -0.9224401078094 ], [ -79.526234056068716, -0.922528656659269 ], [ -79.526088449446618, -0.922630823418933 ], [ -79.525939448385003, -0.922756842120694 ], [ -79.525780257094212, -0.922964637611928 ], [ -79.525665078979657, -0.923162229596921 ], [ -79.525522805885089, -0.923390477574483 ], [ -79.525350070038115, -0.923608490952495 ], [ -79.525228148918373, -0.923737927806774 ], [ -79.525119791432289, -0.923812849617293 ], [ -79.524970810471132, -0.923887754439202 ], [ -79.524855688476435, -0.923949042774202 ], [ -79.524696542032672, -0.924047795776373 ], [ -79.524533994095648, -0.924187438295924 ], [ -79.524381608316531, -0.924313455321706 ], [ -79.524246160065502, -0.924408810288712 ], [ -79.524032811378916, -0.924602953042948 ], [ -79.523880417637912, -0.924746007580202 ], [ -79.523785598972538, -0.924824342802915 ], [ -79.523585837877945, -0.924906041044564 ], [ -79.523369150124594, -0.924987732169659 ], [ -79.52321679530391, -0.925038782017107 ], [ -79.523071208306817, -0.925093241661674 ], [ -79.522942543747064, -0.925157932022337 ], [ -79.522735984869087, -0.92530437157555 ], [ -79.522546355465025, -0.925444002431309 ], [ -79.522319465550481, -0.925638139151791 ], [ -79.52212982060486, -0.9258152529619 ], [ -79.521906328870898, -0.925978722822612 ], [ -79.521693004058505, -0.926114936600852 ], [ -79.521562846269987, -0.926227142914059 ], [ -79.521480332165339, -0.926295175354012 ], [ -79.521439539067273, -0.926340306256048 ], [ -79.521417803602333, -0.926364353045636 ], [ -79.52132400899886, -0.926471265618124 ], [ -79.521255212267874, -0.926584479869476 ], [ -79.5211988918375, -0.926754320932708 ], [ -79.521148808236802, -0.926955620536536 ], [ -79.521080006249932, -0.927081418033205 ], [ -79.521061211271189, -0.92718836118647 ], [ -79.521086175204445, -0.927276450090378 ], [ -79.521146669947072, -0.927386168811951 ], [ -79.521148628080866, -0.927389719506707 ], [ -79.521136076048464, -0.927515539748306 ], [ -79.521113814056505, -0.92755471734235 ], [ -79.521086039390227, -0.927603596199945 ], [ -79.521048497299347, -0.927704241179398 ], [ -79.521059675770644, -0.927811570466912 ], [ -79.521060947454458, -0.927823780749442 ], [ -79.521104666291706, -0.927899294278047 ], [ -79.521148387741917, -0.927968517528952 ], [ -79.521154598442024, -0.92806288883202 ], [ -79.521123294055812, -0.928194992360927 ], [ -79.521085762389063, -0.928270472594722 ], [ -79.521035723075883, -0.928364820210329 ], [ -79.520979407707216, -0.928522078837958 ], [ -79.520929350071114, -0.928660465633272 ], [ -79.520911182779741, -0.928733484021787 ], [ -79.520860485165315, -0.928937253275886 ], [ -79.5208041530462, -0.929234003238226 ], [ -79.520712743134112, -0.929314277695285 ], [ -79.520572538404451, -0.929410811227027 ], [ -79.520433497003694, -0.92951865054982 ], [ -79.520099358889524, -0.929709072017831 ], [ -79.519786432494556, -0.929881866058984 ], [ -79.519518616043086, -0.930040931811119 ], [ -79.51938586559946, -0.93014506551486 ], [ -79.519298143125468, -0.930216568480257 ], [ -79.519249120388864, -0.930348503375741 ], [ -79.519142679619435, -0.930921954252087 ], [ -79.519098377873703, -0.931152021218971 ], [ -79.519057849721577, -0.931382180214529 ], [ -79.519012292109423, -0.93160727229345 ], [ -79.519008843714403, -0.931618000930988 ] ] ] ] } },
{ "type": "Feature", "properties": { "fcode": "VB002", "descripcion": "AREA QUE DRENA DIRECTAMENTE AL CAUCE PRINCIPAL DE LA CUENCA HIDROGRAFICA", "cuh_cod": "52", "cuh_nam": "RIO GUAYAS", "cuh_na2": "S/I", "sch_cod": "5203", "sch_nam": "RIO MACUL", "sch_na2": "S/I", "pmk": 232.228508522, "ark": 1020.8803814300001, "txt": "S/I", "SHAPE_Length": 81382.59783880951, "SHAPE_Area": 149719092.88997287 }, "geometry": { "type": "MultiPolygon", "coordinates": [ [ [ [ -79.484534933213354, -0.944348771255734 ], [ -79.484113788949571, -0.945830058404261 ], [ -79.483828387052256, -0.949117167240094 ], [ -79.481271075712556, -0.952689113769644 ], [ -79.480088395230098, -0.953634088239018 ], [ -79.478417404347454, -0.955062521092237 ], [ -79.477181769479813, -0.956508140111671 ], [ -79.477169718514162, -0.956580723364729 ], [ -79.47686699211755, -0.958404067457992 ], [ -79.475871506624088, -0.961976688559601 ], [ -79.474224001996248, -0.965017518246422 ], [ -79.473105251228276, -0.966383708957323 ], [ -79.471507620478164, -0.96702613684716 ], [ -79.470548096804222, -0.96951790944714 ], [ -79.470467507711263, -0.971125749206855 ], [ -79.469668112020571, -0.972733259842456 ], [ -79.46846934143592, -0.974420980559545 ], [ -79.467988901836222, -0.977154146998896 ], [ -79.467508347568725, -0.980128492838281 ], [ -79.466708576304157, -0.982539934084652 ], [ -79.467106775389155, -0.985032321497021 ], [ -79.46760153891465, -0.986611503679025 ], [ -79.468185463138923, -0.988153035080652 ], [ -79.468518522350053, -0.990367002128658 ], [ -79.468684542325647, -0.992580891947654 ], [ -79.46882286276508, -0.994486516734631 ], [ -79.468906128946671, -0.996294318298854 ], [ -79.469097924285478, -0.997092304624158 ], [ -79.469096324308609, -1.000549234160403 ], [ -79.470130615881303, -1.00367740977291 ], [ -79.470691442402341, -1.005373611038687 ], [ -79.473564486162459, -1.010118204383978 ], [ -79.474521741697814, -1.012610869529809 ], [ -79.474520980556193, -1.014237464920843 ], [ -79.474519896254449, -1.016550171401881 ], [ -79.474199288519273, -1.018961836643844 ], [ -79.476235435519328, -1.023703149135722 ], [ -79.476512939529115, -1.024349336667123 ], [ -79.479067374014036, -1.027244746269912 ], [ -79.480424156873426, -1.029335643812129 ], [ -79.480505723938251, -1.029422391280862 ], [ -79.481861076619282, -1.030863822465141 ], [ -79.482339452449779, -1.03263272535453 ], [ -79.481060514591064, -1.034802752487098 ], [ -79.478983534350249, -1.035605692187239 ], [ -79.477945120768482, -1.035846372289684 ], [ -79.477564102325601, -1.037200525890156 ], [ -79.47705173185642, -1.039021503522842 ], [ -79.479180189800516, -1.041916723679458 ], [ -79.480668094910115, -1.048134593535827 ], [ -79.482172204772695, -1.050818012709418 ], [ -79.482554107608109, -1.051437286514109 ], [ -79.484069816769292, -1.053250974980405 ], [ -79.485296433892458, -1.054589842950114 ], [ -79.486455086904584, -1.055482588901234 ], [ -79.487511650305507, -1.055997825735024 ], [ -79.488193166356453, -1.056615821847021 ], [ -79.488601724068772, -1.057714089810243 ], [ -79.489385231393427, -1.058915484946389 ], [ -79.490407340993315, -1.060185628283829 ], [ -79.491213533468766, -1.061472823144031 ], [ -79.491803664886959, -1.063074463742285 ], [ -79.492575726166038, -1.064447429636055 ], [ -79.493620091610907, -1.066689836523676 ], [ -79.493787893516284, -1.067060604931736 ], [ -79.494073226544913, -1.067384030998514 ], [ -79.494189225783899, -1.067510133628617 ], [ -79.494381551714994, -1.067694683662249 ], [ -79.494515874744366, -1.067823869451951 ], [ -79.494668508091749, -1.067983806218273 ], [ -79.494790599041565, -1.068143727940283 ], [ -79.494897429264768, -1.068282122519143 ], [ -79.49500425051643, -1.068438962631586 ], [ -79.495120215405379, -1.068635772427341 ], [ -79.49535823835167, -1.06906013792713 ], [ -79.495492508170258, -1.069296922878271 ], [ -79.496209649125632, -1.070533131286581 ], [ -79.496387366707594, -1.070867960118767 ], [ -79.496490379905353, -1.071062043238368 ], [ -79.497277771791161, -1.072289064040187 ], [ -79.497708083661749, -1.072974838847499 ], [ -79.498321523749297, -1.073918942195613 ], [ -79.498669449364243, -1.074444814025736 ], [ -79.49928311705699, -1.075407209929349 ], [ -79.499428279007716, -1.075489270701699 ], [ -79.499891369257426, -1.076311255152187 ], [ -79.499909793093707, -1.076381865718666 ], [ -79.499929886823068, -1.076412970403037 ], [ -79.500387667167189, -1.077138724429259 ], [ -79.500543309998704, -1.077390892245181 ], [ -79.500761771886516, -1.077779621036077 ], [ -79.500882035183523, -1.077993616762701 ], [ -79.501036108311027, -1.078152121595703 ], [ -79.501714603089894, -1.078323215330203 ], [ -79.502725854315713, -1.078664547701707 ], [ -79.504479730943444, -1.078854573104643 ], [ -79.507006314226274, -1.078792769699796 ], [ -79.509825178628631, -1.078836196352272 ], [ -79.51174790929511, -1.078153293683968 ], [ -79.513051458409862, -1.077060963868113 ], [ -79.514615696009713, -1.075793882675645 ], [ -79.516483864075809, -1.074745543800962 ], [ -79.518091239391026, -1.074090544301242 ], [ -79.519481401977487, -1.073522875975408 ], [ -79.521522718361396, -1.073698746277044 ], [ -79.523346825306973, -1.073961947998751 ], [ -79.524606268501103, -1.074268593731133 ], [ -79.525395785327859, -1.074675021576653 ], [ -79.525881255630267, -1.074691020724486 ], [ -79.526570366642673, -1.074596774958609 ], [ -79.527384731857126, -1.074565643735452 ], [ -79.528246071415808, -1.07455029832657 ], [ -79.528966436258713, -1.074597937444903 ], [ -79.529733737763124, -1.074740179778136 ], [ -79.530375740095153, -1.074913887897311 ], [ -79.530939469125229, -1.07502450399387 ], [ -79.531706703688414, -1.075308615755926 ], [ -79.532489561536664, -1.075671551602484 ], [ -79.533006211654808, -1.075987069627685 ], [ -79.533773281569395, -1.076617975174295 ], [ -79.534806597964391, -1.077217483202397 ], [ -79.535464231964099, -1.077454252218654 ], [ -79.536027880906417, -1.077738265746945 ], [ -79.536497489307934, -1.078179868042736 ], [ -79.537264463190937, -1.079015698685905 ], [ -79.537953104155932, -1.079914546053918 ], [ -79.538406601168774, -1.081301944523581 ], [ -79.53839035956301, -1.082515718758355 ], [ -79.538174169687068, -1.083568217928876 ], [ -79.538076269085749, -1.084344120447901 ], [ -79.538122963565684, -1.08494315199375 ], [ -79.538156587662954, -1.085010922053565 ], [ -79.538674733374108, -1.085103588004445 ], [ -79.539531548484689, -1.085252165033827 ], [ -79.541221524904685, -1.085549306309003 ], [ -79.541709234454345, -1.08563971782876 ], [ -79.542123016839184, -1.085716424721574 ], [ -79.543539654777675, -1.085965810587096 ], [ -79.544162552937408, -1.086079878730809 ], [ -79.544704735833164, -1.086177485864955 ], [ -79.545474058396664, -1.086315983980139 ], [ -79.545773682147555, -1.08636904401967 ], [ -79.546701460196303, -1.086538819934719 ], [ -79.547655509942842, -1.086737711350696 ], [ -79.547737350088028, -1.086751340108234 ], [ -79.547910453579433, -1.086780166853838 ], [ -79.548698934916459, -1.086923417585677 ], [ -79.549616201846234, -1.087090542485715 ], [ -79.550136595647317, -1.087193977624853 ], [ -79.550643860085316, -1.087270948883555 ], [ -79.55106965855866, -1.087310841320543 ], [ -79.551456038999703, -1.087329548128157 ], [ -79.551649341312597, -1.087328121129246 ], [ -79.551792489284509, -1.087327064233525 ], [ -79.552050091632566, -1.087308668450948 ], [ -79.552223581054179, -1.087290232039043 ], [ -79.55300432344788, -1.087129219128082 ], [ -79.553267167291935, -1.087080291911137 ], [ -79.554592082291251, -1.086833661652943 ], [ -79.555646213399513, -1.086622510681834 ], [ -79.556360391969051, -1.086476961049143 ], [ -79.557239243828121, -1.086297850581797 ], [ -79.557925339890801, -1.08618176709193 ], [ -79.559053535057501, -1.085955211983749 ], [ -79.559765473033366, -1.085812246734603 ], [ -79.560887432648855, -1.085603261771749 ], [ -79.560894194831576, -1.085602002411839 ], [ -79.561111389861026, -1.08556154589545 ], [ -79.562693904264634, -1.085244813711418 ], [ -79.563084793999451, -1.085167586768839 ], [ -79.564323735981645, -1.0849228109602 ], [ -79.56512813569411, -1.084767095501892 ], [ -79.565289029323665, -1.084736702522513 ], [ -79.566145280328669, -1.084574953441801 ], [ -79.566860483222925, -1.084439848608123 ], [ -79.566955037778058, -1.084420860563472 ], [ -79.567249153503596, -1.084361797646215 ], [ -79.568082859405891, -1.084194376078376 ], [ -79.569342039962535, -1.083940982886413 ], [ -79.570071863087065, -1.083788426259738 ], [ -79.570599166793244, -1.083678202486389 ], [ -79.570630142054512, -1.083671727807949 ], [ -79.571173306307017, -1.083557455881053 ], [ -79.571847267985376, -1.083415666615066 ], [ -79.572254727548597, -1.083333841183502 ], [ -79.572702986107714, -1.083234489669351 ], [ -79.573398254952664, -1.083080390507195 ], [ -79.573977467054476, -1.082958146803752 ], [ -79.574173745931333, -1.082916721143946 ], [ -79.574830945438961, -1.082771514943188 ], [ -79.574985713828397, -1.082739732663649 ], [ -79.576347751434696, -1.082460032554231 ], [ -79.576828822688924, -1.082351783156611 ], [ -79.577341228671898, -1.082244931331948 ], [ -79.577618543503775, -1.08218710253445 ], [ -79.578132699258219, -1.082079885025843 ], [ -79.579228904305538, -1.081847574431964 ], [ -79.580566961217485, -1.081559815896235 ], [ -79.581352970208883, -1.081390856674939 ], [ -79.581607214811356, -1.0813371054678 ], [ -79.5825516996982, -1.081137425602656 ], [ -79.583484915730224, -1.080950014276904 ], [ -79.583562517770147, -1.08093658435782 ], [ -79.584018551556312, -1.080857662666329 ], [ -79.58534081215528, -1.080625454734598 ], [ -79.585806778276847, -1.080540004456974 ], [ -79.586463293610947, -1.080419610311343 ], [ -79.586844999145029, -1.080350196951785 ], [ -79.587228955800853, -1.080280374857975 ], [ -79.58788545207824, -1.080160990518167 ], [ -79.589439047759086, -1.079881264238238 ], [ -79.589640502126642, -1.079844104843909 ], [ -79.590311798404585, -1.079720278540326 ], [ -79.590853325073041, -1.079617345841882 ], [ -79.59193637469717, -1.079422063015258 ], [ -79.592672430873108, -1.079282179509254 ], [ -79.593663469810821, -1.079113310893898 ], [ -79.59539056946214, -1.078796619832154 ], [ -79.595669217144831, -1.078749125234968 ], [ -79.597070345327964, -1.078503717853335 ], [ -79.597993050927187, -1.078318940456073 ], [ -79.598295360113909, -1.078260872533545 ], [ -79.598433305466557, -1.078221874827148 ], [ -79.599070882866002, -1.078041631747728 ], [ -79.599862196960714, -1.0777774193076 ], [ -79.600198702494765, -1.077698577967811 ], [ -79.600921617088304, -1.077529204558501 ], [ -79.601305423856644, -1.077444716657532 ], [ -79.60172603162458, -1.077357600143908 ], [ -79.602033610352677, -1.077275722417636 ], [ -79.602170323344581, -1.077212286318637 ], [ -79.602559439557112, -1.077014031622789 ], [ -79.602853924438961, -1.076823669768132 ], [ -79.6030654129233, -1.07668189320213 ], [ -79.603887260840168, -1.076130948039377 ], [ -79.604789123651472, -1.075541085876226 ], [ -79.605594761646472, -1.074991130505508 ], [ -79.606663331271093, -1.07427619801722 ], [ -79.607214443769905, -1.073906038687464 ], [ -79.60799273566046, -1.073377235167783 ], [ -79.608472328973207, -1.073057842313728 ], [ -79.608993994909028, -1.072702485469792 ], [ -79.609629250499623, -1.07226674757245 ], [ -79.610035228739491, -1.071981186987159 ], [ -79.610506424697192, -1.071630039226524 ], [ -79.610840930625756, -1.071289411968358 ], [ -79.61105343821869, -1.071022812405198 ], [ -79.611247025907247, -1.070743503711794 ], [ -79.61134381928278, -1.070603849342816 ], [ -79.611739466822115, -1.069909770832681 ], [ -79.611912041310561, -1.069596585711348 ], [ -79.612185622814351, -1.069124698182055 ], [ -79.612402369509581, -1.068781901045645 ], [ -79.612591735355025, -1.068538573089737 ], [ -79.61284627514766, -1.06832490757182 ], [ -79.613079765820444, -1.068157798627567 ], [ -79.613269062301526, -1.068068985085038 ], [ -79.613508822886828, -1.067988662002537 ], [ -79.613752778333094, -1.067931623445389 ], [ -79.614164966097476, -1.067864077195455 ], [ -79.614488833885389, -1.067798608143708 ], [ -79.614745407997361, -1.06773945874671 ], [ -79.614926283627952, -1.067669690969878 ], [ -79.615094552875405, -1.067578752132591 ], [ -79.615315413575189, -1.067439153517735 ], [ -79.615546822412583, -1.067225476924538 ], [ -79.615736188009507, -1.066982148320754 ], [ -79.615817339260445, -1.066815322575452 ], [ -79.615910898267543, -1.066593351918661 ], [ -79.616026966228929, -1.066194533695195 ], [ -79.616319050191166, -1.065099653514807 ], [ -79.616543237608269, -1.064374442500953 ], [ -79.616696621316478, -1.064006466781392 ], [ -79.616682542550691, -1.064000520818506 ], [ -79.616643815971941, -1.063996975933194 ], [ -79.616613085090748, -1.063996871615787 ], [ -79.616571841040468, -1.06399667210624 ], [ -79.616525205601434, -1.063996470162437 ], [ -79.616491150071937, -1.063996273896759 ], [ -79.616451164014663, -1.06399607495347 ], [ -79.616410279393207, -1.063995875604032 ], [ -79.616379009376146, -1.06399577104091 ], [ -79.616335968200318, -1.063995570716904 ], [ -79.616297420574895, -1.063993744387962 ], [ -79.616257350145929, -1.063981244709958 ], [ -79.616222582419027, -1.063966124483889 ], [ -79.616176944799918, -1.063944849003221 ], [ -79.616134002110556, -1.06392529321874 ], [ -79.616098066050654, -1.06391062469673 ], [ -79.616068327992124, -1.063900662179467 ], [ -79.616032030008711, -1.063891601162931 ], [ -79.616004805675189, -1.063886704771731 ], [ -79.615960328779408, -1.063882071928995 ], [ -79.615930946158358, -1.063881063752389 ], [ -79.615888444131116, -1.063880863667677 ], [ -79.615855287136441, -1.06388075824866 ], [ -79.615818086641767, -1.063880560557012 ], [ -79.615785648499767, -1.063880455461874 ], [ -79.615746471164115, -1.063880256876642 ], [ -79.615717986747555, -1.063880063120085 ], [ -79.615677371104965, -1.063881220578274 ], [ -79.615646099929577, -1.063883738950169 ], [ -79.615613478609504, -1.063891412148453 ], [ -79.615572225183271, -1.063912286600421 ], [ -79.615548765955594, -1.063927290082294 ], [ -79.615514610301801, -1.063950157555913 ], [ -79.615489352291462, -1.063968868520331 ], [ -79.615464180185256, -1.063996443255456 ], [ -79.615439272485631, -1.064035595229149 ], [ -79.615416071210603, -1.064076647343994 ], [ -79.61539619659959, -1.064113269094773 ], [ -79.615384501587087, -1.064143925088423 ], [ -79.615379902248833, -1.064181277310229 ], [ -79.615379701358137, -1.064228761499069 ], [ -79.615381381642877, -1.06428927079754 ], [ -79.615389268355742, -1.064335582840129 ], [ -79.615398688316361, -1.064369142655045 ], [ -79.615414395646923, -1.064408493871595 ], [ -79.615430018890365, -1.064434911237016 ], [ -79.615454174382648, -1.064470557976356 ], [ -79.615473482185237, -1.06449598209896 ], [ -79.615495573884289, -1.064525115776382 ], [ -79.6155200003993, -1.064557506574527 ], [ -79.615544427842622, -1.06458781710974 ], [ -79.615564904103124, -1.064612518191782 ], [ -79.615582864301885, -1.064637399029394 ], [ -79.615599205672027, -1.0646654447545 ], [ -79.615613479455561, -1.064695479362983 ], [ -79.615624249320618, -1.06472442703287 ], [ -79.615637440468277, -1.06476422934823 ], [ -79.615642993895463, -1.064803847318912 ], [ -79.615642800663821, -1.064834146727553 ], [ -79.61564269648116, -1.064866255101548 ], [ -79.615642501230852, -1.064901076822069 ], [ -79.615641860128108, -1.064928210409205 ], [ -79.615635464739, -1.064963119772841 ], [ -79.615623320350394, -1.064993956455475 ], [ -79.615600657666519, -1.065036184610072 ], [ -79.615583662640859, -1.065063401248245 ], [ -79.615561543090365, -1.065096675467668 ], [ -79.615540414544114, -1.065124161574289 ], [ -79.615518119800811, -1.065147305732782 ], [ -79.615494657972519, -1.065168097760365 ], [ -79.615465715059813, -1.065188525523478 ], [ -79.615433176110983, -1.06521293129433 ], [ -79.615385809024929, -1.065241400438446 ], [ -79.615346889376795, -1.0652677931381 ], [ -79.615308508988377, -1.065293914741595 ], [ -79.615279027097117, -1.06531398047099 ], [ -79.615254399273027, -1.065329978314656 ], [ -79.615230760273988, -1.065345072142732 ], [ -79.615199301983978, -1.065364142067262 ], [ -79.615173686586459, -1.065378240091405 ], [ -79.615147081879044, -1.065394327484623 ], [ -79.615102770073037, -1.065422436214683 ], [ -79.615067357168428, -1.065443584609762 ], [ -79.61504173958923, -1.065462566726738 ], [ -79.614997517598511, -1.065490765939577 ], [ -79.614964980141039, -1.06551182518654 ], [ -79.614917791148798, -1.065543912241426 ], [ -79.614883276807987, -1.065565061037558 ], [ -79.614831147042423, -1.065594161127179 ], [ -79.614797622900497, -1.065611330735176 ], [ -79.614753313314822, -1.065634464910668 ], [ -79.61472670993966, -1.065647567569747 ], [ -79.614672514768174, -1.065673772438853 ], [ -79.614631083256953, -1.065690938462817 ], [ -79.614603491905299, -1.06570304576382 ], [ -79.614575900594133, -1.065715062618095 ], [ -79.614525661775232, -1.065735299822653 ], [ -79.614487195527857, -1.065752467185194 ], [ -79.614445764017233, -1.065769633203903 ], [ -79.614364969069655, -1.065800891003354 ], [ -79.614310775233307, -1.065824111134309 ], [ -79.614224947395229, -1.065857446909528 ], [ -79.614171744649383, -1.065874698035077 ], [ -79.614115488119069, -1.065888963051043 ], [ -79.614072983670923, -1.065894189675682 ], [ -79.614000914550175, -1.065903653876792 ], [ -79.613954547166131, -1.06590688893297 ], [ -79.613899195877408, -1.065906230731798 ], [ -79.613864602844458, -1.065902416318451 ], [ -79.613818061493774, -1.065892807935167 ], [ -79.613790389632953, -1.065884022117089 ], [ -79.613748793098495, -1.065868356079616 ], [ -79.613723998869574, -1.065854597025313 ], [ -79.613687258143969, -1.065830973924214 ], [ -79.613664443022813, -1.065812150780834 ], [ -79.613628693834059, -1.065781563773811 ], [ -79.61360183691373, -1.065758849613911 ], [ -79.613545250338461, -1.065707450545697 ], [ -79.613498542187799, -1.06566898975768 ], [ -79.613466744946308, -1.065642293729067 ], [ -79.613415184106501, -1.065604825651523 ], [ -79.613380420674687, -1.065580208541746 ], [ -79.613327782046312, -1.065541654623096 ], [ -79.613294098228309, -1.065514053279866 ], [ -79.613251345587756, -1.065471524210781 ], [ -79.613232397817825, -1.065444834007132 ], [ -79.613219296983857, -1.065404127297699 ], [ -79.613224072316257, -1.065375186689039 ], [ -79.613241611706584, -1.065336302785001 ], [ -79.613265164357301, -1.065313340129497 ], [ -79.613308487722065, -1.065285230998182 ], [ -79.613347941033567, -1.06527104882206 ], [ -79.613395299525664, -1.065261754318906 ], [ -79.613468444180072, -1.065258350495564 ], [ -79.613523795002422, -1.065260003596888 ], [ -79.613570248221563, -1.065265722745457 ], [ -79.6136344917592, -1.065274253782246 ], [ -79.613677079375947, -1.065283950810978 ], [ -79.613749228948237, -1.065295470150838 ], [ -79.613796760045517, -1.0653020942472 ], [ -79.613868913624273, -1.065304659414553 ], [ -79.613903419948187, -1.065301418977043 ], [ -79.613945838084803, -1.065288233040499 ], [ -79.61397046679059, -1.065270245399986 ], [ -79.614004722663964, -1.065224223797758 ], [ -79.614022263825277, -1.065181360243445 ], [ -79.614026051132157, -1.065151514713931 ], [ -79.614020859867949, -1.065105837035698 ], [ -79.614007843981526, -1.06507607434571 ], [ -79.613993838340804, -1.065049295932307 ], [ -79.613963933406865, -1.065010661870767 ], [ -79.613937077368618, -1.064985957903457 ], [ -79.613895400315371, -1.064949398776587 ], [ -79.613864590595966, -1.064924693020373 ], [ -79.613818958044078, -1.06489220218257 ], [ -79.613788235960129, -1.064872471007001 ], [ -79.613744577624885, -1.064845860065721 ], [ -79.613717807001848, -1.064831105219419 ], [ -79.613666242598072, -1.064801596421981 ], [ -79.613609737427467, -1.064769100664444 ], [ -79.613556198409228, -1.064734616434279 ], [ -79.613505536131171, -1.064697148783254 ], [ -79.613451911705567, -1.064652715436771 ], [ -79.613421103288559, -1.064625115407704 ], [ -79.613397301528778, -1.064602312197868 ], [ -79.613376373799809, -1.064582585459116 ], [ -79.613339638863565, -1.064546028577579 ], [ -79.613318713842887, -1.064520241947412 ], [ -79.613296800361866, -1.064494545316272 ], [ -79.613273898905447, -1.064467853330389 ], [ -79.613237077267172, -1.064424241610893 ], [ -79.613212200749288, -1.064393569100712 ], [ -79.613177356356672, -1.064349053816144 ], [ -79.613153467815252, -1.064319376661991 ], [ -79.613118623423802, -1.064274861378945 ], [ -79.613093746503552, -1.064245093332301 ], [ -79.613057913248795, -1.06420157251093 ], [ -79.613034024709037, -1.06417189535884 ], [ -79.612999180764419, -1.06412638517132 ], [ -79.612976192607235, -1.064092638350817 ], [ -79.612940362910436, -1.06404115827266 ], [ -79.612918363577819, -1.064006507439384 ], [ -79.612883433778748, -1.063952043047388 ], [ -79.612858559972693, -1.063915310652999 ], [ -79.612832607405934, -1.063879663124769 ], [ -79.612793812896584, -1.06382718680188 ], [ -79.61276687102216, -1.063793528642561 ], [ -79.612725109881438, -1.063744126148118 ], [ -79.612697268555976, -1.06371245739824 ], [ -79.612653527951807, -1.063668933009238 ], [ -79.612621731171473, -1.063641242100804 ], [ -79.612572058233866, -1.063601785105133 ], [ -79.612540260081744, -1.063577169365799 ], [ -79.612494626278121, -1.063547572828216 ], [ -79.612463904222068, -1.063527841667859 ], [ -79.612401468541265, -1.063495433697426 ], [ -79.612347925567988, -1.063469903657745 ], [ -79.612309293896814, -1.063455233901904 ], [ -79.612243976194549, -1.063437657792879 ], [ -79.612198512294881, -1.063430039742577 ], [ -79.61212240646617, -1.063424488084316 ], [ -79.612071009830899, -1.063421841884219 ], [ -79.612007752568957, -1.063418285853675 ], [ -79.61195742802947, -1.06342947839293 ], [ -79.611924975559404, -1.063461572073583 ], [ -79.611903565714456, -1.063515377819304 ], [ -79.611894015161738, -1.063573078115927 ], [ -79.611890311895635, -1.063615947896928 ], [ -79.61189575982479, -1.063690477960868 ], [ -79.611910920681524, -1.063746109185481 ], [ -79.611939996895998, -1.063829423223098 ], [ -79.611963066481351, -1.063881982862942 ], [ -79.612000141645069, -1.063961411342976 ], [ -79.612026087562214, -1.064011892026888 ], [ -79.612064063957433, -1.064085351474557 ], [ -79.612091088150663, -1.064135832648996 ], [ -79.612117035361905, -1.064183419060657 ], [ -79.61215213457578, -1.064260856838945 ], [ -79.612173139243993, -1.064309435921266 ], [ -79.612188301875292, -1.064361087526198 ], [ -79.612202643828923, -1.064439510812852 ], [ -79.612206843944662, -1.064491247898925 ], [ -79.612212291411382, -1.064566772881127 ], [ -79.612214603651623, -1.064620498926969 ], [ -79.612215021788444, -1.06469014263269 ], [ -79.612211229578847, -1.064730932116703 ], [ -79.61219970345222, -1.064785737245245 ], [ -79.612188097743271, -1.064817569021647 ], [ -79.612161660759753, -1.064860518949384 ], [ -79.612136129904428, -1.064886555861801 ], [ -79.6120928052257, -1.064917649691298 ], [ -79.612064313560879, -1.064933736186621 ], [ -79.612019915501577, -1.064953885546513 ], [ -79.611994301465415, -1.064964998808242 ], [ -79.611950894051816, -1.064980174078708 ], [ -79.611906499999378, -1.06499136927173 ], [ -79.611869026221356, -1.064999582879338 ], [ -79.611842336580779, -1.065004726207668 ], [ -79.611787072543166, -1.06501003747279 ], [ -79.611760383348482, -1.065014185893133 ], [ -79.611715992414986, -1.065018416733125 ], [ -79.611669535231755, -1.065021651728263 ], [ -79.611636916370088, -1.065023898090332 ], [ -79.611605376270589, -1.065025059587931 ], [ -79.611572757450219, -1.065027215503127 ], [ -79.611522347886392, -1.065027554428267 ], [ -79.61149170724228, -1.065026726518351 ], [ -79.611445252735081, -1.065023992068539 ], [ -79.611411646347435, -1.065024248166039 ], [ -79.611358271973771, -1.065023590836927 ], [ -79.611324666518584, -1.065021766673805 ], [ -79.611272281011864, -1.065020114884778 ], [ -79.611235710704364, -1.065017384915197 ], [ -79.611178383993135, -1.06501374106969 ], [ -79.61114181328233, -1.065011915559844 ], [ -79.611097248842682, -1.065002308060574 ], [ -79.611068501423134, -1.06498755230924 ], [ -79.61104371169067, -1.064963844191372 ], [ -79.611021712444384, -1.064929102917929 ], [ -79.610999550816118, -1.064855650649908 ], [ -79.610989331653428, -1.064801016583769 ], [ -79.610980838464414, -1.064704597213044 ], [ -79.610981408329906, -1.064635948898649 ], [ -79.610987747252679, -1.064526512019103 ], [ -79.610996137281802, -1.064451897808962 ], [ -79.61100346238851, -1.064347435909517 ], [ -79.611003039372363, -1.064288736212756 ], [ -79.610987795813756, -1.064217186454591 ], [ -79.610972806688594, -1.064179463645555 ], [ -79.61093499621218, -1.064136936850185 ], [ -79.610906160722251, -1.064118201441662 ], [ -79.610836974746107, -1.064110663055346 ], [ -79.610781792591652, -1.064133882680111 ], [ -79.610720844903639, -1.064190022057524 ], [ -79.610673736941976, -1.064242007187058 ], [ -79.61060513503115, -1.064334864187632 ], [ -79.610566918827644, -1.064395807502572 ], [ -79.61052698288151, -1.064484607421542 ], [ -79.610512408307855, -1.064524487523137 ], [ -79.610501699375448, -1.064560299305004 ], [ -79.610494131807897, -1.064604162210777 ], [ -79.610483674623353, -1.064679770371808 ], [ -79.610481047852574, -1.064726529792225 ], [ -79.61047652385146, -1.064796171204397 ], [ -79.610478748426459, -1.064844922639046 ], [ -79.610487071237699, -1.064920448874179 ], [ -79.610491192595831, -1.064947313223712 ], [ -79.61050948993892, -1.065021758633363 ], [ -79.610525552865312, -1.065069430996288 ], [ -79.610556613365787, -1.065135922946863 ], [ -79.610581575225311, -1.065176544557247 ], [ -79.610614526314151, -1.065234987668688 ], [ -79.610636435288271, -1.065270633361483 ], [ -79.61066543355102, -1.065327175313477 ], [ -79.610682486678598, -1.06537086850332 ], [ -79.610692621315849, -1.065413563646554 ], [ -79.61070202105499, -1.065492075098807 ], [ -79.610702356408467, -1.06554580021442 ], [ -79.610695936933496, -1.065634343998804 ], [ -79.610689440082581, -1.065695030359289 ], [ -79.610678899654957, -1.065755805329406 ], [ -79.610667459810941, -1.065818479257883 ], [ -79.610647200139809, -1.065912172180284 ], [ -79.610633784789428, -1.065971860489644 ], [ -79.610611549609459, -1.066062567791707 ], [ -79.61059615826656, -1.066120355834193 ], [ -79.610572849304745, -1.066201023132452 ], [ -79.610551523424405, -1.066267762636624 ], [ -79.610543871765415, -1.066298691712722 ], [ -79.610538104452388, -1.066335500638628 ], [ -79.610543213770413, -1.066363360346475 ], [ -79.610554251861998, -1.066395111928912 ], [ -79.610571309922207, -1.066427770707599 ], [ -79.610605079030037, -1.06646541161344 ], [ -79.610635891357248, -1.066484147949222 ], [ -79.610683416153194, -1.066504700800359 ], [ -79.610718006910233, -1.066513489786033 ], [ -79.610784398458478, -1.066540925110824 ], [ -79.610815293993554, -1.066574494640514 ], [ -79.610811406846963, -1.066626499364509 ], [ -79.610793059073828, -1.066664568822482 ], [ -79.610773277776644, -1.066693321683257 ], [ -79.610746398232962, -1.066721166856925 ], [ -79.610711609342019, -1.066753440292342 ], [ -79.61064896116838, -1.066794202994084 ], [ -79.610610042576596, -1.066818243957185 ], [ -79.610554856780141, -1.06684942276322 ], [ -79.610524385130788, -1.066872472656496 ], [ -79.610488063403281, -1.066916503374661 ], [ -79.610470437232976, -1.066948422819343 ], [ -79.610457921711998, -1.067005217252463 ], [ -79.610453232215605, -1.067043021571643 ], [ -79.610456531449842, -1.067099732748869 ], [ -79.610461727084015, -1.067135461303543 ], [ -79.610472846985431, -1.067185121245053 ], [ -79.610481010111144, -1.067215876616481 ], [ -79.610491059732951, -1.06724771819868 ], [ -79.610501110288325, -1.067277479522209 ], [ -79.610515195894536, -1.067326145907171 ], [ -79.610524345652905, -1.067360881354788 ], [ -79.6105404948689, -1.067416422579644 ], [ -79.610552518690355, -1.067454144055061 ], [ -79.61057567353474, -1.067516743260229 ], [ -79.610593715539551, -1.067559351561278 ], [ -79.610614722926286, -1.067601689873572 ], [ -79.610620289026627, -1.067612817271041 ], [ -79.610626752837916, -1.067625844444232 ], [ -79.610650724916468, -1.067669450350932 ], [ -79.610691581547187, -1.067731876720522 ], [ -79.610719509134356, -1.067771414355447 ], [ -79.610763334600719, -1.067825882824334 ], [ -79.610792162499067, -1.067861531689522 ], [ -79.610832036519895, -1.067911023829217 ], [ -79.610856912525193, -1.06794269127084 ], [ -79.610878823269957, -1.067974357363899 ], [ -79.610906748585506, -1.068018959982117 ], [ -79.610923716294877, -1.068052704086991 ], [ -79.610938878874975, -1.068104265247532 ], [ -79.610943085147795, -1.068142073620282 ], [ -79.610942428450983, -1.068203757544013 ], [ -79.610940701965703, -1.068246537751423 ], [ -79.610936179653308, -1.068312199543149 ], [ -79.610931486117067, -1.068358958027295 ], [ -79.610918067082537, -1.068426696029082 ], [ -79.610903576472978, -1.068479509940321 ], [ -79.61088612283524, -1.068527347968181 ], [ -79.61083728821869, -1.068622113220532 ], [ -79.610789272546228, -1.068694086431876 ], [ -79.610761848864527, -1.068732965755026 ], [ -79.610717705995825, -1.068784952143649 ], [ -79.610688218256684, -1.06881795152984 ], [ -79.610646055803571, -1.068861979562556 ], [ -79.610619536007476, -1.068889010857686 ], [ -79.610582227587315, -1.068929061470998 ], [ -79.610556696210537, -1.068956093214261 ], [ -79.610517410988322, -1.068996052478166 ], [ -79.610487925033851, -1.069025072231243 ], [ -79.610437765313975, -1.069069187056526 ], [ -79.610396506338887, -1.06910227151575 ], [ -79.610320731684638, -1.069159398896533 ], [ -79.610306439269294, -1.069171059924755 ], [ -79.610266618279525, -1.06920351191145 ], [ -79.610209628573429, -1.069249613425599 ], [ -79.610149583300938, -1.069296708450354 ], [ -79.610057178452081, -1.069368842275155 ], [ -79.610001091334354, -1.069405990030993 ], [ -79.609919389241568, -1.069456240781575 ], [ -79.60987696839409, -1.069475396000889 ], [ -79.60984344691154, -1.069486596025709 ], [ -79.609812892521816, -1.069493727331312 ], [ -79.60977433952938, -1.069503930154398 ], [ -79.609712243226411, -1.069516202499998 ], [ -79.609672702710199, -1.069524415058147 ], [ -79.609619414126257, -1.069532711792152 ], [ -79.609582929664583, -1.069538845483681 ], [ -79.609543390045502, -1.069545068227308 ], [ -79.609481206088873, -1.069552456440996 ], [ -79.609440678050873, -1.069558678731996 ], [ -79.609379481213622, -1.069568961665562 ], [ -79.609339043481199, -1.069574189089705 ], [ -79.609277846645895, -1.069584472020395 ], [ -79.609232464981645, -1.069593767257742 ], [ -79.609191935643636, -1.069602883815653 ], [ -79.60913379254292, -1.069616243299256 ], [ -79.609095328558411, -1.069628345515415 ], [ -79.609042120431511, -1.069657535297631 ], [ -79.609007694118532, -1.069682663577596 ], [ -79.608958974084246, -1.069722347139558 ], [ -79.608958524639448, -1.069722708718465 ], [ -79.608926070725275, -1.069757696509215 ], [ -79.608887861480511, -1.069802721177424 ], [ -79.608852530816179, -1.069840692370045 ], [ -79.608793557087608, -1.069902711403011 ], [ -79.608758229069551, -1.069934803603406 ], [ -79.608709059135919, -1.069975843636282 ], [ -79.608674633266517, -1.069999976998557 ], [ -79.608627268976946, -1.070022114640995 ], [ -79.608597701668316, -1.070032231091815 ], [ -79.608542436703772, -1.070039531983449 ], [ -79.608500922942738, -1.070039784366331 ], [ -79.608434702189598, -1.070032247112902 ], [ -79.608387172090374, -1.070023542595647 ], [ -79.60829714694944, -1.069999261965481 ], [ -79.608273340764541, -1.069986498212407 ], [ -79.608244506660341, -1.06996477801242 ], [ -79.608196814301607, -1.069917362546186 ], [ -79.608168975793347, -1.069879724311612 ], [ -79.608128032568047, -1.069810333559935 ], [ -79.608107925741209, -1.069763744707114 ], [ -79.608080825364624, -1.069683325871519 ], [ -79.608063687872033, -1.069627693779859 ], [ -79.608035509666081, -1.069546279549245 ], [ -79.608017381022051, -1.06949670688623 ], [ -79.607972402331299, -1.06940940600143 ], [ -79.607936486577486, -1.06934996661127 ], [ -79.607909546634787, -1.06931232879529 ], [ -79.607860781836578, -1.069251979082606 ], [ -79.607830964700057, -1.069218319576872 ], [ -79.607789202461504, -1.069171811293926 ], [ -79.607760371911994, -1.069142222307661 ], [ -79.607717620807733, -1.069096708480561 ], [ -79.607689777823154, -1.069069019311114 ], [ -79.607648012450781, -1.069029475368124 ], [ -79.607622144961312, -1.069004771817572 ], [ -79.607583432015446, -1.068971198701494 ], [ -79.607556574314984, -1.068950474321239 ], [ -79.607529806023081, -1.068930744887387 ], [ -79.607502048864262, -1.068912009907727 ], [ -79.607461355497463, -1.068886395132076 ], [ -79.607432607679641, -1.068872634227285 ], [ -79.607391013062468, -1.068852988472587 ], [ -79.607363252320326, -1.068842212734381 ], [ -79.607322732842647, -1.068829531807568 ], [ -79.607293981441316, -1.068823730143438 ], [ -79.607251482396848, -1.068817108190132 ], [ -79.607224796835169, -1.068813206833259 ], [ -79.607177354352302, -1.06880956733828 ], [ -79.607148690119715, -1.06880973514439 ], [ -79.607105199561957, -1.068809986627435 ], [ -79.607077522404239, -1.068813139599017 ], [ -79.607025222754388, -1.068820441841026 ], [ -79.60698181757148, -1.068830642412365 ], [ -79.606952161335201, -1.068838769004371 ], [ -79.606907766389, -1.06885195383738 ], [ -79.606879186634742, -1.068864060540038 ], [ -79.606832902873137, -1.068881314574733 ], [ -79.606801357862452, -1.068893419921791 ], [ -79.606764150358217, -1.068908959626865 ], [ -79.606753006102693, -1.068913567278875 ], [ -79.606721549562295, -1.068928747825647 ], [ -79.606676163507842, -1.068947901629598 ], [ -79.60664659443826, -1.068961997685818 ], [ -79.606600308027296, -1.068985130695997 ], [ -79.606561840904831, -1.069004287656632 ], [ -79.606520495690688, -1.069029412730968 ], [ -79.606444640210029, -1.069066641788374 ], [ -79.606387567867358, -1.069096824643463 ], [ -79.606318543705171, -1.069129082290471 ], [ -79.606251586685573, -1.069160345973794 ], [ -79.606146074074559, -1.06920769140178 ], [ -79.606097813478343, -1.069224944509606 ], [ -79.606034723909431, -1.069248160266424 ], [ -79.606006143707859, -1.069261261856016 ], [ -79.605950960591002, -1.069286471032623 ], [ -79.605915461418292, -1.06929965990346 ], [ -79.605879962735457, -1.069311763423176 ], [ -79.605842486276927, -1.069325946293098 ], [ -79.605786316537987, -1.069347175393868 ], [ -79.605746861895796, -1.069364342070847 ], [ -79.60572969653866, -1.069370574987646 ], [ -79.605682783910922, -1.069387557361184 ], [ -79.605640364462474, -1.069403727775088 ], [ -79.605576286437696, -1.06942703350689 ], [ -79.605535845174074, -1.069440220109004 ], [ -79.605501155525843, -1.069451600423284 ], [ -79.605470779629968, -1.069461535575942 ], [ -79.605426384693146, -1.069474720367165 ], [ -79.605360330323506, -1.069496939836087 ], [ -79.605319889061406, -1.069510126432903 ], [ -79.605263630817817, -1.069528370761173 ], [ -79.605227144128477, -1.069539569355931 ], [ -79.605192635215531, -1.069548688600112 ], [ -79.60512164002273, -1.069568101977863 ], [ -79.605085065765479, -1.069574235562102 ], [ -79.605033755007852, -1.069580543294806 ], [ -79.60498927471204, -1.069583778993084 ], [ -79.604957644345276, -1.069585935220287 ], [ -79.604903370132462, -1.069588261977222 ], [ -79.604864820797914, -1.06959050548308 ], [ -79.604792665161426, -1.069592914500968 ], [ -79.604731383925127, -1.069591348877031 ], [ -79.604619782647077, -1.069591026463209 ], [ -79.604535767307723, -1.06959053578025 ], [ -79.604467568499985, -1.069585982272797 ], [ -79.604426958772876, -1.069574296173052 ], [ -79.604398296814182, -1.069569489424634 ], [ -79.604349779703355, -1.069557890150751 ], [ -79.604322107961949, -1.069549104239262 ], [ -79.604285454198759, -1.069532354984175 ], [ -79.604257695299381, -1.069517599608936 ], [ -79.604233889622918, -1.069503840947451 ], [ -79.604197148661939, -1.069481212674877 ], [ -79.60417136749912, -1.069464468397509 ], [ -79.604124746855746, -1.069431886563529 ], [ -79.60409492531312, -1.069408176109681 ], [ -79.604064118009518, -1.069378586227383 ], [ -79.604034299165249, -1.069348906352236 ], [ -79.603997476444462, -1.069308369774714 ], [ -79.603973675267369, -1.069284662078401 ], [ -79.603936937050875, -1.069255973941077 ], [ -79.603909175910459, -1.069246193086208 ], [ -79.60386667693011, -1.069239571087665 ], [ -79.603838011834796, -1.069241728664322 ], [ -79.603774837398475, -1.069254000371187 ], [ -79.603723610684625, -1.069273241872455 ], [ -79.603695029601937, -1.069288333234189 ], [ -79.603660514865737, -1.069310386204387 ], [ -79.603621233665564, -1.06934148157004 ], [ -79.603588782472613, -1.069370499808669 ], [ -79.603552376218502, -1.069402591391682 ], [ -79.603522891626611, -1.069428626275534 ], [ -79.603497360704964, -1.069454662969191 ], [ -79.603473806209323, -1.069481605025156 ], [ -79.603439547504834, -1.069533595659533 ], [ -79.603417065434002, -1.069573471951746 ], [ -79.603391784734967, -1.069642289611109 ], [ -79.603380262003768, -1.069689044801297 ], [ -79.603375566948458, -1.069738878275672 ], [ -79.603379037185945, -1.069814402092845 ], [ -79.603383237928369, -1.069864149197269 ], [ -79.603384646420238, -1.069928728130476 ], [ -79.603383908221588, -1.06997150864673 ], [ -79.603374356876998, -1.070030294027304 ], [ -79.603361759872016, -1.070068185036231 ], [ -79.603325523453051, -1.070122074112967 ], [ -79.603287226600983, -1.070162124039187 ], [ -79.603201651328959, -1.07023326563719 ], [ -79.603139717760683, -1.070283344202026 ], [ -79.603046320044825, -1.070365426137994 ], [ -79.602993279980893, -1.070420483288254 ], [ -79.602920727576759, -1.070505469033887 ], [ -79.602903103118038, -1.070533408691182 ], [ -79.602884488848886, -1.070564423049842 ], [ -79.602861103685427, -1.070614247937721 ], [ -79.602846440874373, -1.07065014817857 ], [ -79.602829071115735, -1.070710919760895 ], [ -79.602818448676359, -1.070753786177512 ], [ -79.602809970660473, -1.070823425522075 ], [ -79.602806265832513, -1.070869189375984 ], [ -79.602798776189573, -1.070938919618962 ], [ -79.602796149633093, -1.070984683967238 ], [ -79.602796398473103, -1.071030449634903 ], [ -79.602794670476456, -1.07107621439537 ], [ -79.602797064186291, -1.071147758088354 ], [ -79.602796414461409, -1.07119352334361 ], [ -79.602784968882517, -1.071268226285941 ], [ -79.602772369635787, -1.071311001345746 ], [ -79.602741161922182, -1.071371947459586 ], [ -79.602715627399505, -1.071405852895416 ], [ -79.602674365257997, -1.071445901420711 ], [ -79.60264092875947, -1.071467954832582 ], [ -79.602608393937672, -1.071483134780441 ], [ -79.602554202835066, -1.071500385035666 ], [ -79.602517629035901, -1.071505523648991 ], [ -79.602446463645009, -1.07150395339164 ], [ -79.602395971529262, -1.071488373536645 ], [ -79.602363271427748, -1.071471716503329 ], [ -79.602315663321008, -1.071437144367469 ], [ -79.60228880887324, -1.071409455639085 ], [ -79.602265908547906, -1.071380773823814 ], [ -79.602235919958062, -1.071329205982629 ], [ -79.60222479533995, -1.07129049009922 ], [ -79.602220423911049, -1.071220935321315 ], [ -79.602226109688189, -1.071166127816229 ], [ -79.60224124970452, -1.071068634263921 ], [ -79.602251790865111, -1.071006864665134 ], [ -79.602264052813268, -1.070915248762341 ], [ -79.602270639356192, -1.070855557598931 ], [ -79.602275902392336, -1.070742141059402 ], [ -79.602273424234767, -1.070658658506068 ], [ -79.602270125243564, -1.070601947514578 ], [ -79.602265833778262, -1.070554190195833 ], [ -79.602252653682271, -1.070490691240406 ], [ -79.60223955176771, -1.07045296935642 ], [ -79.602220525205581, -1.070402311014164 ], [ -79.602204543839591, -1.070373541937712 ], [ -79.602178594259698, -1.070331924993791 ], [ -79.602160632864511, -1.07031020977689 ], [ -79.602109976824494, -1.070259808262857 ], [ -79.602069285845729, -1.070229218936936 ], [ -79.602033532940695, -1.070207495558508 ], [ -79.602007750010458, -1.070194730881598 ], [ -79.601966155517502, -1.070175085075098 ], [ -79.601934441143015, -1.070164397928606 ], [ -79.601879094120818, -1.070154785287542 ], [ -79.601817814794941, -1.070149149535647 ], [ -79.601777290019001, -1.070148407375042 ], [ -79.601716005247852, -1.07015480089929 ], [ -79.601674577406399, -1.070164007351502 ], [ -79.601616431332715, -1.070184240507429 ], [ -79.60158191929807, -1.07020032400538 ], [ -79.601536706685039, -1.070233406384658 ], [ -79.601508121096245, -1.07025844672572 ], [ -79.601486542930445, -1.07028647499074 ], [ -79.601467030143098, -1.070317398465776 ], [ -79.601444543948816, -1.070366319270681 ], [ -79.601433926052977, -1.070399146187484 ], [ -79.60142437737224, -1.070451962095618 ], [ -79.601423551535561, -1.070489768021152 ], [ -79.601424960870176, -1.070552357096069 ], [ -79.601427187434098, -1.070596133839636 ], [ -79.601431561525629, -1.070659809624532 ], [ -79.601429834418994, -1.070703584552729 ], [ -79.601424321179067, -1.070774220116473 ], [ -79.601418640401292, -1.070817993228644 ], [ -79.601405222484743, -1.070882746190372 ], [ -79.601388667269731, -1.070930584363701 ], [ -79.601372201458389, -1.070979417480039 ], [ -79.601354657372269, -1.071028250100236 ], [ -79.601321557308779, -1.071101043683819 ], [ -79.601299072896296, -1.07114598486684 ], [ -79.60126382575578, -1.071197884503482 ], [ -79.601245213767555, -1.071223833866875 ], [ -79.601222562273719, -1.071240917695267 ], [ -79.601183107194032, -1.071259079149809 ], [ -79.601150574235021, -1.071270189020153 ], [ -79.601097556503134, -1.07127595317995 ], [ -79.601092344602534, -1.071276493458896 ], [ -79.601066560329571, -1.071266713474606 ], [ -79.601043744016337, -1.071250965438782 ], [ -79.601022820999702, -1.071221289637099 ], [ -79.601000824715058, -1.071180578968603 ], [ -79.600985748704218, -1.071136886773184 ], [ -79.600976689893159, -1.071100161661227 ], [ -79.6009614440555, -1.071034671978095 ], [ -79.600952299038127, -1.070989897161131 ], [ -79.600936066135134, -1.070921422318083 ], [ -79.600923954470829, -1.070879721292219 ], [ -79.600900886638229, -1.070824177043292 ], [ -79.600885894164676, -1.070794413525158 ], [ -79.600864967580222, -1.070772606501215 ], [ -79.600831282703211, -1.070747989799884 ], [ -79.60079858267575, -1.070731242325574 ], [ -79.600771810443518, -1.070720466989633 ], [ -79.600728238241672, -1.070702810063622 ], [ -79.600698501170157, -1.070691128908785 ], [ -79.600671728488436, -1.070681348475122 ], [ -79.600628155386943, -1.070665681353567 ], [ -79.600599495728815, -1.070655900052877 ], [ -79.600549992989841, -1.070638330847668 ], [ -79.600516301844294, -1.070627552332674 ], [ -79.600460868156162, -1.070610975304481 ], [ -79.600429241897075, -1.07060417734744 ], [ -79.600374880167323, -1.070601529443707 ], [ -79.600323565422556, -1.070616791180413 ], [ -79.600283290379082, -1.070659824806782 ], [ -79.600252983982529, -1.07071471139408 ], [ -79.600236430116155, -1.070759564832621 ], [ -79.600223835331704, -1.070792481263305 ], [ -79.600207280560454, -1.070839324504593 ], [ -79.600196661746082, -1.070874141201452 ], [ -79.600181180731056, -1.070930933957278 ], [ -79.600169570296899, -1.070972804958502 ], [ -79.600146348974121, -1.071057541861508 ], [ -79.600127986237553, -1.071128261920296 ], [ -79.60011646434117, -1.07117302722095 ], [ -79.60009711404534, -1.071241847464826 ], [ -79.600084513421592, -1.071287607170243 ], [ -79.600065164927841, -1.07135244780411 ], [ -79.60005256520455, -1.071396217704234 ], [ -79.600036181998291, -1.071460969254427 ], [ -79.600026547933453, -1.07150383606102 ], [ -79.600015105493426, -1.071571484143327 ], [ -79.600011401927276, -1.07161435367741 ], [ -79.600008767638357, -1.07167703130052 ], [ -79.600011984426033, -1.071716738420696 ], [ -79.600019237014607, -1.071773451180094 ], [ -79.600028297157593, -1.071807191576444 ], [ -79.600043378110016, -1.071839939841354 ], [ -79.600065291329287, -1.071865636489738 ], [ -79.600104992932856, -1.071898215193533 ], [ -79.600132750413934, -1.071915955314437 ], [ -79.600178298087826, -1.07193659788267 ], [ -79.600211989276715, -1.071947285973029 ], [ -79.600271378899805, -1.071958890344623 ], [ -79.600312890282254, -1.071963612619303 ], [ -79.600378123758986, -1.07196816491684 ], [ -79.600421613785088, -1.071968908491521 ], [ -79.600487749892153, -1.071964507081234 ], [ -79.600528276023923, -1.071962264583691 ], [ -79.600587580317736, -1.071963919887903 ], [ -79.600622171882179, -1.071970628780575 ], [ -79.600648944569031, -1.071980409229196 ], [ -79.600681729936881, -1.072007105784992 ], [ -79.600700678366664, -1.072031806171046 ], [ -79.600719786591256, -1.072100372784146 ], [ -79.600710154367661, -1.072139169548082 ], [ -79.600699449701878, -1.072165122532246 ], [ -79.600670052210432, -1.072197126775892 ], [ -79.600642457262666, -1.072217193018883 ], [ -79.600600124514287, -1.072240327632592 ], [ -79.600569567025374, -1.072254423096326 ], [ -79.600518339835759, -1.072274659353137 ], [ -79.60048284026054, -1.072288752540735 ], [ -79.600448327253943, -1.072306916236512 ], [ -79.600415879623228, -1.0723279751432 ], [ -79.600367698091702, -1.07236901529876 ], [ -79.600337222733799, -1.07240011457926 ], [ -79.600296043237975, -1.07245599104217 ], [ -79.60027949339802, -1.072491890350489 ], [ -79.600261047496062, -1.072547777275872 ], [ -79.600254379155373, -1.072589560100077 ], [ -79.600250678326304, -1.072626369779104 ], [ -79.600248044014251, -1.072689047407328 ], [ -79.600247308887603, -1.07272486354944 ], [ -79.600240726329687, -1.072775600532427 ], [ -79.600235948539378, -1.072809515453908 ], [ -79.600209678854554, -1.07287923695768 ], [ -79.600177313340893, -1.072917299672625 ], [ -79.600119167671494, -1.072936537815948 ], [ -79.600074688768117, -1.072936788665652 ], [ -79.600044049105975, -1.072933970737321 ], [ -79.599994543648364, -1.072922370890629 ], [ -79.599961841367858, -1.072910597892598 ], [ -79.599909374731951, -1.072890042562555 ], [ -79.599875684899516, -1.072876369751046 ], [ -79.59982816084586, -1.072854731350216 ], [ -79.599794382968469, -1.072837078890039 ], [ -79.599745872761957, -1.072810465525068 ], [ -79.599713083303513, -1.072792813520589 ], [ -79.599681373064854, -1.072773081763767 ], [ -79.5996357396142, -1.072743485018924 ], [ -79.59960501820548, -1.072722849261834 ], [ -79.599562350913018, -1.072691264080332 ], [ -79.599528576249327, -1.072666556863893 ], [ -79.599498754760845, -1.072642936816487 ], [ -79.599449171266997, -1.072605379038841 ], [ -79.599415397017154, -1.072579767367511 ], [ -79.599365724533655, -1.072540310192088 ], [ -79.599332040635289, -1.072513613215823 ], [ -79.599278415844367, -1.072471169515628 ], [ -79.599242665217176, -1.072444562033927 ], [ -79.599186076536284, -1.072399132264598 ], [ -79.599150325911324, -1.072372524783943 ], [ -79.599113586911628, -1.072345826402764 ], [ -79.599075860812135, -1.072316233307631 ], [ -79.599014331370327, -1.072267907005905 ], [ -79.598972652511591, -1.072236322287708 ], [ -79.598917051352927, -1.072192882781883 ], [ -79.598891181774761, -1.072173153722258 ], [ -79.598861450648712, -1.072148448375667 ], [ -79.59883755699984, -1.072130710030074 ], [ -79.598806837458369, -1.072106004228726 ], [ -79.598762105720709, -1.072069534044546 ], [ -79.598732374144888, -1.072045823600753 ], [ -79.598705517058249, -1.072024104284643 ], [ -79.59866482662467, -1.071992520026055 ], [ -79.598637069621788, -1.071973785000705 ], [ -79.598591434846341, -1.071947172972945 ], [ -79.598561699613867, -1.071931512186888 ], [ -79.598511209448404, -1.071911862233393 ], [ -79.598480483539205, -1.07190117549858 ], [ -79.598430977720994, -1.0718904801118 ], [ -79.598399350086154, -1.07188675727157 ], [ -79.598353882362076, -1.071888002561826 ], [ -79.598325306254821, -1.071892149892697 ], [ -79.598293761731981, -1.071903260165376 ], [ -79.598262216304363, -1.071916360239807 ], [ -79.598208018027833, -1.071949528793923 ], [ -79.598177545442326, -1.071974568177037 ], [ -79.598135383387117, -1.07201760084185 ], [ -79.598112814509648, -1.072050603075841 ], [ -79.598080531224241, -1.072105488660613 ], [ -79.598058045905233, -1.072152329103788 ], [ -79.598034574843382, -1.072193290129268 ], [ -79.597996448606935, -1.07225323796771 ], [ -79.597969024330197, -1.072293202266775 ], [ -79.597925868910309, -1.072347087929149 ], [ -79.597895394918567, -1.072375202449774 ], [ -79.597846225893463, -1.072414252262142 ], [ -79.597808835251286, -1.07243738908453 ], [ -79.597773333437871, -1.072456456726467 ], [ -79.597720127642475, -1.072480671599501 ], [ -79.597684629863906, -1.072490875576114 ], [ -79.597632329011049, -1.072501071801984 ], [ -79.597591802014108, -1.072505304050527 ], [ -79.597556218910128, -1.072505558974458 ], [ -79.597500870614283, -1.072498930918904 ], [ -79.597468256424889, -1.07249113755739 ], [ -79.597423606472944, -1.072472485177942 ], [ -79.597395937041867, -1.072458815136618 ], [ -79.597357220347078, -1.072434105642707 ], [ -79.597333416125295, -1.07241736223609 ], [ -79.597295603386627, -1.072380804793501 ], [ -79.59725482993079, -1.072334296976277 ], [ -79.597220975387287, -1.072287792351625 ], [ -79.597195927678371, -1.072239211542802 ], [ -79.59718570941898, -1.072183582822739 ], [ -79.597183401243953, -1.072121897900249 ], [ -79.597184139566153, -1.072079117500611 ], [ -79.597188830645067, -1.072038328725733 ], [ -79.597193605239269, -1.072011468602319 ], [ -79.597203321953245, -1.071984520312318 ], [ -79.597214026176943, -1.071959562279316 ], [ -79.597249275160991, -1.071903683188627 ], [ -79.597278760230154, -1.071876653566609 ], [ -79.597303388095597, -1.07186056561499 ], [ -79.597344731931301, -1.071838425518092 ], [ -79.597383198111899, -1.071821258598286 ], [ -79.597422562358588, -1.071805177438029 ], [ -79.59749455128302, -1.071773826017614 ], [ -79.597543803803575, -1.071748704856887 ], [ -79.597619573427679, -1.071702522101436 ], [ -79.597664875493408, -1.07167034436164 ], [ -79.597717916898219, -1.071612393201701 ], [ -79.597741299900534, -1.071567452532942 ], [ -79.597750936662678, -1.071518706815664 ], [ -79.597749699039227, -1.071473935692334 ], [ -79.597724566426834, -1.071414410933359 ], [ -79.597689808324915, -1.071378849814092 ], [ -79.597654057324888, -1.071353146803864 ], [ -79.597590719512198, -1.071329692222696 ], [ -79.597547143312084, -1.071320989371889 ], [ -79.597476965590459, -1.07132140926441 ], [ -79.597425654950996, -1.071327716809815 ], [ -79.597338758551444, -1.071340158252618 ], [ -79.5972785508161, -1.071349446397626 ], [ -79.597181772033977, -1.071357994121741 ], [ -79.597120577655488, -1.071363392649709 ], [ -79.597045456962803, -1.071365800054396 ], [ -79.597005923839433, -1.07135809396165 ], [ -79.596972231353945, -1.071350390560896 ], [ -79.596923715805488, -1.071335716021346 ], [ -79.596893079370346, -1.071325933781878 ], [ -79.596850406682989, -1.071306377877032 ], [ -79.596824625186343, -1.071290628470829 ], [ -79.596785909866057, -1.071262934293325 ], [ -79.596757078659309, -1.071235335118081 ], [ -79.596730313728244, -1.071208641350972 ], [ -79.596669602182359, -1.071140326996548 ], [ -79.596624789254506, -1.071084953682033 ], [ -79.596594887062949, -1.071041345159156 ], [ -79.596552955451884, -1.070972949021045 ], [ -79.596529973525307, -1.070926358987907 ], [ -79.596501882031063, -1.07085290428296 ], [ -79.596486718926997, -1.070803333153214 ], [ -79.596460603356647, -1.070731869162532 ], [ -79.596441574225707, -1.07068718031022 ], [ -79.596406647303752, -1.070627741514173 ], [ -79.596378719228966, -1.070590103312304 ], [ -79.596330039788015, -1.070540697632589 ], [ -79.596297256328185, -1.070510021498824 ], [ -79.596229710729702, -1.070452738368678 ], [ -79.596174107864528, -1.070413278507344 ], [ -79.596138444453345, -1.070392640499085 ], [ -79.596086877414024, -1.070370095806892 ], [ -79.596055164085044, -1.070357328377539 ], [ -79.596004759744631, -1.070346723026614 ], [ -79.595969178541282, -1.070342907918511 ], [ -79.595916792395656, -1.070343245557964 ], [ -79.595870419806687, -1.070358509473762 ], [ -79.595842825863045, -1.070376495408091 ], [ -79.59581243679969, -1.070415553851885 ], [ -79.595802806378188, -1.070450370925257 ], [ -79.595791280340734, -1.070504180676572 ], [ -79.595785602218399, -1.070541984272211 ], [ -79.595780084793262, -1.070621573756075 ], [ -79.595780505097835, -1.070685247571746 ], [ -79.595780754291539, -1.070730018202012 ], [ -79.595785124671295, -1.070801562596323 ], [ -79.595792380358517, -1.070851310959258 ], [ -79.595808609037533, -1.070928739779203 ], [ -79.595819820234965, -1.070974419920188 ], [ -79.595834976486913, -1.071039004987871 ], [ -79.595841157111252, -1.071081698108554 ], [ -79.595841491172152, -1.071137412683085 ], [ -79.595832846847046, -1.071177295155973 ], [ -79.595814403697702, -1.071227122112116 ], [ -79.595796777856776, -1.071258046337812 ], [ -79.595767376320239, -1.071299004579373 ], [ -79.595729985720396, -1.071322141373611 ], [ -79.595698442138044, -1.071331261814553 ], [ -79.595650006469839, -1.071338565551655 ], [ -79.59561253557014, -1.071340718954509 ], [ -79.595556109977807, -1.071332100599236 ], [ -79.595519542128429, -1.07132439586087 ], [ -79.595466086314516, -1.071305829872919 ], [ -79.595428443368121, -1.071291160336785 ], [ -79.595396729593247, -1.071279387791649 ], [ -79.59535414412143, -1.07126571087496 ], [ -79.595326383100783, -1.071255929954072 ], [ -79.595287840239337, -1.071244244703004 ], [ -79.595241302017683, -1.071228576161781 ], [ -79.595188745677873, -1.071208020788285 ], [ -79.595141220815805, -1.071188462636819 ], [ -79.595107529764022, -1.071177684079089 ], [ -79.595078867469709, -1.071173872142333 ], [ -79.595040320535247, -1.071171140989048 ], [ -79.594995843113878, -1.071168407098295 ], [ -79.594957296180922, -1.071165675944147 ], [ -79.594897005858897, -1.071159136044983 ], [ -79.594839679916973, -1.071154496867658 ], [ -79.594785229817518, -1.071148864117004 ], [ -79.594734821914685, -1.071146127485761 ], [ -79.5946804594074, -1.07114546927346 ], [ -79.594648830474696, -1.071144731109303 ], [ -79.594609296040289, -1.071140009696007 ], [ -79.594582611529702, -1.071134118423779 ], [ -79.594550899089228, -1.071119451622874 ], [ -79.594520175558287, -1.071103699933326 ], [ -79.594482446857086, -1.07108007625706 ], [ -79.594447686119821, -1.071050484552673 ], [ -79.594419937312594, -1.071013931787536 ], [ -79.594419847497974, -1.071013841300643 ], [ -79.594407650180912, -1.070963186227851 ], [ -79.594410366707805, -1.07091742209324 ], [ -79.594422881641009, -1.070862617938027 ], [ -79.59444824282636, -1.070814693564299 ], [ -79.59447970695615, -1.070782690402496 ], [ -79.594511165647063, -1.070762626034538 ], [ -79.594534804160489, -1.070748527455623 ], [ -79.59457524938297, -1.070726386988124 ], [ -79.594600864271698, -1.070713284219809 ], [ -79.594644097290811, -1.070686170537285 ], [ -79.594672594362919, -1.070658145599413 ], [ -79.594701092793727, -1.070627135961585 ], [ -79.594724650470368, -1.070593229789001 ], [ -79.594752892469842, -1.070533367933712 ], [ -79.594765492714259, -1.070488512805237 ], [ -79.594773969965729, -1.070420863521829 ], [ -79.594773721233835, -1.070375098011125 ], [ -79.594766382906926, -1.070309521677699 ], [ -79.594757237951043, -1.070264837409451 ], [ -79.594739028424357, -1.070196271363383 ], [ -79.594725929357679, -1.070152580172352 ], [ -79.594706730015517, -1.0700870888165 ], [ -79.594694617550715, -1.070047377681001 ], [ -79.594676496518275, -1.069981796378449 ], [ -79.59466636133358, -1.069941091255739 ], [ -79.594650045977389, -1.069856698135219 ], [ -79.594636777608983, -1.069790124172535 ], [ -79.5946276322356, -1.069746344362513 ], [ -79.594613375862735, -1.069678865491063 ], [ -79.594603242485604, -1.069634180771958 ], [ -79.59458404408231, -1.069566609178189 ], [ -79.594567977504767, -1.069527891124058 ], [ -79.59454095839439, -1.069467461116695 ], [ -79.594523003034212, -1.069432721792361 ], [ -79.594491037781111, -1.069381243605255 ], [ -79.594470114916732, -1.069351477413217 ], [ -79.594439222091282, -1.06931284297377 ], [ -79.594418386779154, -1.069288141767253 ], [ -79.594397459801129, -1.069267420117811 ], [ -79.594377611134036, -1.069246608520177 ], [ -79.594343836095064, -1.069222986695772 ], [ -79.594304668804384, -1.069201352185808 ], [ -79.594292271832629, -1.069194472619418 ], [ -79.594241866686232, -1.069185766626104 ], [ -79.59418956321295, -1.06920202269451 ], [ -79.594141297407035, -1.069231123872494 ], [ -79.594106869844012, -1.069259236528256 ], [ -79.594079363933133, -1.069281292530612 ], [ -79.59404205785637, -1.069316277708874 ], [ -79.594018504693651, -1.069340325330982 ], [ -79.593972211638018, -1.069378381507008 ], [ -79.593950637565456, -1.069397455541949 ], [ -79.593926095576265, -1.069422407159734 ], [ -79.593906407568937, -1.069443471862388 ], [ -79.593874044915069, -1.069475474614433 ], [ -79.593848514017012, -1.069501511118798 ], [ -79.593824871036816, -1.069525468248664 ], [ -79.593799428634981, -1.06955448949084 ], [ -79.593775785612777, -1.069578537064657 ], [ -79.593740543041704, -1.06962048747792 ], [ -79.593715011235233, -1.069648513776563 ], [ -79.593675721033961, -1.069699506860126 ], [ -79.593650277310871, -1.069731422349545 ], [ -79.593615028351493, -1.069787391791056 ], [ -79.593592546695618, -1.069826272940706 ], [ -79.593560259842803, -1.069889117595901 ], [ -79.593540831880233, -1.069931075295955 ], [ -79.593517441693038, -1.069991843809399 ], [ -79.593506819635579, -1.070033715126286 ], [ -79.593502379991364, -1.07011429992619 ], [ -79.593509630702911, -1.0701749016891 ], [ -79.593514824207787, -1.070214700061288 ], [ -79.593523148200433, -1.070286246213373 ], [ -79.593521509490429, -1.07033300572757 ], [ -79.593517970207245, -1.070409611345459 ], [ -79.593513363079765, -1.070463333784512 ], [ -79.593499941426842, -1.07053604568669 ], [ -79.593490395854658, -1.070581806649694 ], [ -79.593472937941783, -1.070638598296713 ], [ -79.593457288480323, -1.07067051829431 ], [ -79.593431841066845, -1.070710483406415 ], [ -79.593408287880649, -1.070734531003104 ], [ -79.593379792625186, -1.070758576316474 ], [ -79.593351208874296, -1.070779636890223 ], [ -79.593301055154782, -1.070810726937801 ], [ -79.593263576545581, -1.070829884047356 ], [ -79.593201475139281, -1.070854094722365 ], [ -79.59315609144754, -1.070868364126332 ], [ -79.593116641001771, -1.070876576429759 ], [ -79.593058411108856, -1.070883875601846 ], [ -79.593019862851875, -1.070884129126991 ], [ -79.592965500884702, -1.07088238554641 ], [ -79.592928930364025, -1.070880650186037 ], [ -79.592877446465423, -1.070873028984715 ], [ -79.592844831910725, -1.070866230510774 ], [ -79.592796402203305, -1.070860600518117 ], [ -79.592764774702189, -1.070856787197003 ], [ -79.592731169425676, -1.070855053205108 ], [ -79.59268273658553, -1.070856297057444 ], [ -79.592645174933295, -1.070860530630198 ], [ -79.592607703178587, -1.070864673798557 ], [ -79.592554324601338, -1.070873964999775 ], [ -79.592516851444884, -1.070881183308168 ], [ -79.592458618388193, -1.070895446757717 ], [ -79.592421144778825, -1.070903659962971 ], [ -79.592361922402247, -1.070919912749927 ], [ -79.592326424712638, -1.070930116664437 ], [ -79.592267289923115, -1.070951343982876 ], [ -79.592229814499433, -1.070963536778615 ], [ -79.592171667670058, -1.070985759449044 ], [ -79.592133201604611, -1.071002835833008 ], [ -79.592050426950991, -1.071041146381655 ], [ -79.591983382091158, -1.071068429868816 ], [ -79.591938086947735, -1.07108559353459 ], [ -79.591902499404853, -1.07109579739818 ], [ -79.591854152345832, -1.071105995359404 ], [ -79.5918226110375, -1.071110231701038 ], [ -79.59175935515205, -1.071104594831563 ], [ -79.591715695583687, -1.07108196330437 ], [ -79.59168471839412, -1.071031480483516 ], [ -79.591676563282334, -1.070983812024817 ], [ -79.591675411508504, -1.070947995143224 ], [ -79.591675158291523, -1.070912178677228 ], [ -79.59167778863214, -1.070858455370393 ], [ -79.59168148952017, -1.070821645834404 ], [ -79.591688075368452, -1.070763854316799 ], [ -79.591694742856177, -1.070724061456502 ], [ -79.591704464117001, -1.070687164258464 ], [ -79.591718867368513, -1.070629466799639 ], [ -79.59173056363737, -1.070596550108296 ], [ -79.591750983629098, -1.070546724173337 ], [ -79.591765643773428, -1.070516793547054 ], [ -79.591789116628973, -1.070471853069476 ], [ -79.591804764730952, -1.070442917797353 ], [ -79.591830213502561, -1.070399968028581 ], [ -79.591842894548648, -1.070375010978434 ], [ -79.591871308103478, -1.070333057476828 ], [ -79.591893786599584, -1.070301140663054 ], [ -79.591912487070104, -1.070278176190671 ], [ -79.591942875633038, -1.070240203193451 ], [ -79.591959509462143, -1.070217147319411 ], [ -79.592003653251012, -1.070163171851221 ], [ -79.592045906438017, -1.07011715469675 ], [ -79.592075302047007, -1.070089130222668 ], [ -79.592123483895236, -1.070047095398454 ], [ -79.59216087897228, -1.070014009677902 ], [ -79.592187397794092, -1.069989059012863 ], [ -79.592215893029206, -1.069965013713426 ], [ -79.592246366491977, -1.069937894185027 ], [ -79.592298502442048, -1.069894866279218 ], [ -79.592324031983182, -1.069871814505613 ], [ -79.592354419175408, -1.069836826188102 ], [ -79.592374022730908, -1.069803913132677 ], [ -79.592400377296229, -1.069745045377306 ], [ -79.592413876101105, -1.069700190714475 ], [ -79.592430262076078, -1.069629470012379 ], [ -79.592438909987536, -1.06958171885718 ], [ -79.592446399787775, -1.069511988945338 ], [ -79.592448126539026, -1.069469209088904 ], [ -79.592447704869983, -1.06940861050546 ], [ -79.592444577144022, -1.069370802902756 ], [ -79.592435346439316, -1.069317164545879 ], [ -79.592426198832257, -1.069278359266054 ], [ -79.592405026338923, -1.069204907865626 ], [ -79.592388876700682, -1.069151356762354 ], [ -79.592377839403142, -1.069118520005054 ], [ -79.592358809849713, -1.069074916562654 ], [ -79.592344805459646, -1.069046148477653 ], [ -79.592323796814782, -1.069007518617315 ], [ -79.592309790612177, -1.068982730127599 ], [ -79.592276839315389, -1.068926186577853 ], [ -79.592247839816039, -1.068873714893533 ], [ -79.592230872453641, -1.068839970949234 ], [ -79.592214893957021, -1.068805232562772 ], [ -79.592202865033073, -1.068779450088419 ], [ -79.592191824974861, -1.068752673171756 ], [ -79.592178809903643, -1.068721915748793 ], [ -79.592159692306282, -1.068674332676222 ], [ -79.592145689728383, -1.068641585000769 ], [ -79.592122708336177, -1.068594000146724 ], [ -79.592104662252339, -1.068561250606647 ], [ -79.592078716075605, -1.068512669487367 ], [ -79.592062735766561, -1.068481910698796 ], [ -79.592036698828323, -1.06843531933654 ], [ -79.592019729612744, -1.068405645436711 ], [ -79.591994857627668, -1.068366018904302 ], [ -79.591977887094558, -1.068339239255486 ], [ -79.591952925254205, -1.068299612682717 ], [ -79.591932989484263, -1.068272831666823 ], [ -79.591909099118055, -1.068248129069847 ], [ -79.591882332917947, -1.068224420045301 ], [ -79.591838588939169, -1.068189849749608 ], [ -79.591796998285645, -1.068162335183744 ], [ -79.591770228463872, -1.068146585347778 ], [ -79.591733485117516, -1.068129836012708 ], [ -79.591698896454702, -1.068117157711405 ], [ -79.591648484590777, -1.068123375183995 ], [ -79.591616937884751, -1.068139550344185 ], [ -79.591597426029267, -1.068168483846443 ], [ -79.591590754965054, -1.068216235899657 ], [ -79.591597926201374, -1.068254045353637 ], [ -79.591605012606621, -1.068280820439115 ], [ -79.591619101862989, -1.068320532437291 ], [ -79.591632029338868, -1.068346315319726 ], [ -79.591654025481276, -1.068386935420291 ], [ -79.591670006690421, -1.068415704408181 ], [ -79.591686975405707, -1.068446463649256 ], [ -79.591703045152443, -1.068478126929133 ], [ -79.591728990413188, -1.068528697840158 ], [ -79.591744070800118, -1.068562440906967 ], [ -79.591763097132869, -1.068613099071826 ], [ -79.591782214268534, -1.068661677036674 ], [ -79.591791276590726, -1.068690442834242 ], [ -79.591811377111995, -1.068750055584478 ], [ -79.59181755634728, -1.068795733329096 ], [ -79.591808913844432, -1.068831636136932 ], [ -79.591798205607901, -1.068865457748339 ], [ -79.591784621947681, -1.068899368477425 ], [ -79.591768971606058, -1.068933278252027 ], [ -79.591744595701485, -1.068988167314394 ], [ -79.591727057935259, -1.069023071114826 ], [ -79.591698729284246, -1.069075968552684 ], [ -79.591677146650056, -1.069113855179634 ], [ -79.591657632921567, -1.069146858713454 ], [ -79.591626251440275, -1.069194780244952 ], [ -79.591606739111654, -1.069224708636648 ], [ -79.591572392390304, -1.069272628796056 ], [ -79.591551802657719, -1.069300657336699 ], [ -79.591520423439277, -1.069343604371212 ], [ -79.59149893473618, -1.069372536948208 ], [ -79.591467555928048, -1.069414579527198 ], [ -79.591446968048501, -1.06943853802616 ], [ -79.591410559629608, -1.069475513341542 ], [ -79.591374157519937, -1.069498650525125 ], [ -79.59134854403105, -1.06950876856689 ], [ -79.591291298083974, -1.06952601717284 ], [ -79.591238012139556, -1.069529339029026 ], [ -79.591200452795974, -1.069528598112014 ], [ -79.591171619023328, -1.069506877915292 ], [ -79.591154737912092, -1.069481093202934 ], [ -79.591139574040483, -1.069433421520414 ], [ -79.591134464929681, -1.069405652451103 ], [ -79.591132238500322, -1.069361875894761 ], [ -79.591132072852943, -1.069331033969188 ], [ -79.591134701803895, -1.069280295367534 ], [ -79.591135525928649, -1.069246469204082 ], [ -79.591138158052914, -1.069188766315162 ], [ -79.591137906176272, -1.06914996516279 ], [ -79.591138561473471, -1.06909226136058 ], [ -79.59114028505914, -1.069056445815695 ], [ -79.591141926045054, -1.069004711858786 ], [ -79.591141762165719, -1.068969980785717 ], [ -79.591141424057739, -1.068923220406523 ], [ -79.59113730384864, -1.068894366451241 ], [ -79.591123219596653, -1.068843710576158 ], [ -79.591096197449275, -1.068790154477456 ], [ -79.591075274150086, -1.068761473654352 ], [ -79.59103351336833, -1.068712975688441 ], [ -79.590993726691224, -1.06867044802504 ], [ -79.590955914118666, -1.068633890663849 ], [ -79.590918190949253, -1.06859832824292 ], [ -79.590882355202609, -1.068561771795928 ], [ -79.590850560734481, -1.068530101261592 ], [ -79.590809783383023, -1.068492547635962 ], [ -79.590765144054274, -1.068451012635022 ], [ -79.590715470503483, -1.068414540246757 ], [ -79.590678819713233, -1.0683919120014 ], [ -79.590653036961243, -1.068379147310835 ], [ -79.590613329721123, -1.068359502349002 ], [ -79.590586647960606, -1.068347732141621 ], [ -79.590547028764078, -1.068332066813117 ], [ -79.590519268283842, -1.068321291005787 ], [ -79.590493484174161, -1.068311511009171 ], [ -79.590431135096409, -1.068287966445305 ], [ -79.590369772124205, -1.068269487272276 ], [ -79.590311372163043, -1.068255893512085 ], [ -79.590256024573378, -1.068248270549018 ], [ -79.590193667341367, -1.068242634143918 ], [ -79.590152155744406, -1.068238906716067 ], [ -79.590124480591015, -1.068238079926797 ], [ -79.590082967634814, -1.068237337191305 ], [ -79.590055380977219, -1.068239495136026 ], [ -79.590028691968755, -1.068243643290845 ], [ -79.589977377909591, -1.068257909940046 ], [ -79.58992120756659, -1.068281128425026 ], [ -79.589873930246711, -1.068310229957813 ], [ -79.589840578274689, -1.068344312411185 ], [ -79.589822866247644, -1.068367277322881 ], [ -79.589806568316916, -1.068441977572648 ], [ -79.589815880671125, -1.068513524071447 ], [ -79.589837962542475, -1.068563098274653 ], [ -79.589853941905844, -1.068595846841067 ], [ -79.589885904757878, -1.068652299451226 ], [ -79.589911936645251, -1.068709834664798 ], [ -79.589929070970939, -1.068771435804059 ], [ -79.589936327078775, -1.068820098706659 ], [ -79.589931632348566, -1.068868846531193 ], [ -79.589911126578372, -1.068909808755209 ], [ -79.589866902516235, -1.068942891277381 ], [ -79.589830415114506, -1.068956079418111 ], [ -79.589802737235246, -1.068961222002924 ], [ -79.58975637116481, -1.068962466802177 ], [ -79.589706952233357, -1.068958826145824 ], [ -79.589671283108515, -1.068951031364209 ], [ -79.589618813628675, -1.068937440319417 ], [ -79.589587189823462, -1.068925667816893 ], [ -79.589528704520106, -1.068902215458891 ], [ -79.58948513305964, -1.068883563594086 ], [ -79.589457373955454, -1.06886980308317 ], [ -79.589396913237266, -1.068843274673971 ], [ -79.589337530293136, -1.068817832106098 ], [ -79.589279044132141, -1.068796279098035 ], [ -79.589217681645351, -1.068776805000287 ], [ -79.58917806024759, -1.068766023697298 ], [ -79.589149399373369, -1.068759317497624 ], [ -79.589091086573077, -1.068751693134085 ], [ -79.589043556484313, -1.06874398331089 ], [ -79.589010940604823, -1.068740259973996 ], [ -79.588962510600012, -1.068735534426166 ], [ -79.588931871131479, -1.068732716454862 ], [ -79.588881462902449, -1.068731065128605 ], [ -79.588852799349169, -1.068730237865245 ], [ -79.588807330039955, -1.068735462658359 ], [ -79.588775788797491, -1.068739698995253 ], [ -79.588746133200829, -1.068746830450645 ], [ -79.588683041715697, -1.068775020173735 ], [ -79.588651583103342, -1.068795084458258 ], [ -79.588614277932933, -1.068828170147096 ], [ -79.58858577910199, -1.068860174566045 ], [ -79.588571122156139, -1.068883140867372 ], [ -79.588549539971567, -1.068920032525772 ], [ -79.588537845986494, -1.068947974683311 ], [ -79.588521294348482, -1.068987853359703 ], [ -79.588511578093275, -1.069013806637127 ], [ -79.588497993050268, -1.069050701993535 ], [ -79.588488276380971, -1.069077559722156 ], [ -79.588473701107645, -1.069118434208294 ], [ -79.58844537380115, -1.069168346849366 ], [ -79.588417865646335, -1.069195377232699 ], [ -79.588393237868502, -1.069211465079345 ], [ -79.588357738931521, -1.069224563202094 ], [ -79.588300493007807, -1.069241902181825 ], [ -79.588262031565364, -1.069249029548413 ], [ -79.588211621070371, -1.069252352684743 ], [ -79.588182058056233, -1.069253514786653 ], [ -79.58811188202813, -1.069250949833728 ], [ -79.588070281058194, -1.069246227424391 ], [ -79.588040630463482, -1.069242414999246 ], [ -79.588001097081829, -1.069235703752475 ], [ -79.587974412175754, -1.069230897803007 ], [ -79.587932814391309, -1.06921921111503 ], [ -79.58790307667114, -1.069209429266971 ], [ -79.587871366180295, -1.069190782878055 ], [ -79.587831662184669, -1.069164173612703 ], [ -79.587796000366467, -1.069140460464928 ], [ -79.587749460036406, -1.069129856830623 ], [ -79.587716843305259, -1.069128032824746 ], [ -79.587688178399119, -1.069130190235913 ], [ -79.58765753621698, -1.069133341628064 ], [ -79.587610180824484, -1.06913666617078 ], [ -79.587582505239766, -1.069136834245223 ], [ -79.587538027085756, -1.069136090086631 ], [ -79.587510352866147, -1.06913327347067 ], [ -79.587447098010486, -1.069125737228174 ], [ -79.587417361208196, -1.069113965585528 ], [ -79.587379631771881, -1.06909233171899 ], [ -79.587350886564948, -1.069073596258601 ], [ -79.587326997649285, -1.069045908976988 ], [ -79.587316862125704, -1.069006198859444 ], [ -79.587321553298381, -1.068965319821343 ], [ -79.587327319511928, -1.068931496003083 ], [ -79.587340822888706, -1.06887669249094 ], [ -79.587351443571464, -1.06883789643623 ], [ -79.587368901992932, -1.068780019618627 ], [ -79.587384465676948, -1.068739145612706 ], [ -79.587411725122635, -1.068666440324355 ], [ -79.587431156268323, -1.068617518487633 ], [ -79.587462281809167, -1.068539750056319 ], [ -79.58747982548968, -1.068491912685479 ], [ -79.587491435483074, -1.068451127290359 ], [ -79.587498101646474, -1.068414228748835 ], [ -79.587498841394691, -1.06836846383843 ], [ -79.587492743448877, -1.068341689248096 ], [ -79.587486640628285, -1.068325587184891 ], [ -79.587494734439289, -1.068310667478407 ], [ -79.587515239751212, -1.068270700204603 ], [ -79.587533766382435, -1.068234802046834 ], [ -79.587551392640478, -1.068202883059051 ], [ -79.587571985079208, -1.068168885204205 ], [ -79.587592488074677, -1.068133982855556 ], [ -79.587616949749517, -1.068088048026965 ], [ -79.587642311753612, -1.068038224471393 ], [ -79.587658949597127, -1.068006305022738 ], [ -79.587672618574956, -1.067982343375319 ], [ -79.587695013114711, -1.067937402483627 ], [ -79.587708683453968, -1.067910456145191 ], [ -79.587734134399568, -1.06786262241982 ], [ -79.587750771331216, -1.067832692761501 ], [ -79.587767318902152, -1.067801677719246 ], [ -79.587791779163581, -1.067758818017471 ], [ -79.587806437456081, -1.067732867030145 ], [ -79.587843664088624, -1.067674908884761 ], [ -79.587866143893649, -1.067640007439632 ], [ -79.58788583277105, -1.067616953021844 ], [ -79.587915232850847, -1.0675789796383 ], [ -79.587934831830552, -1.067556015622797 ], [ -79.587964320856457, -1.067520032072317 ], [ -79.587984908699596, -1.067496073615569 ], [ -79.58802501115261, -1.067437121891793 ], [ -79.588045520938806, -1.067387296074132 ], [ -79.588056143442671, -1.067344429965395 ], [ -79.588057783077915, -1.067295680767881 ], [ -79.588055641067342, -1.067263843072545 ], [ -79.58804748368884, -1.067221149175255 ], [ -79.588037432084548, -1.067194372755571 ], [ -79.588014365913395, -1.067135844062514 ], [ -79.587990309516698, -1.067081294500979 ], [ -79.587962300839862, -1.067023758423232 ], [ -79.587940302086167, -1.066989017309079 ], [ -79.587923419609169, -1.066966307768352 ], [ -79.587905458907869, -1.066943507284515 ], [ -79.587886511116366, -1.06691781209912 ], [ -79.587856696257248, -1.066880173129707 ], [ -79.58783379527928, -1.066853481221705 ], [ -79.587799937832401, -1.066813850591879 ], [ -79.58777506094232, -1.066785167978022 ], [ -79.587736262765986, -1.066742640821405 ], [ -79.587711385876872, -1.066713958208575 ], [ -79.587673576565749, -1.066670436613441 ], [ -79.587647710360287, -1.066643743338354 ], [ -79.587607024315233, -1.066603205106358 ], [ -79.587574151653925, -1.066571534111204 ], [ -79.587545410488175, -1.066543935057694 ], [ -79.587501583134298, -1.066495436202202 ], [ -79.587475721014357, -1.066459788860256 ], [ -79.58745372267876, -1.066424143303733 ], [ -79.587429669956748, -1.066361544140472 ], [ -79.587417559348097, -1.066317943978367 ], [ -79.587407256362184, -1.066251281135519 ], [ -79.587402065115498, -1.066206598828233 ], [ -79.587400658268393, -1.066138945198074 ], [ -79.587403374338933, -1.066094176097747 ], [ -79.587413828405161, -1.066026527944832 ], [ -79.587422473612406, -1.065984655827124 ], [ -79.587443797955572, -1.065921896731009 ], [ -79.587465294794427, -1.065874965616839 ], [ -79.587474916826338, -1.065858509039525 ], [ -79.58745947966284, -1.065819067820965 ], [ -79.587444220973637, -1.065782340040117 ], [ -79.587431834690506, -1.065752125637447 ], [ -79.58741756313313, -1.065718202113062 ], [ -79.587405091692432, -1.06567767692325 ], [ -79.587392621570118, -1.065634257489272 ], [ -79.587385806322175, -1.065604045659514 ], [ -79.587376213303088, -1.065556828857552 ], [ -79.587366527832017, -1.065515310058333 ], [ -79.587356759427337, -1.065458596434316 ], [ -79.587347082113126, -1.065399169498 ], [ -79.587338302115882, -1.065342456331033 ], [ -79.587331322191915, -1.065279231943744 ], [ -79.587331072894301, -1.065234732810611 ], [ -79.587330906530624, -1.06520542850241 ], [ -79.587325895678077, -1.065159208714084 ], [ -79.587322855217693, -1.065127099279847 ], [ -79.587315058887697, -1.065080787761393 ], [ -79.587304395339658, -1.06501656677907 ], [ -79.587292825040379, -1.064970343965256 ], [ -79.587286099230141, -1.064941036631248 ], [ -79.587267799206828, -1.064874098772528 ], [ -79.587242124163438, -1.064822261853483 ], [ -79.587212848892221, -1.06478362826708 ], [ -79.587179793188767, -1.064759283271602 ], [ -79.587155268599574, -1.064746247855991 ], [ -79.587112952645526, -1.06473320423289 ], [ -79.587082853564567, -1.064727763638268 ], [ -79.587046195494608, -1.06472132512091 ], [ -79.587003965486048, -1.064716873825905 ], [ -79.586956072407034, -1.064717213510377 ], [ -79.58691195243081, -1.06471936383779 ], [ -79.586867831178523, -1.06472431796325 ], [ -79.586839704223692, -1.064729189022807 ], [ -79.586802142414314, -1.064734146173606 ], [ -79.586747686849193, -1.064741175766376 ], [ -79.58670553941019, -1.064752733294366 ], [ -79.586676876373105, -1.06475091116448 ], [ -79.586637341249585, -1.064748179565707 ], [ -79.586607691163977, -1.064743372290459 ], [ -79.586557198178738, -1.064730777114816 ], [ -79.586523596271491, -1.064721988429754 ], [ -79.586469151012722, -1.064706406740434 ], [ -79.586432494890417, -1.064695717297864 ], [ -79.586381017127138, -1.064675162496078 ], [ -79.586352269678258, -1.064661401569477 ], [ -79.586325499500717, -1.064646646659241 ], [ -79.586301695456498, -1.064629903325492 ], [ -79.586272863139214, -1.064605198500786 ], [ -79.586254002993712, -1.064584387419014 ], [ -79.586229037176253, -1.064553715001811 ], [ -79.586213143617073, -1.064529920600973 ], [ -79.586194112784398, -1.064489301961112 ], [ -79.586178131636018, -1.064460533039187 ], [ -79.586147238045427, -1.064423978955629 ], [ -79.586123435858042, -1.064403165594907 ], [ -79.586085707825305, -1.064378547112881 ], [ -79.586060014557177, -1.06436677739089 ], [ -79.585994610550273, -1.064343321922759 ], [ -79.585962982753415, -1.064340503527367 ], [ -79.58592937537945, -1.064343744040037 ], [ -79.585878150924174, -1.064358915174405 ], [ -79.585849570504408, -1.064373011418244 ], [ -79.585812176969711, -1.064403112375964 ], [ -79.585792578949807, -1.064424086592227 ], [ -79.58576910713667, -1.064467037178503 ], [ -79.585758397580264, -1.0645038433891 ], [ -79.585744981894791, -1.064563621404533 ], [ -79.585737237067363, -1.064601514324215 ], [ -79.58572184365471, -1.064663281217305 ], [ -79.585706363558771, -1.064718083797104 ], [ -79.585690716447687, -1.064745029209772 ], [ -79.585649367910023, -1.064778113018942 ], [ -79.585595091996794, -1.064785323559775 ], [ -79.585541635625944, -1.064768747419466 ], [ -79.585491062336956, -1.064735259379347 ], [ -79.585464207306842, -1.064709560571647 ], [ -79.585445346678924, -1.064689834832155 ], [ -79.585399630609956, -1.064645314736691 ], [ -79.585353911367775, -1.064607758912145 ], [ -79.585316270034056, -1.064590104736736 ], [ -79.585273686659562, -1.064572448278938 ], [ -79.585234968878282, -1.064550814023176 ], [ -79.58520021198764, -1.064513263263738 ], [ -79.585182253585458, -1.064485488331499 ], [ -79.585162149045843, -1.064434920249685 ], [ -79.58515407608661, -1.064404165196206 ], [ -79.585151935885108, -1.064368347958583 ], [ -79.585175490297928, -1.064341315758797 ], [ -79.585221773606321, -1.064324152567067 ], [ -79.585258259060467, -1.064314944016693 ], [ -79.585284949339623, -1.064307811179617 ], [ -79.58534507085929, -1.064289569033081 ], [ -79.585373738862259, -1.064280447315961 ], [ -79.585415078317297, -1.064267261419782 ], [ -79.585452554901337, -1.064252083947343 ], [ -79.585484101447733, -1.064235999285508 ], [ -79.585511694360818, -1.06421991279782 ], [ -79.585550073989722, -1.064194877224888 ], [ -79.585599239963287, -1.064161706571155 ], [ -79.585654426695029, -1.064127543798004 ], [ -79.585689840644733, -1.064103501747508 ], [ -79.585713390974689, -1.064085423597148 ], [ -79.585761574841172, -1.064038414382904 ], [ -79.585791965048713, -1.063996461880859 ], [ -79.585809500962213, -1.063965447303341 ], [ -79.585825236556204, -1.063941486612403 ], [ -79.585841869796738, -1.063919516127448 ], [ -79.585854551668717, -1.063892569338424 ], [ -79.585872094334363, -1.063846721765243 ], [ -79.585899349978575, -1.063781975645422 ], [ -79.585913019803598, -1.063756024206586 ], [ -79.585923723950216, -1.063731066295529 ], [ -79.585934430814092, -1.063700139008532 ], [ -79.585953950290971, -1.063654292343553 ], [ -79.58597634830646, -1.063601482732077 ], [ -79.5859919132415, -1.063557624033735 ], [ -79.586004508422008, -1.063523712927021 ], [ -79.586020892014702, -1.063457966888749 ], [ -79.586031516262921, -1.063411121221547 ], [ -79.586035053672077, -1.063338495430158 ], [ -79.586034715077318, -1.063292730048904 ], [ -79.586026478228959, -1.063227153547449 ], [ -79.586015354692478, -1.063186448120423 ], [ -79.585993275559346, -1.063130904645548 ], [ -79.585978194768074, -1.06309815656459 ], [ -79.585965180648344, -1.06306540943669 ], [ -79.585956036642855, -1.063018735546755 ], [ -79.585955870964156, -1.062987893689212 ], [ -79.585966408515006, -1.062934083708098 ], [ -79.585979004095506, -1.062899268147448 ], [ -79.586003466538131, -1.062851343514903 ], [ -79.586022979204515, -1.062820420280512 ], [ -79.586068113378161, -1.062761470868349 ], [ -79.586105419733173, -1.062725400459685 ], [ -79.586132027385744, -1.062702349216147 ], [ -79.586153600838813, -1.062684360578727 ], [ -79.586177242361629, -1.062663297759748 ], [ -79.586206724930008, -1.062641242734955 ], [ -79.586251937190255, -1.062608160651509 ], [ -79.5862815096133, -1.062586105665965 ], [ -79.58632375890987, -1.062548047732747 ], [ -79.586348300793091, -1.062523005738862 ], [ -79.586373831536392, -1.062496969303369 ], [ -79.586415095588507, -1.062451946637358 ], [ -79.586444493273575, -1.062418947705984 ], [ -79.586493493017613, -1.06235602046333 ], [ -79.586520917049469, -1.062316056345126 ], [ -79.586549248223719, -1.062257189611294 ], [ -79.586559957279178, -1.062221378270598 ], [ -79.586560606610888, -1.062176608230096 ], [ -79.586538611465301, -1.0621339080024 ], [ -79.586509868954153, -1.062109293694649 ], [ -79.586485975094121, -1.062092459900447 ], [ -79.586446358739238, -1.062070825276237 ], [ -79.586422554242318, -1.062055076865032 ], [ -79.586364974026949, -1.062017606074251 ], [ -79.586316376628147, -1.061986108797856 ], [ -79.586281617887238, -1.061952537655534 ], [ -79.586248750669611, -1.061908927976553 ], [ -79.586219835275799, -1.06186929970294 ], [ -79.586190838123144, -1.061811853704553 ], [ -79.58616875990748, -1.061754230002176 ], [ -79.586163564986791, -1.061717506894059 ], [ -79.586165379720597, -1.061678706775108 ], [ -79.586191398592902, -1.061567109478597 ], [ -79.586210281178978, -1.061538537512439 ], [ -79.586227551217817, -1.061499292279699 ], [ -79.586240233502693, -1.061471350574771 ], [ -79.586265512693288, -1.061405608606556 ], [ -79.586280002925704, -1.061353790220799 ], [ -79.586282802445069, -1.061322949723099 ], [ -79.586275633001392, -1.061281160779045 ], [ -79.586266569327236, -1.061255379749823 ], [ -79.586241605751525, -1.061219732887485 ], [ -79.586222745145122, -1.061199916729135 ], [ -79.586182052795749, -1.061173307142759 ], [ -79.586130574615311, -1.061153747313221 ], [ -79.586092030209855, -1.061146041744257 ], [ -79.58602868477486, -1.061140495446294 ], [ -79.585985195622698, -1.061138756978528 ], [ -79.585918973057275, -1.061137098494429 ], [ -79.58587557236585, -1.061138435199477 ], [ -79.585797486161525, -1.061142831075264 ], [ -79.58574707721678, -1.061143169657039 ], [ -79.585716526359136, -1.061143336487056 ], [ -79.585672049257539, -1.061140602664288 ], [ -79.585641408504614, -1.061140859897322 ], [ -79.585591986655885, -1.061144093173839 ], [ -79.585557390918552, -1.061147333273626 ], [ -79.585498172100088, -1.061156621859981 ], [ -79.585460698285061, -1.061165830009351 ], [ -79.5854083956484, -1.061181000707337 ], [ -79.585381795259721, -1.061188133623593 ], [ -79.58532842426591, -1.061181506562482 ], [ -79.585293660575275, -1.061158879287851 ], [ -79.585260792927087, -1.061116264523737 ], [ -79.585231882072648, -1.061066687310963 ], [ -79.58520584699572, -1.061016206972185 ], [ -79.585185744251987, -1.060961568891555 ], [ -79.585178572971714, -1.060923849993462 ], [ -79.585177334434761, -1.060881068902071 ], [ -79.585180133957067, -1.060850228419458 ], [ -79.585193635326775, -1.060799404500283 ], [ -79.585209287344597, -1.060761515216368 ], [ -79.58523176700028, -1.060726613761543 ], [ -79.585251370426377, -1.060693610328977 ], [ -79.585282660448783, -1.060648673522723 ], [ -79.585298307492749, -1.06062172808841 ], [ -79.585308849918263, -1.060557064705696 ], [ -79.585289733312138, -1.060507401560339 ], [ -79.585264772463475, -1.060465785339036 ], [ -79.585240883552359, -1.060438098153831 ], [ -79.585213043724281, -1.060404439776111 ], [ -79.585198052324742, -1.060372686656671 ], [ -79.585186929215297, -1.060330986358652 ], [ -79.585184701808927, -1.060289199708227 ], [ -79.585200264864199, -1.060249320588279 ], [ -79.585222828040074, -1.060228347709126 ], [ -79.585259400575111, -1.060225108509056 ], [ -79.585293992190657, -1.060230912905461 ], [ -79.585325706223799, -1.060241600012543 ], [ -79.585359395675496, -1.06025536316106 ], [ -79.585406018485003, -1.06028188501545 ], [ -79.585458567673399, -1.060317363659757 ], [ -79.585505274880248, -1.060355914750798 ], [ -79.585548927915312, -1.060392474645891 ], [ -79.585573719449442, -1.06041120818296 ], [ -79.585608480886947, -1.060438809925117 ], [ -79.585636325692178, -1.060461524451226 ], [ -79.585659141316683, -1.060478267288101 ], [ -79.585685910118755, -1.06049600683947 ], [ -79.585712681631236, -1.060507777015814 ], [ -79.585739364192293, -1.060517557359102 ], [ -79.585771079548579, -1.060525350224972 ], [ -79.585812589164078, -1.060533057150331 ], [ -79.585856165450338, -1.060540765025909 ], [ -79.585917444199637, -1.060546310360112 ], [ -79.585947009807853, -1.060539178793807 ], [ -79.585979543799411, -1.060525084318802 ], [ -79.586004173241548, -1.060505016830849 ], [ -79.58603464462702, -1.060481967339973 ], [ -79.586056218950318, -1.060461988890953 ], [ -79.58609460260179, -1.060427908732759 ], [ -79.586126064651054, -1.060399885213248 ], [ -79.586156449340152, -1.060369871404802 ], [ -79.586202570469666, -1.060313907081032 ], [ -79.586226129771788, -1.060275930961752 ], [ -79.586252392854021, -1.060220047950719 ], [ -79.586262112111896, -1.060187220839755 ], [ -79.586266802226135, -1.060148331593962 ], [ -79.586260536239891, -1.060095689654411 ], [ -79.586239445907125, -1.060039151762056 ], [ -79.586216548131475, -1.060005405209659 ], [ -79.586194722259634, -1.05998567814352 ], [ -79.586160948763776, -1.059959071758011 ], [ -79.586135167007427, -1.059944317355706 ], [ -79.586074709185098, -1.059911819775089 ], [ -79.586019192047075, -1.059882309154265 ], [ -79.585995301765124, -1.059857606659777 ], [ -79.585974294070255, -1.059816987151275 ], [ -79.585974865692307, -1.059745354887972 ], [ -79.585992322909334, -1.059689558277714 ], [ -79.58601291381737, -1.059658545066537 ], [ -79.586032511313661, -1.059638565701746 ], [ -79.586085633942119, -1.059598432479466 ], [ -79.586142793286626, -1.059573224552911 ], [ -79.586182244801762, -1.0595620274825 ], [ -79.586210910044102, -1.059558875071752 ], [ -79.586240563242811, -1.059556718010832 ], [ -79.586269227583628, -1.059555555391632 ], [ -79.586317569803214, -1.059555306262325 ], [ -79.586349198956498, -1.059555049455417 ], [ -79.586421351986402, -1.059556620163967 ], [ -79.586487576830038, -1.059553213666101 ], [ -79.586543828608328, -1.059547903238569 ], [ -79.586569441483391, -1.059538780043263 ], [ -79.586596049038192, -1.059515819198967 ], [ -79.58660271504948, -1.059478920645819 ], [ -79.586596619734991, -1.059446176708552 ], [ -79.586572558749097, -1.05940157620935 ], [ -79.586545793990965, -1.059374882605317 ], [ -79.586524866706029, -1.059355065512081 ], [ -79.586488128882422, -1.059326467981507 ], [ -79.586464326190978, -1.059306740013583 ], [ -79.586426603118056, -1.05927117775664 ], [ -79.586404690133023, -1.059245390833612 ], [ -79.586371820143654, -1.059207841013541 ], [ -79.586354848293013, -1.059184046152877 ], [ -79.586322887677497, -1.059122619239127 ], [ -79.586300893404953, -1.059077929250138 ], [ -79.586277825337646, -1.059023380250661 ], [ -79.586255746578743, -1.058966841913638 ], [ -79.586237624643914, -1.058903250674754 ], [ -79.586227490803068, -1.058859561029955 ], [ -79.586222292685463, -1.05882980219955 ], [ -79.586218091579966, -1.058781050352025 ], [ -79.586216937886803, -1.058749213140676 ], [ -79.586219485833439, -1.058678576672489 ], [ -79.586228044609669, -1.058628835785389 ], [ -79.586252419328105, -1.05857593657731 ], [ -79.58629071483638, -1.058537967201326 ], [ -79.586339965546657, -1.058515740302215 ], [ -79.586389390068859, -1.05850653757921 ], [ -79.586442676602928, -1.058501225767566 ], [ -79.586474304354482, -1.058504044078664 ], [ -79.586514913159618, -1.058516725029474 ], [ -79.586567463284041, -1.058550213839569 ], [ -79.586613179910927, -1.058593648479686 ], [ -79.586637067504498, -1.058624320340767 ], [ -79.586654038460878, -1.058650104991316 ], [ -79.586678012305583, -1.05868873606483 ], [ -79.58669300509635, -1.058717504497913 ], [ -79.586714011917664, -1.058760113797045 ], [ -79.586728016301336, -1.05878888177731 ], [ -79.586746060113285, -1.058826605680269 ], [ -79.586759976444199, -1.05885139403459 ], [ -79.586788974110291, -1.058907845109301 ], [ -79.586811056449179, -1.058956514729328 ], [ -79.586824071073622, -1.058988266946967 ], [ -79.58684408813555, -1.059033860485494 ], [ -79.586857105463849, -1.059059643325649 ], [ -79.586888081706206, -1.05911220617123 ], [ -79.586921852965929, -1.059143787026875 ], [ -79.586962460433568, -1.059159452674701 ], [ -79.586990048319336, -1.059154309962891 ], [ -79.587014673687221, -1.059143196511211 ], [ -79.587057096737695, -1.0591180722284 ], [ -79.587102308453922, -1.059085984946958 ], [ -79.587142666185642, -1.059057875023124 ], [ -79.587185989589742, -1.059028771561808 ], [ -79.587226346419683, -1.059002651427901 ], [ -79.587272632792818, -1.058978523806445 ], [ -79.587323859851637, -1.058957383140237 ], [ -79.587378140227386, -1.058940133014937 ], [ -79.587416604241568, -1.058926945665195 ], [ -79.587470794312594, -1.058910690392281 ], [ -79.587504403852236, -1.058902565743217 ], [ -79.587556704262227, -1.058892278982145 ], [ -79.587590222637232, -1.058887048535278 ], [ -79.587659325567415, -1.058877673929682 ], [ -79.587699851710155, -1.058874526934077 ], [ -79.587728516102885, -1.058873273846914 ], [ -79.587774883778565, -1.058868049289866 ], [ -79.587814422907257, -1.058861826703652 ], [ -79.587896290730853, -1.058840428734873 ], [ -79.58795937917877, -1.058818208145618 ], [ -79.587999821814151, -1.058801042102106 ], [ -79.588049975118423, -1.058769951949974 ], [ -79.588076495101745, -1.058741926098312 ], [ -79.588103834584714, -1.058690023090616 ], [ -79.588115361302641, -1.058634223690174 ], [ -79.588117175060574, -1.058597413327929 ], [ -79.588108932190991, -1.058544770447609 ], [ -79.588098794259835, -1.058510034847228 ], [ -79.58807185965874, -1.058461453434848 ], [ -79.588048959992889, -1.058431776917355 ], [ -79.588011148368111, -1.058393229937719 ], [ -79.587983393370536, -1.058370515475568 ], [ -79.587954647715833, -1.058352775044974 ], [ -79.587925900711625, -1.058338019305083 ], [ -79.587880264035022, -1.058316381990764 ], [ -79.587851604637237, -1.058306600776303 ], [ -79.587808030541552, -1.058294008925617 ], [ -79.587780268347046, -1.058287212813216 ], [ -79.587716026653112, -1.05827660128359 ], [ -79.587658698861929, -1.058276936788432 ], [ -79.587604334943848, -1.058280258341449 ], [ -79.587549070224199, -1.058288553964845 ], [ -79.587501897057606, -1.05828672343719 ], [ -79.587478811348632, -1.05827106584028 ], [ -79.587470739193549, -1.058238320989093 ], [ -79.58746258303448, -1.058192642440597 ], [ -79.587454253465694, -1.058133035257125 ], [ -79.587451126086805, -1.058094232846863 ], [ -79.587449800311902, -1.058045482294029 ], [ -79.587448479445456, -1.057985878323397 ], [ -79.58744805717042, -1.057926184319428 ], [ -79.587448711356288, -1.057870470396135 ], [ -79.587446567880846, -1.05784161740551 ], [ -79.587448294927682, -1.057797842735881 ], [ -79.587450108229376, -1.057762027280443 ], [ -79.587453807139738, -1.057729197379409 ], [ -79.587454095315181, -1.057688044960158 ], [ -79.587443143820536, -1.057664071973212 ], [ -79.587416652286393, -1.057629238446774 ], [ -79.587396084405682, -1.057609421532242 ], [ -79.587356740022955, -1.057582450847504 ], [ -79.587328262678597, -1.057567514348591 ], [ -79.587285050475927, -1.057549495963379 ], [ -79.58725746988506, -1.057538539462552 ], [ -79.587189544852635, -1.057526388689885 ], [ -79.5871295203697, -1.057529074541878 ], [ -79.587085218211456, -1.057536922970569 ], [ -79.587055562487379, -1.057544687664693 ], [ -79.58702509892602, -1.05755055263995 ], [ -79.586994543300733, -1.057561301610674 ], [ -79.586969826870543, -1.057575128391798 ], [ -79.586931356831272, -1.057601701635055 ], [ -79.586903672480162, -1.057621496434289 ], [ -79.586862235419602, -1.05765204790163 ], [ -79.586828617558311, -1.057678623365079 ], [ -79.586804977138954, -1.057697425118663 ], [ -79.586767404749509, -1.057725988560495 ], [ -79.586742776823186, -1.057742800066861 ], [ -79.586679594402213, -1.057774246009918 ], [ -79.586628371189761, -1.057786975290091 ], [ -79.58658011995152, -1.057784782484473 ], [ -79.586547685432123, -1.057777712893074 ], [ -79.586501415470636, -1.057765662475698 ], [ -79.586467006799836, -1.057752713045412 ], [ -79.586418854835088, -1.057729717904411 ], [ -79.586372680585583, -1.057704733877699 ], [ -79.586325517889946, -1.057679839843181 ], [ -79.58627934499404, -1.057651871128674 ], [ -79.586233173859654, -1.057620013275244 ], [ -79.586194911779842, -1.057584179463721 ], [ -79.586171383691905, -1.057553326890269 ], [ -79.586150827495459, -1.057507733125872 ], [ -79.586145094735244, -1.057468025091179 ], [ -79.58615310931846, -1.057429408700917 ], [ -79.586174417671913, -1.057401380483709 ], [ -79.586203541743402, -1.057377064098713 ], [ -79.58622431035127, -1.057350392309405 ], [ -79.586242213006145, -1.057302916828031 ], [ -79.586249237419409, -1.0572681891216 ], [ -79.586249349656498, -1.05721871569201 ], [ -79.58624262488344, -1.057186966372372 ], [ -79.586224044634136, -1.05714327286336 ], [ -79.586205457224807, -1.057115407247506 ], [ -79.58616620759706, -1.057077673644236 ], [ -79.586132793234327, -1.057051700581267 ], [ -79.586078806510102, -1.057015859572492 ], [ -79.586038471014348, -1.056994948264639 ], [ -79.585991304771781, -1.056977922966015 ], [ -79.585939196090379, -1.056961799853144 ], [ -79.585890056147946, -1.056937899821646 ], [ -79.585866434156699, -1.056916001278843 ], [ -79.585845866789285, -1.056895099032523 ], [ -79.585824315516703, -1.05686424737402 ], [ -79.585802761953119, -1.056838460640651 ], [ -79.585778239611969, -1.056820541270877 ], [ -79.585751648394535, -1.056807504988507 ], [ -79.585723168829418, -1.056797542974131 ], [ -79.585672946173119, -1.056783500964368 ], [ -79.585635570996089, -1.056773444427435 ], [ -79.585608078079474, -1.056767372004269 ], [ -79.585560816634398, -1.056762194970549 ], [ -79.585525324815606, -1.056760098464552 ], [ -79.585468266917459, -1.056759891419132 ], [ -79.585411119165641, -1.05675968433149 ], [ -79.585374728348313, -1.056758582307759 ], [ -79.585320545816472, -1.056758376577828 ], [ -79.58528613271271, -1.056755285667968 ], [ -79.585232940389687, -1.056751100807007 ], [ -79.585197643061562, -1.05671635371306 ], [ -79.585187964743085, -1.056658826205236 ], [ -79.585200924949518, -1.056612252930698 ], [ -79.585212889096596, -1.056582592428995 ], [ -79.585237709679163, -1.056537109931009 ], [ -79.585255514445265, -1.056507361660356 ], [ -79.585288156426344, -1.056453019127011 ], [ -79.585321880716577, -1.056389723024382 ], [ -79.585342748570397, -1.056342248917943 ], [ -79.585369559415412, -1.056267010892153 ], [ -79.585379645598408, -1.056217451606111 ], [ -79.58537798272998, -1.056119317924588 ], [ -79.585352675912148, -1.056047854711841 ], [ -79.585328256438714, -1.05600117386029 ], [ -79.585278234122597, -1.055941547633545 ], [ -79.585240960020101, -1.055906709200977 ], [ -79.585191826851386, -1.055867885752824 ], [ -79.585163354946886, -1.055841010520983 ], [ -79.585140808977528, -1.055824086962833 ], [ -79.585096616939779, -1.055787255571742 ], [ -79.585066166876672, -1.055763364122393 ], [ -79.585009215425728, -1.055726526887432 ], [ -79.584958002185189, -1.055717368473642 ], [ -79.584927442557685, -1.055737071498719 ], [ -79.58490766459353, -1.055758859699204 ], [ -79.584884913846267, -1.05579737887476 ], [ -79.58486899338962, -1.055833006936854 ], [ -79.584856027390302, -1.055892423404747 ], [ -79.584849897530816, -1.055936015117962 ], [ -79.584843758261115, -1.056000409191851 ], [ -79.584839598909667, -1.056057930347753 ], [ -79.58483365325722, -1.056091573187327 ], [ -79.584814662911128, -1.056159940952775 ], [ -79.584796764776556, -1.056197467450654 ], [ -79.584771051011913, -1.056231101227416 ], [ -79.584735543537917, -1.05626364517274 ], [ -79.584704894497165, -1.056282353249735 ], [ -79.584680268854484, -1.056294190262903 ], [ -79.58464180557651, -1.056305930486323 ], [ -79.584613228563299, -1.056312791208608 ], [ -79.584568927860047, -1.05631756448477 ], [ -79.584539365593756, -1.056317460485075 ], [ -79.584497045713888, -1.056313371053053 ], [ -79.584435054377749, -1.056294258722081 ], [ -79.584409540051581, -1.056284298067234 ], [ -79.584381063661766, -1.056267371785438 ], [ -79.584336775080075, -1.056245373330529 ], [ -79.584308298691624, -1.056228447049089 ], [ -79.5842670651828, -1.056206449995497 ], [ -79.584240472599106, -1.056196488846508 ], [ -79.584179467426495, -1.056182351445062 ], [ -79.584128249247698, -1.056184136858049 ], [ -79.584081969493113, -1.056193883698111 ], [ -79.584054379541087, -1.056203729553771 ], [ -79.584008005919969, -1.056222339962242 ], [ -79.583952822904763, -1.056248905491381 ], [ -79.583908424702074, -1.056270591933714 ], [ -79.583866002449696, -1.056294178626559 ], [ -79.583812705939266, -1.056321739910522 ], [ -79.583769296141696, -1.056343426801564 ], [ -79.583732807432199, -1.056360142390321 ], [ -79.583666752002628, -1.056386612474459 ], [ -79.583614538667831, -1.056403320845313 ], [ -79.58352575041566, -1.056428695152285 ], [ -79.583458800452902, -1.056446301205956 ], [ -79.583390774033944, -1.05645992718273 ], [ -79.583300104199026, -1.056473452319254 ], [ -79.583262723211192, -1.056476329401801 ], [ -79.583233159157317, -1.056480204966922 ], [ -79.583202608051067, -1.056481095393509 ], [ -79.583150494042968, -1.056476911001675 ], [ -79.583108173737799, -1.056473816444926 ], [ -79.583046177487077, -1.056465647935446 ], [ -79.583012666578526, -1.056454598262313 ], [ -79.582972422817306, -1.056429707414355 ], [ -79.582945923713069, -1.056411787140884 ], [ -79.58291251389042, -1.056375955586976 ], [ -79.582890959966292, -1.056351073320066 ], [ -79.582853785661285, -1.056294437691925 ], [ -79.582833229116758, -1.056249748431637 ], [ -79.582821560551125, -1.056221976464332 ], [ -79.58280791968356, -1.05618425464344 ], [ -79.582797252552325, -1.056127721630827 ], [ -79.582784698015288, -1.05607218264724 ], [ -79.582761177607978, -1.056024507344955 ], [ -79.582723906237618, -1.055983789996077 ], [ -79.58267683891647, -1.055946957286342 ], [ -79.582631655887667, -1.055916004365869 ], [ -79.582596263403204, -1.055893105542468 ], [ -79.582570752259613, -1.055876180623009 ], [ -79.582538324989756, -1.055853283161031 ], [ -79.58251479200797, -1.055833374465688 ], [ -79.582480391986749, -1.055801522046483 ], [ -79.582446084525287, -1.055763700302131 ], [ -79.582423543062959, -1.055736918245023 ], [ -79.582396065028419, -1.055698104741574 ], [ -79.582380442847281, -1.055670330966161 ], [ -79.582367793089233, -1.05562664024056 ], [ -79.582357116534254, -1.05559090957814 ], [ -79.582348428871981, -1.055528498562979 ], [ -79.5823466537706, -1.055479928800324 ], [ -79.582347844781907, -1.055429370609389 ], [ -79.582351013952021, -1.055375828642031 ], [ -79.582362102886265, -1.055294614147429 ], [ -79.582372100085024, -1.055243155546174 ], [ -79.582386149312185, -1.055172795804395 ], [ -79.582394789429728, -1.055141777142834 ], [ -79.58239712954763, -1.055133185944036 ], [ -79.582402283133774, -1.055062822120581 ], [ -79.5824053511801, -1.055034152471933 ], [ -79.582414352352615, -1.05499951617626 ], [ -79.582426316976239, -1.054968770373137 ], [ -79.582432349783005, -1.054941096978372 ], [ -79.582436317318184, -1.054910347507277 ], [ -79.582437501110832, -1.054875707625708 ], [ -79.582442550055944, -1.05483799438741 ], [ -79.582452448423027, -1.054806343185751 ], [ -79.582468366618372, -1.054775689638704 ], [ -79.582486173567133, -1.05474105737825 ], [ -79.582502988509475, -1.054714383820139 ], [ -79.582523848723085, -1.054683732537209 ], [ -79.582541654769429, -1.054651090063949 ], [ -79.582555504989202, -1.054623329805404 ], [ -79.582580330888561, -1.054565999069891 ], [ -79.582600206746037, -1.054526393279929 ], [ -79.582613068518697, -1.054498723011566 ], [ -79.582632946624756, -1.054454142747338 ], [ -79.582646888005172, -1.054423488288452 ], [ -79.582663802206284, -1.054376012424963 ], [ -79.58267666622632, -1.054343367681728 ], [ -79.582701494856309, -1.054279977126489 ], [ -79.582716432695335, -1.054231505460076 ], [ -79.582725432542546, -1.054199763394378 ], [ -79.582735427009879, -1.054154274146458 ], [ -79.582738495082452, -1.054125514047006 ], [ -79.582736726203379, -1.054063106197202 ], [ -79.582715275582856, -1.054008467599911 ], [ -79.582666232802282, -1.05396864934078 ], [ -79.582629850566548, -1.053948734778036 ], [ -79.582603347912325, -1.053938683244179 ], [ -79.582563008504991, -1.05392663558196 ], [ -79.582508831895638, -1.053913586685695 ], [ -79.582469479544656, -1.053904524159532 ], [ -79.58244297554333, -1.05389745730899 ], [ -79.582403623643685, -1.053887399888046 ], [ -79.582378019051077, -1.053878434105035 ], [ -79.582337678749226, -1.053868376231021 ], [ -79.582307221135224, -1.053861307568734 ], [ -79.582263917423731, -1.053847268758118 ], [ -79.582234450014312, -1.053836220970852 ], [ -79.582191147613557, -1.053819287921902 ], [ -79.582163657012657, -1.053808241040414 ], [ -79.582123318965543, -1.053793208693955 ], [ -79.58209681492869, -1.053786232287743 ], [ -79.582030773482884, -1.0537820415583 ], [ -79.582005160878353, -1.05379080298254 ], [ -79.581944045743725, -1.053821345370907 ], [ -79.581894605931694, -1.053864736290397 ], [ -79.581866909154144, -1.053912207195677 ], [ -79.581858895950418, -1.053947838833315 ], [ -79.581856816726926, -1.053975604479963 ], [ -79.581854729892072, -1.054020192883795 ], [ -79.581854534468931, -1.054054923655007 ], [ -79.581855318977816, -1.054108376980074 ], [ -79.581853235250591, -1.054146091568939 ], [ -79.581845213980046, -1.054199540856797 ], [ -79.581837201180306, -1.054234268043678 ], [ -79.581827212964342, -1.054265919196277 ], [ -79.581806346946152, -1.054309413649017 ], [ -79.581791509676606, -1.054334188761236 ], [ -79.581752941837294, -1.054378579544313 ], [ -79.58171645318599, -1.054395295125964 ], [ -79.581671162360223, -1.054404047514896 ], [ -79.581627851904059, -1.054404932101217 ], [ -79.581597305343337, -1.054395873597578 ], [ -79.581568824994704, -1.054387810935844 ], [ -79.581538368699327, -1.054377848024111 ], [ -79.581492100692031, -1.054361818049559 ], [ -79.581464611000513, -1.054348781370632 ], [ -79.58141933360973, -1.054327867824058 ], [ -79.581387891206631, -1.054312839543825 ], [ -79.5813427045737, -1.054289936250712 ], [ -79.581314227382265, -1.05427490933078 ], [ -79.581268053248948, -1.054250015796724 ], [ -79.581238497800712, -1.054234988382507 ], [ -79.581190347763922, -1.054208104154288 ], [ -79.581157916962184, -1.054193075421481 ], [ -79.581107791472675, -1.054163205605332 ], [ -79.581079316537668, -1.054143204216788 ], [ -79.581029287620893, -1.054098501479287 ], [ -79.581000909707825, -1.05406267227563 ], [ -79.580991127650918, -1.054035896093625 ], [ -79.580982431508417, -1.053992207210636 ], [ -79.580982534342226, -1.053963536219519 ], [ -79.580994503867728, -1.053921937047807 ], [ -79.581023182787845, -1.053888304691229 ], [ -79.581046821280964, -1.053873573010044 ], [ -79.581088250580223, -1.053859844380805 ], [ -79.5811197909361, -1.053856964606495 ], [ -79.581166064292319, -1.053861146291468 ], [ -79.58119652328034, -1.053865139834682 ], [ -79.581244771193496, -1.05387429689511 ], [ -79.581280171257504, -1.05388037293674 ], [ -79.58131170801424, -1.053885452312598 ], [ -79.581344144670609, -1.053887547418184 ], [ -79.581394373486916, -1.053887660892377 ], [ -79.581426903109801, -1.053882882224899 ], [ -79.581475161832927, -1.053868161825089 ], [ -79.581505717801051, -1.053856417991417 ], [ -79.581548140010923, -1.053832740864956 ], [ -79.581575822874626, -1.053816021241069 ], [ -79.581612320024419, -1.053780493109104 ], [ -79.581634077418443, -1.053752826929696 ], [ -79.58166581766028, -1.053705357882514 ], [ -79.581682635736371, -1.053671720071437 ], [ -79.581705482145608, -1.053620267368355 ], [ -79.5817154712514, -1.053586626426514 ], [ -79.581720517480917, -1.053554882563234 ], [ -79.581715785197787, -1.053488493805272 ], [ -79.58169235553892, -1.053438828795463 ], [ -79.58166101370503, -1.053400103999393 ], [ -79.581623646280391, -1.05337313428563 ], [ -79.581577468133702, -1.053357104373048 ], [ -79.581545930477191, -1.053354014794778 ], [ -79.581514389221638, -1.053358884369067 ], [ -79.581472060927865, -1.053373607497981 ], [ -79.581415800226637, -1.053399177633172 ], [ -79.581361513631734, -1.053430718036238 ], [ -79.581328974605412, -1.053456299038815 ], [ -79.581305243070375, -1.05347808539008 ], [ -79.581269639977535, -1.053523562870334 ], [ -79.581242939713164, -1.053553126122724 ], [ -79.581200418696568, -1.053596610640238 ], [ -79.581171835039825, -1.053618304318537 ], [ -79.581124469964223, -1.053643878517206 ], [ -79.581090947893244, -1.053657610776349 ], [ -79.581060394142185, -1.053664470581843 ], [ -79.581032806951214, -1.053668347064736 ], [ -79.580995427836086, -1.053667244587178 ], [ -79.580936404966195, -1.053641259833562 ], [ -79.580902001827042, -1.053616371707843 ], [ -79.580881434529246, -1.053595469502606 ], [ -79.580853953813929, -1.05356262539943 ], [ -79.580838329841228, -1.053538831224196 ], [ -79.580831326364006, -1.053527341509476 ], [ -79.580806005930384, -1.053486177466244 ], [ -79.580793711906551, -1.053450626980394 ], [ -79.58078960064519, -1.053401875289814 ], [ -79.580806420969083, -1.053363263025079 ], [ -79.58082233779237, -1.05333559417957 ], [ -79.580844095177511, -1.053307928010938 ], [ -79.580864860149163, -1.053289124988045 ], [ -79.580901355031088, -1.053258571336158 ], [ -79.580928050869531, -1.053238776136302 ], [ -79.580972451623538, -1.05321121078767 ], [ -79.581001033471566, -1.053193496683489 ], [ -79.581041479754433, -1.053167828863083 ], [ -79.581069162604109, -1.053151109239338 ], [ -79.581108619542832, -1.053127521196361 ], [ -79.581132258066773, -1.05311269906118 ], [ -79.581174775018113, -1.05307816858241 ], [ -79.58121433170885, -1.05303269290951 ], [ -79.581235106493111, -1.052992183100793 ], [ -79.581237283620524, -1.052946599855363 ], [ -79.581214740409763, -1.052923706961646 ], [ -79.581178358659272, -1.052902797516852 ], [ -79.581134067028529, -1.052887763368532 ], [ -79.581091749096458, -1.052879603938358 ], [ -79.581055357942304, -1.052879496821041 ], [ -79.581010069404812, -1.052883274758291 ], [ -79.580965678475351, -1.052889133339046 ], [ -79.580896755469141, -1.052898779364597 ], [ -79.580841679961011, -1.05288663450993 ], [ -79.580797485801639, -1.052854777650887 ], [ -79.58076120332359, -1.052813065922805 ], [ -79.580727889653758, -1.052763396404171 ], [ -79.580699517547558, -1.05271472404475 ], [ -79.580676086554689, -1.052668043738081 ], [ -79.580662354929075, -1.052632311709471 ], [ -79.58064189409248, -1.052574688931607 ], [ -79.580631219287369, -1.052535069173552 ], [ -79.580617679025892, -1.052473560436741 ], [ -79.580607991763529, -1.05243584047479 ], [ -79.580599300059504, -1.052382293111407 ], [ -79.580596439509662, -1.052349550746738 ], [ -79.580590708513625, -1.052305953679164 ], [ -79.580568271277102, -1.052247425551158 ], [ -79.58052902183654, -1.052209601605682 ], [ -79.580482845975396, -1.052188597239356 ], [ -79.580416900269952, -1.052171563393104 ], [ -79.580375568513432, -1.052168378889625 ], [ -79.580346005890348, -1.052169269796951 ], [ -79.580302693282277, -1.05217503842938 ], [ -79.580273127511219, -1.052182893590887 ], [ -79.580232686657396, -1.052196622687531 ], [ -79.580205096791545, -1.052206468540559 ], [ -79.580166629184461, -1.052228067244502 ], [ -79.580141911971324, -1.05224388377475 ], [ -79.580106407321097, -1.05227045830279 ], [ -79.580083664212466, -1.052292245098394 ], [ -79.580050042461565, -1.052327774530255 ], [ -79.58002927439756, -1.052353451359202 ], [ -79.580009495635338, -1.052377138853596 ], [ -79.579977851996063, -1.052409774952735 ], [ -79.579957176485649, -1.052429482460223 ], [ -79.579920594434768, -1.05245415714494 ], [ -79.579894979613329, -1.05246789302556 ], [ -79.579834857869798, -1.052487582450386 ], [ -79.57979936442824, -1.05248937507833 ], [ -79.579768905962581, -1.05248429620379 ], [ -79.579697121520098, -1.052463280088525 ], [ -79.57964402866584, -1.052438292967472 ], [ -79.579617437557545, -1.05242525671738 ], [ -79.5795889590093, -1.052413304940453 ], [ -79.579546646475364, -1.052393297229136 ], [ -79.579518169728999, -1.052377365879357 ], [ -79.579477924305863, -1.052356364222552 ], [ -79.579449357255896, -1.052341427725103 ], [ -79.579405158676963, -1.052319429362965 ], [ -79.57937668058274, -1.052306482693321 ], [ -79.57933239080063, -1.05228746896982 ], [ -79.579290166777866, -1.052270445980181 ], [ -79.579263574284141, -1.0522604848552 ], [ -79.57923608283447, -1.052251427766576 ], [ -79.579207512187395, -1.052244450414624 ], [ -79.579142550915563, -1.052236280595136 ], [ -79.579102205333143, -1.052238070993777 ], [ -79.579073628875989, -1.052243936805995 ], [ -79.57902626967487, -1.052256667813178 ], [ -79.578995714204382, -1.052267416738084 ], [ -79.578944488591063, -1.052286024884506 ], [ -79.578911958077825, -1.05229288377419 ], [ -79.578862713731013, -1.052301634339792 ], [ -79.578829195717589, -1.052306502988955 ], [ -79.578779954974934, -1.052307294409262 ], [ -79.578750484026742, -1.052304205768512 ], [ -79.57871993752488, -1.052295147275636 ], [ -79.578678704579588, -1.052272245822901 ], [ -79.578651220303641, -1.052247360890188 ], [ -79.578610985219612, -1.052203567141576 ], [ -79.578584493358747, -1.052169819072383 ], [ -79.578554145402919, -1.05211915605366 ], [ -79.578543466615557, -1.05208839991702 ], [ -79.578541689295562, -1.052044714253549 ], [ -79.578551586737845, -1.052015052891162 ], [ -79.578580269169962, -1.051973551870886 ], [ -79.578606967634826, -1.05194787778367 ], [ -79.578649485434582, -1.051911357569997 ], [ -79.578677080194225, -1.05189065835704 ], [ -79.57871564127646, -1.051861010133123 ], [ -79.578739282429581, -1.051840309105859 ], [ -79.578766968393595, -1.051816625252876 ], [ -79.578804544183086, -1.051780102766579 ], [ -79.578828277890523, -1.05175343242051 ], [ -79.578868830994139, -1.051690139625318 ], [ -79.578868047423242, -1.051634606138256 ], [ -79.578838690513322, -1.051578064663041 ], [ -79.578799441570666, -1.051539245842502 ], [ -79.578746346499855, -1.051519233201623 ], [ -79.578696211234387, -1.051511160634461 ], [ -79.578657846072602, -1.051504992802704 ], [ -79.578611572759868, -1.051500901577049 ], [ -79.578576082908143, -1.051494825507372 ], [ -79.578522983793519, -1.051483766900988 ], [ -79.578489561950988, -1.05147470709968 ], [ -79.578444282444764, -1.051458677612096 ], [ -79.578420747275814, -1.051443743429405 ], [ -79.578381402229752, -1.051418762625498 ], [ -79.578329393489142, -1.051380932853747 ], [ -79.578300920817256, -1.051356047479204 ], [ -79.578279363353062, -1.051339124418111 ], [ -79.578232208567314, -1.051297317301445 ], [ -79.578203735897262, -1.051272431928089 ], [ -79.5781841565869, -1.051252525095907 ], [ -79.578153710225379, -1.051220765013264 ], [ -79.578134132715988, -1.051196878611025 ], [ -79.578101803499692, -1.05115607318591 ], [ -79.578081240699518, -1.051125312527792 ], [ -79.578059689048459, -1.051095546309671 ], [ -79.57803122669209, -1.051047868853932 ], [ -79.578014618437194, -1.051015029779296 ], [ -79.577991188349387, -1.050966450183371 ], [ -79.577974579644447, -1.050934606002243 ], [ -79.577944228991456, -1.050889912362387 ], [ -79.577917734478305, -1.050862043222773 ], [ -79.577875521666485, -1.050820328826482 ], [ -79.577847049002898, -1.050795443459569 ], [ -79.577802854932372, -1.050763586639222 ], [ -79.577775367561756, -1.05074557552879 ], [ -79.577734135545427, -1.050720684315608 ], [ -79.577706556930536, -1.050705748286624 ], [ -79.577649600400946, -1.050680759422808 ], [ -79.577604321371581, -1.050663735052008 ], [ -79.577577818354953, -1.050654678427252 ], [ -79.577534514328619, -1.050641634532004 ], [ -79.577507919658316, -1.050636557435519 ], [ -79.577472520547104, -1.050628582070682 ], [ -79.577417443362052, -1.050620416796946 ], [ -79.577361287023308, -1.050614240813043 ], [ -79.577323909354462, -1.050610153665758 ], [ -79.577295336985969, -1.050607065446772 ], [ -79.57724618791724, -1.050603967795552 ], [ -79.577207731136141, -1.050601779492726 ], [ -79.577169363269121, -1.050601671459908 ], [ -79.577128031101836, -1.050599572282859 ], [ -79.57706010206131, -1.050597280022714 ], [ -79.577014816744835, -1.050594184139666 ], [ -79.5769370055054, -1.050587907777158 ], [ -79.576883906445502, -1.050576849171553 ], [ -79.576807180178591, -1.050555740364672 ], [ -79.57676387617083, -1.050542696464914 ], [ -79.576716708868119, -1.050528655901367 ], [ -79.576688231274886, -1.050514714352273 ], [ -79.576657688418933, -1.050497696734852 ], [ -79.57663020012744, -1.050481765855164 ], [ -79.576591932891546, -1.050457870895532 ], [ -79.57655071126247, -1.050410097169371 ], [ -79.576531240657445, -1.05034858581673 ], [ -79.57652649764394, -1.050305984168483 ], [ -79.576525611663357, -1.050278217226436 ], [ -79.576532639594646, -1.050235620974895 ], [ -79.576540650113827, -1.050205868327009 ], [ -79.576550547086924, -1.050177201880599 ], [ -79.576562510263997, -1.050149531273249 ], [ -79.576585262738021, -1.050106942228453 ], [ -79.576605043259491, -1.050079275203385 ], [ -79.576643608290752, -1.050040763417861 ], [ -79.576675248261225, -1.050016086503205 ], [ -79.576723604286741, -1.04998454344737 ], [ -79.576766028561607, -1.049955982347982 ], [ -79.576787782280618, -1.049936275360694 ], [ -79.576814493707033, -1.049881839859207 ], [ -79.576804907084139, -1.049820333034177 ], [ -79.576771593952017, -1.049769668709132 ], [ -79.576739263371621, -1.049731938434727 ], [ -79.576714745678842, -1.049704070218363 ], [ -79.576678464689991, -1.049659283444911 ], [ -79.576655924656762, -1.049629516795936 ], [ -79.576624586977175, -1.049581838056969 ], [ -79.576606001484606, -1.04954999299163 ], [ -79.576583561612466, -1.049497434314317 ], [ -79.576573873476775, -1.049461704201925 ], [ -79.576566168397022, -1.04941213695235 ], [ -79.576566272604637, -1.049380390894869 ], [ -79.576576264816794, -1.049339785781681 ], [ -79.576597036831529, -1.049305245403514 ], [ -79.576632632634343, -1.049275595830309 ], [ -79.576657258130368, -1.049263758846869 ], [ -79.576704525127582, -1.049256002246003 ], [ -79.576738042134068, -1.049253213808475 ], [ -79.576790247984007, -1.049252423713589 ], [ -79.576821698378268, -1.049249543883854 ], [ -79.576866983673156, -1.049252639742915 ], [ -79.576896544874927, -1.049254733508889 ], [ -79.576962496633357, -1.049258019719663 ], [ -79.577016677980367, -1.049260124757954 ], [ -79.57705010378784, -1.049260320952172 ], [ -79.577106264144021, -1.049257542877805 ], [ -79.577153530250143, -1.049251776052938 ], [ -79.577193969250558, -1.049241936086967 ], [ -79.57722056926157, -1.049235164906871 ], [ -79.57726397566951, -1.049220442280183 ], [ -79.577294531569493, -1.049208608002611 ], [ -79.577330032575418, -1.049189902185195 ], [ -79.577353671432164, -1.049174175614741 ], [ -79.577389268993358, -1.049140636896404 ], [ -79.577407072737827, -1.049112878498492 ], [ -79.577427050844392, -1.049045596727047 ], [ -79.577418357340406, -1.048996029010083 ], [ -79.577390868180871, -1.048981997489635 ], [ -79.577354388174712, -1.04897990056508 ], [ -79.577313051121251, -1.048988654790181 ], [ -79.577253827662076, -1.049009249093188 ], [ -79.577207546812119, -1.049021980623083 ], [ -79.577172050264437, -1.04903082796303 ], [ -79.577116874306412, -1.049042470081895 ], [ -79.577078504212395, -1.049047336535092 ], [ -79.577017402351856, -1.049049027014781 ], [ -79.576954417552699, -1.049041853044704 ], [ -79.576913088555344, -1.049032789648172 ], [ -79.576836457069703, -1.049000827566017 ], [ -79.576792264827716, -1.048964991211235 ], [ -79.576768736429486, -1.04893513367109 ], [ -79.57674234028832, -1.048888452094718 ], [ -79.576727617592496, -1.048858689031558 ], [ -79.576704193801874, -1.048796180985991 ], [ -79.576674834259862, -1.04874551848645 ], [ -79.576646451921249, -1.048719638296131 ], [ -79.576623815776756, -1.048703709658697 ], [ -79.576592374340379, -1.048686782098475 ], [ -79.576557967746837, -1.048669762736325 ], [ -79.576519607555909, -1.048652741564447 ], [ -79.576480346981967, -1.048639789993855 ], [ -79.576434075592104, -1.048631628784938 ], [ -79.576402536254321, -1.048632518793803 ], [ -79.576350325478501, -1.048644252706965 ], [ -79.576312848143161, -1.048661962716794 ], [ -79.576265477903149, -1.04869938514771 ], [ -79.576232747159523, -1.048751828105238 ], [ -79.576210890157043, -1.048801291364301 ], [ -79.57620584260745, -1.048836019829282 ], [ -79.576221461141955, -1.048871752650478 ], [ -79.576243013671004, -1.048899529053298 ], [ -79.57626555365951, -1.048929386137569 ], [ -79.57629105349119, -1.048971092837891 ], [ -79.576308553614609, -1.049018674782827 ], [ -79.576323173855059, -1.049076294774908 ], [ -79.576335726623242, -1.049135722715366 ], [ -79.576341551914823, -1.049169461269919 ], [ -79.576341449507026, -1.049197227756798 ], [ -79.576339274188626, -1.049238831338617 ], [ -79.576329375838654, -1.04927057290628 ], [ -79.576312469326751, -1.049301225926249 ], [ -79.576281909876755, -1.049320928877985 ], [ -79.576243450427697, -1.049324709936694 ], [ -79.576187383094435, -1.049320523791228 ], [ -79.57612242151626, -1.049313348893728 ], [ -79.576080102784474, -1.049307269706965 ], [ -79.576051531792615, -1.049301196819157 ], [ -79.576023050614808, -1.049295214417112 ], [ -79.575996457322759, -1.049287152651412 ], [ -79.575965012338102, -1.049278093770597 ], [ -79.575926651216548, -1.049263152813809 ], [ -79.575892241034822, -1.049254092574135 ], [ -79.575846960709853, -1.04924005289379 ], [ -79.575804737238741, -1.049222035046725 ], [ -79.575769344468966, -1.049200131207294 ], [ -79.575736024202968, -1.049165294724115 ], [ -79.575722290374699, -1.049134537228847 ], [ -79.57571457544698, -1.049106767167365 ], [ -79.575710825323995, -1.049054217072095 ], [ -79.575709945185267, -1.049013516549036 ], [ -79.575715096011734, -1.048949122274958 ], [ -79.575719249030698, -1.048905529826978 ], [ -79.575728359257795, -1.048828294217165 ], [ -79.575736470778139, -1.048773850216571 ], [ -79.5757395415324, -1.048739120853812 ], [ -79.575730948213959, -1.048666761148255 ], [ -79.575698622151677, -1.048619081979392 ], [ -79.575674999870998, -1.048598178431926 ], [ -79.575624873712172, -1.048570208058182 ], [ -79.575568906115393, -1.04854422479283 ], [ -79.57551779107034, -1.048517339303331 ], [ -79.575478442504135, -1.048500317676175 ], [ -79.575429299353431, -1.048484286454425 ], [ -79.575395784132326, -1.048483185766267 ], [ -79.575365229201765, -1.04849293979748 ], [ -79.575321911790368, -1.048509652223337 ], [ -79.575296205851714, -1.048526372715988 ], [ -79.575248742580442, -1.048570849761043 ], [ -79.575226983488733, -1.048602495434289 ], [ -79.575200180031075, -1.04866181487087 ], [ -79.575188208773469, -1.048707393509489 ], [ -79.575184152315202, -1.048736153062144 ], [ -79.57518108339643, -1.048766812405723 ], [ -79.575179093589753, -1.048795572905237 ], [ -79.575181760095774, -1.048859970746374 ], [ -79.575195395062849, -1.04891062602174 ], [ -79.575215958723874, -1.048939396857981 ], [ -79.575239490691757, -1.048961295258457 ], [ -79.575276765892511, -1.048993148874231 ], [ -79.575297422068388, -1.04901604084895 ], [ -79.575319961178749, -1.049047797267073 ], [ -79.57532471045468, -1.04907656085693 ], [ -79.575301070669056, -1.049094367626578 ], [ -79.575259640230669, -1.049110990459889 ], [ -79.575227108003475, -1.049121828910702 ], [ -79.575175885679513, -1.049133472795326 ], [ -79.575144345003039, -1.049137347458094 ], [ -79.575096090987785, -1.049142118905253 ], [ -79.575067515059231, -1.049146989817688 ], [ -79.575018271745876, -1.049153750592745 ], [ -79.574988708319424, -1.049156631268405 ], [ -79.57494440880339, -1.049159414742583 ], [ -79.574898133840847, -1.049159212635842 ], [ -79.574868574427072, -1.049153229733596 ], [ -79.574803710851327, -1.04912814681672 ], [ -79.574771380318481, -1.049090416563164 ], [ -79.574765652063945, -1.049040850255646 ], [ -79.57478148482339, -1.049000247856401 ], [ -79.574800276475884, -1.048973575292948 ], [ -79.574828955268046, -1.048939943021595 ], [ -79.574849721016406, -1.048919240710429 ], [ -79.574900149902888, -1.048873860599162 ], [ -79.574941684139006, -1.048826396180514 ], [ -79.574977290639552, -1.048773050138446 ], [ -79.574991139884375, -1.048747279751326 ], [ -79.575012005343908, -1.048704780312862 ], [ -79.575025857246615, -1.048673131021542 ], [ -79.575045736146009, -1.048626561118645 ], [ -79.575054735907187, -1.04859490960289 ], [ -79.575068683511219, -1.048550326763908 ], [ -79.575076693972292, -1.048520664577276 ], [ -79.575087676827678, -1.048475085487455 ], [ -79.57509469978838, -1.048443433064728 ], [ -79.575098765649258, -1.048393871239079 ], [ -79.575100846655317, -1.048362126107316 ], [ -79.575099071975799, -1.048312561605931 ], [ -79.575096211395532, -1.048279909763639 ], [ -79.575086528665409, -1.048232240978544 ], [ -79.575075849440069, -1.048202479785236 ], [ -79.575063103112882, -1.048173712536905 ], [ -79.57503571636019, -1.048132004993275 ], [ -79.575015151839096, -1.048105133503189 ], [ -79.574981832895887, -1.048067402809864 ], [ -79.574958211975741, -1.048043514595248 ], [ -79.574924894423773, -1.048002708784646 ], [ -79.574905319161147, -1.047973938411068 ], [ -79.574879909657525, -1.047931236885354 ], [ -79.574865185675236, -1.047904368072655 ], [ -79.574856490401302, -1.047858779972949 ], [ -79.57485857136102, -1.047827125288773 ], [ -79.574876475690246, -1.047775580021258 ], [ -79.57489239512752, -1.047741941890392 ], [ -79.574921081901891, -1.047690582447505 ], [ -79.574939966083363, -1.047657940564024 ], [ -79.574955793906312, -1.047628191510437 ], [ -79.57498258927977, -1.047586689668618 ], [ -79.574998414812868, -1.047562005514959 ], [ -79.57502808421809, -1.047523399216723 ], [ -79.575054782583592, -1.047497725147289 ], [ -79.575091277286148, -1.047467171547858 ], [ -79.575103321740883, -1.047458403926058 ], [ -79.575131725132977, -1.047437614647909 ], [ -79.575182056515672, -1.047409057161268 ], [ -79.575211623970333, -1.047397222438281 ], [ -79.575257005312352, -1.047386480287889 ], [ -79.575298340959293, -1.047380710743304 ], [ -79.575351535593086, -1.047378926191219 ], [ -79.575398798038847, -1.04738111849049 ], [ -79.575448034628039, -1.047389190598004 ], [ -79.575494216617273, -1.047396266415702 ], [ -79.575523777784653, -1.047398360169539 ], [ -79.575572029980918, -1.047397568244297 ], [ -79.575616330829405, -1.047391800051546 ], [ -79.575652815690589, -1.047383043606755 ], [ -79.575679415706745, -1.047376181978048 ], [ -79.575738549235879, -1.04735558763565 ], [ -79.575791842267989, -1.04733490017472 ], [ -79.575843159809409, -1.04731131757739 ], [ -79.575895376793625, -1.047285745605716 ], [ -79.575948675583064, -1.047252305436037 ], [ -79.575981303890586, -1.047227628949015 ], [ -79.576002967302387, -1.047208826353677 ], [ -79.576021756229068, -1.047188123104141 ], [ -79.576062304666252, -1.047134779258293 ], [ -79.576094049651886, -1.047076366480168 ], [ -79.576120853947032, -1.04701505720999 ], [ -79.57613381131064, -1.046974453450793 ], [ -79.576141820435382, -1.046947685472526 ], [ -79.576150825956745, -1.046903190782626 ], [ -79.576155871679376, -1.046872441881178 ], [ -79.576162899993292, -1.046828850734182 ], [ -79.576165969325146, -1.046797196481704 ], [ -79.576169037350866, -1.046768436459897 ], [ -79.576171123219723, -1.046725837945401 ], [ -79.576172214446913, -1.046697077019962 ], [ -79.576173411153135, -1.046633675811028 ], [ -79.576169756656569, -1.046568192156334 ], [ -79.576166901874117, -1.046522606707843 ], [ -79.576162154804408, -1.046488868654428 ], [ -79.576157415321006, -1.046438307884873 ], [ -79.576154554703805, -1.046405656030405 ], [ -79.576148827268852, -1.046354099917753 ], [ -79.576145966691413, -1.046321357618779 ], [ -79.576137271367358, -1.046275769502712 ], [ -79.576124621143279, -1.046233073811496 ], [ -79.576107023094252, -1.046203309456476 ], [ -79.576080522810912, -1.046188283525469 ], [ -79.576034248276514, -1.046187177048517 ], [ -79.575978083109959, -1.046200808542051 ], [ -79.575932698189462, -1.046219509863709 ], [ -79.575904117389896, -1.046235234186325 ], [ -79.575877419046066, -1.046260908287491 ], [ -79.575854672052358, -1.046291558652892 ], [ -79.575840822888239, -1.046317238624128 ], [ -79.575814026162476, -1.046361815623794 ], [ -79.575794242159205, -1.046397351355625 ], [ -79.575762500786553, -1.046447804999499 ], [ -79.575741729688431, -1.046480446047457 ], [ -79.575714033556906, -1.046526921970215 ], [ -79.575698115493068, -1.046557575451197 ], [ -79.575670420256998, -1.046602061588519 ], [ -79.575650639798681, -1.046629728626979 ], [ -79.575619981119885, -1.046670324284735 ], [ -79.575600202456158, -1.04669401175534 ], [ -79.575580425138995, -1.046714714550716 ], [ -79.575533055823314, -1.046750237660841 ], [ -79.57546997321117, -1.046760881290072 ], [ -79.575429630419166, -1.046756792830228 ], [ -79.575401059453128, -1.04675071996988 ], [ -79.575360720663184, -1.04673776793086 ], [ -79.575335206993216, -1.046726722010132 ], [ -79.575299813340308, -1.046706807990969 ], [ -79.575277176808342, -1.046691783819558 ], [ -79.575231098974925, -1.046653052418575 ], [ -79.575199757304233, -1.046614237312732 ], [ -79.575183059613892, -1.046580493806952 ], [ -79.575171495706641, -1.046519981020718 ], [ -79.575178520880712, -1.046483354133291 ], [ -79.575193359345022, -1.046455684842583 ], [ -79.575225005069186, -1.046418074319819 ], [ -79.57525071456655, -1.046393394672953 ], [ -79.575292151683371, -1.046361848418684 ], [ -79.575324777274616, -1.046343141281553 ], [ -79.575378971918866, -1.046315580422784 ], [ -79.575418425995025, -1.046297871296372 ], [ -79.575476662740655, -1.046273296956474 ], [ -79.575510185529367, -1.046257574899935 ], [ -79.575574266360633, -1.046225134537684 ], [ -79.575617678069435, -1.04619847318819 ], [ -79.575645363014615, -1.04617677910949 ], [ -79.575678985488281, -1.046139259918765 ], [ -79.57569579984515, -1.046113581303838 ], [ -79.575724583149722, -1.046047298481111 ], [ -79.575726665013619, -1.046013563554376 ], [ -79.575713024600788, -1.045974846985505 ], [ -79.575675746691061, -1.045948962767127 ], [ -79.575616717371915, -1.045937811099153 ], [ -79.575585179826888, -1.0459348120149 ], [ -79.575555617814558, -1.045934617618915 ], [ -79.575518240673446, -1.04592953563782 ], [ -79.575481860415039, -1.045905641613645 ], [ -79.575471181610794, -1.045874885535439 ], [ -79.575482066920117, -1.045846219537912 ], [ -79.575490974086648, -1.045820537311549 ], [ -79.575503928288811, -1.045786897799885 ], [ -79.575513826544153, -1.045755246675229 ], [ -79.575525798545073, -1.045707859118878 ], [ -79.575538760329295, -1.045657396894093 ], [ -79.57554687576544, -1.045594089306827 ], [ -79.575548073757972, -1.045527793884434 ], [ -79.575545308371701, -1.045483203381362 ], [ -79.575536611250683, -1.045441594844733 ], [ -79.575527817099967, -1.045415904532238 ], [ -79.575499537554933, -1.045361353460827 ], [ -79.575455438301233, -1.045318643422447 ], [ -79.575426962538685, -1.045300722367772 ], [ -79.575389677502457, -1.045290665979301 ], [ -79.575357145820334, -1.045300419150468 ], [ -79.575340422676263, -1.045323113132486 ], [ -79.57531955595708, -1.045368597285362 ], [ -79.575303624539771, -1.045428916621667 ], [ -79.575296496156966, -1.045495209328069 ], [ -79.575291446941407, -1.045533736462148 ], [ -79.575285414628397, -1.045560505336486 ], [ -79.575273439937106, -1.045613862236409 ], [ -79.575264435781094, -1.045655372237833 ], [ -79.575257504922575, -1.045682140700954 ], [ -79.575242570376588, -1.045723647992153 ], [ -79.575234650262388, -1.045752315341301 ], [ -79.575221691613436, -1.045795813317623 ], [ -79.575211704847518, -1.045824479721825 ], [ -79.575197846755543, -1.045869967069376 ], [ -79.575187859988347, -1.045898633472866 ], [ -79.575171037597599, -1.045942129681429 ], [ -79.575160063328624, -1.045968805849648 ], [ -79.57514027798571, -1.046007326244806 ], [ -79.575108626070403, -1.046058684360901 ], [ -79.575084981924633, -1.046086259182968 ], [ -79.575045521613063, -1.046117806340356 ], [ -79.574990339928206, -1.046142382068213 ], [ -79.574949002958761, -1.04615113630422 ], [ -79.574909647275362, -1.046149942530364 ], [ -79.574862477364604, -1.04614187138772 ], [ -79.574835973918212, -1.046133900138398 ], [ -79.574831226860411, -1.046100162103292 ], [ -79.574836181339094, -1.046072488297092 ], [ -79.574845182406136, -1.046037852100534 ], [ -79.574855169177098, -1.046009185703066 ], [ -79.574863089297239, -1.04598051836057 ], [ -79.574876045260154, -1.045942989741258 ], [ -79.574889008811709, -1.045888638414475 ], [ -79.57489406032262, -1.045845046387644 ], [ -79.57489614080437, -1.045814386591969 ], [ -79.574895255643071, -1.045784720332309 ], [ -79.574891405777194, -1.045753967381541 ], [ -79.574881811433329, -1.04570946421423 ], [ -79.574874995026747, -1.04568169458245 ], [ -79.574844740055411, -1.04562415794034 ], [ -79.574820222790208, -1.045595385328792 ], [ -79.574791841788397, -1.045566610952019 ], [ -79.574769296873143, -1.045547697712249 ], [ -79.574732020332974, -1.045518828826504 ], [ -79.574709475377801, -1.045500006031913 ], [ -79.57468109576503, -1.045468156538481 ], [ -79.574663493696704, -1.045447346220426 ], [ -79.57463413103072, -1.045403648026854 ], [ -79.574613668798293, -1.045349190985481 ], [ -79.574607945368015, -1.045288771331255 ], [ -79.574608139800901, -1.045256120894545 ], [ -79.574611215363376, -1.045210628631138 ], [ -79.574616264620616, -1.045172011064157 ], [ -79.574622299583126, -1.045139363295525 ], [ -79.57462932249409, -1.045107710869393 ], [ -79.574635268906079, -1.045072168830464 ], [ -79.574642391497434, -1.045018719283819 ], [ -79.574642598851682, -1.044957397891845 ], [ -79.574638843277285, -1.044916786519379 ], [ -79.574630147508486, -1.044872193325223 ], [ -79.574620367249494, -1.044841437670551 ], [ -79.574596935371559, -1.044796837746952 ], [ -79.574575473154184, -1.04476806654051 ], [ -79.57452356198425, -1.044713414253994 ], [ -79.574491132649655, -1.044695491399976 ], [ -79.574450882443969, -1.04468543366006 ], [ -79.57439481653573, -1.044678353370539 ], [ -79.574357437185142, -1.044678245853826 ], [ -79.5743122387575, -1.044682023885658 ], [ -79.574271892911469, -1.044684809241945 ], [ -79.574224720341107, -1.044682707467991 ], [ -79.574193274068193, -1.044676633312233 ], [ -79.574151051559724, -1.044656625757532 ], [ -79.574114856833774, -1.044619888696169 ], [ -79.574085495030772, -1.044574291181083 ], [ -79.574063053802448, -1.044524717263396 ], [ -79.574041596975448, -1.04448400737155 ], [ -79.574020043566804, -1.044458220802844 ], [ -79.573985731298563, -1.044431433515892 ], [ -79.573954286376747, -1.044422374689175 ], [ -79.573913940988874, -1.044424165154129 ], [ -79.573879522355085, -1.0444340078987 ], [ -79.573852922878757, -1.044439784205512 ], [ -79.5738224578337, -1.044449628754918 ], [ -79.573788939129884, -1.044456396791142 ], [ -79.573755510688457, -1.044462260421686 ], [ -79.573710221075373, -1.044469023079339 ], [ -79.573666999008466, -1.044473796898751 ], [ -79.573601135501391, -1.044474490364586 ], [ -79.573560791423986, -1.044473386596253 ], [ -79.573496910056988, -1.044462232719535 ], [ -79.573451814881608, -1.044436344952305 ], [ -79.573423438799722, -1.044396717241967 ], [ -79.573408810460592, -1.044357005369024 ], [ -79.573402983760019, -1.04432634197998 ], [ -79.573402191589267, -1.044289711546145 ], [ -79.573403283665698, -1.04425905131822 ], [ -79.573409324862354, -1.044212565542283 ], [ -79.573419316994489, -1.044171960471372 ], [ -79.573428226797006, -1.044140399367979 ], [ -79.573445142149396, -1.044089938994669 ], [ -79.573461062824592, -1.044053406638372 ], [ -79.573488763783061, -1.043996077397892 ], [ -79.573509177331744, -1.043959185313329 ], [ -79.573509537034127, -1.043958552365213 ], [ -79.573539213885837, -1.043903213806017 ], [ -79.573562951876553, -1.043866685016006 ], [ -79.573584713072862, -1.043830155322449 ], [ -79.573605487664906, -1.043789645613824 ], [ -79.573629323087687, -1.043736294164122 ], [ -79.573639312966662, -1.043700663540124 ], [ -79.573644367544532, -1.043650197743102 ], [ -79.573641603456934, -1.04360271304957 ], [ -79.573634787044256, -1.043574943436053 ], [ -79.573614417798623, -1.043513522233564 ], [ -79.573590001118433, -1.04346096275832 ], [ -79.57356657149019, -1.043411388407264 ], [ -79.573547987267972, -1.043376739632212 ], [ -79.573518714466147, -1.043333041516491 ], [ -79.573484411131432, -1.043286446877633 ], [ -79.573455141874888, -1.043234880082945 ], [ -79.57344446441779, -1.043201139365022 ], [ -79.573436762823349, -1.043143703513978 ], [ -79.573447749969503, -1.043088356417847 ], [ -79.573480389293621, -1.043038988546189 ], [ -79.573502141999384, -1.043021271324918 ], [ -79.573526769592164, -1.043004550305779 ], [ -79.573564157828926, -1.042984850435328 ], [ -79.573589771130031, -1.042974099210148 ], [ -79.573633085266124, -1.042964350950846 ], [ -79.573668489583497, -1.042960477983313 ], [ -79.573720607195554, -1.042955708193226 ], [ -79.573751067739508, -1.042955812533226 ], [ -79.573801296174707, -1.042956016334871 ], [ -79.573827799997986, -1.042963083106489 ], [ -79.573864094391027, -1.042978023027716 ], [ -79.573894548707202, -1.042991965394024 ], [ -79.573951503266045, -1.043020933659029 ], [ -79.574007380064657, -1.043048816097066 ], [ -79.574042775919338, -1.043063755608886 ], [ -79.574068289558255, -1.043074801493354 ], [ -79.574126235248244, -1.043097710419875 ], [ -79.574177264809222, -1.043114737289512 ], [ -79.5742116735737, -1.043126782122367 ], [ -79.574239165393266, -1.043134753790931 ], [ -79.57428238077209, -1.043144812857833 ], [ -79.574310860948913, -1.043152875421661 ], [ -79.574354076329499, -1.043162934488229 ], [ -79.574397290815469, -1.043174983336739 ], [ -79.57442379379323, -1.043183949445213 ], [ -79.574467007385337, -1.043197988075725 ], [ -79.574494497865544, -1.043208944417141 ], [ -79.574534744070235, -1.043227865706386 ], [ -79.574561245218291, -1.043240901824077 ], [ -79.574609395466325, -1.043266790957679 ], [ -79.574643709052694, -1.043290683998888 ], [ -79.574666255759482, -1.043305617651786 ], [ -79.574700569387872, -1.043329420248904 ], [ -79.57472311519993, -1.043346343684564 ], [ -79.574780067142896, -1.043381190856501 ], [ -79.57483109717225, -1.043397222835359 ], [ -79.574860569338099, -1.043397326719762 ], [ -79.57490981921741, -1.043375732898738 ], [ -79.574940471497328, -1.043349156138645 ], [ -79.57496312633792, -1.043323480178003 ], [ -79.575003678624142, -1.043261272723447 ], [ -79.575025446030182, -1.043210904956707 ], [ -79.575034445254488, -1.043180248310282 ], [ -79.575034747330292, -1.043107983142979 ], [ -79.575019229719459, -1.043047559018963 ], [ -79.575008559763489, -1.042997086020639 ], [ -79.575011627747401, -1.04296832600874 ], [ -79.575031416560748, -1.042921936903408 ], [ -79.575057131768588, -1.042884414077334 ], [ -79.575085813061762, -1.042844902818679 ], [ -79.575107578218166, -1.042799509502401 ], [ -79.57513043102027, -1.042733223957033 ], [ -79.575141413253192, -1.042688730172617 ], [ -79.575141515552701, -1.042661054143605 ], [ -79.575147649679025, -1.042607604125394 ], [ -79.575166543517852, -1.042553255472563 ], [ -79.57519028594821, -1.042506777715632 ], [ -79.575207101099792, -1.042479199743364 ], [ -79.57523667824168, -1.042445658233509 ], [ -79.575276142036628, -1.042406151875324 ], [ -79.575302842051258, -1.04237658861926 ], [ -79.575323517844765, -1.042355886199339 ], [ -79.575355162526691, -1.04232035584315 ], [ -79.57537880574634, -1.042294680314583 ], [ -79.575414404868667, -1.042257252417984 ], [ -79.575438048087264, -1.042231576887643 ], [ -79.575473559142083, -1.042190169381279 ], [ -79.57549828061093, -1.042164494340016 ], [ -79.57553675730216, -1.042122093289093 ], [ -79.575557524734606, -1.042097411337718 ], [ -79.575579286780794, -1.042058891797996 ], [ -79.575589183185315, -1.042031220221634 ], [ -79.575594227905313, -1.042002551544861 ], [ -79.575596313243807, -1.041960947927445 ], [ -79.575596415530669, -1.041933271892763 ], [ -79.575588705411192, -1.041894648492568 ], [ -79.575582967657027, -1.041865884463588 ], [ -79.575572295027072, -1.04182129036479 ], [ -79.575565480321046, -1.04178963161537 ], [ -79.575551933247297, -1.041743046425538 ], [ -79.575542154243465, -1.041709396544092 ], [ -79.57552663037508, -1.04166281045557 ], [ -79.575513974287617, -1.041633048387969 ], [ -79.57549341589916, -1.041592429360215 ], [ -79.575464141241284, -1.041552710814098 ], [ -79.575419948136911, -1.041518864386465 ], [ -79.57537673360109, -1.041506906022535 ], [ -79.575335397150639, -1.041514665457613 ], [ -79.575295038860773, -1.041545217400958 ], [ -79.575266356301512, -1.041587622911466 ], [ -79.575246473201346, -1.041643960908645 ], [ -79.575237469127444, -1.041685470926138 ], [ -79.575231436418932, -1.04171323470198 ], [ -79.575228457901446, -1.041742899206428 ], [ -79.575221340764713, -1.041784410082043 ], [ -79.575216385899466, -1.041813078794966 ], [ -79.575208368877597, -1.041857573935375 ], [ -79.575202333525027, -1.041891216614265 ], [ -79.575190362019782, -1.041937699737008 ], [ -79.575180373525313, -1.041970345723931 ], [ -79.575163549440759, -1.042017821527906 ], [ -79.575151584191644, -1.042050376169236 ], [ -79.575127840432287, -1.042099838604157 ], [ -79.575109046704725, -1.042131395243283 ], [ -79.575081353379886, -1.042171901853179 ], [ -79.575059598891485, -1.042193598671304 ], [ -79.575028049881666, -1.042216195474958 ], [ -79.574988684404701, -1.042236889379181 ], [ -79.574949326083797, -1.042241665021012 ], [ -79.574917883802044, -1.042226727326959 ], [ -79.574891576143159, -1.042183030562857 ], [ -79.574881900343939, -1.042119714878675 ], [ -79.574883187249966, -1.042055318851411 ], [ -79.574891212287895, -1.041993006120175 ], [ -79.574897343718234, -1.041945525454104 ], [ -79.574901402727789, -1.041910886989016 ], [ -79.574908435787705, -1.04185653293711 ], [ -79.574913488963801, -1.041809051779317 ], [ -79.574910722177833, -1.041767445965441 ], [ -79.574904004893128, -1.041718964557245 ], [ -79.574891446228534, -1.041672379828373 ], [ -79.574872766828065, -1.041649488820181 ], [ -79.574854178135439, -1.041624698515236 ], [ -79.574830741784311, -1.041589957088981 ], [ -79.574807309415775, -1.04154635208652 ], [ -79.574788821711977, -1.041496779986832 ], [ -79.574777156224826, -1.041462134365041 ], [ -79.574767373694257, -1.041436353179033 ], [ -79.57475472159804, -1.041397727542923 ], [ -79.574746017317963, -1.041371946848123 ], [ -79.574734354064731, -1.041332326771264 ], [ -79.574727538063811, -1.041303562262013 ], [ -79.574715875703802, -1.041261952403276 ], [ -79.57470914862219, -1.041235268162401 ], [ -79.574704313394747, -1.041197640976971 ], [ -79.574702537678888, -1.041150066269758 ], [ -79.574717475212239, -1.041101685165969 ], [ -79.574753972882235, -1.041064167233062 ], [ -79.574806189231609, -1.041039590039546 ], [ -79.574841594840663, -1.041032822797719 ], [ -79.574887872811018, -1.041026060501837 ], [ -79.574925255213913, -1.041019294157976 ], [ -79.574954731379478, -1.041010443988872 ], [ -79.574988251838178, -1.04099969632066 ], [ -79.575032557890552, -1.040982079761894 ], [ -79.575072909057738, -1.040967355632888 ], [ -79.575117216003861, -1.040947749288828 ], [ -79.575163499337208, -1.040929048289254 ], [ -79.575205829043995, -1.04091043593476 ], [ -79.575231441925538, -1.040900589111832 ], [ -79.575267839020285, -1.040886948515682 ], [ -79.575318075494209, -1.040869244200813 ], [ -79.575365343612432, -1.040858593221265 ], [ -79.575404701067413, -1.040855716887877 ], [ -79.575444954386384, -1.040858810311757 ], [ -79.575459869500193, -1.04086035465381 ], [ -79.575486285469935, -1.040862989561774 ], [ -79.575515757620778, -1.040863093407386 ], [ -79.575560058806985, -1.040856330197311 ], [ -79.57559052556519, -1.040842596453685 ], [ -79.575622076378011, -1.040815929608485 ], [ -79.575649770965583, -1.040772528737291 ], [ -79.575670644664001, -1.040711216710821 ], [ -79.575685679619681, -1.040645922461702 ], [ -79.575683906514683, -1.040592468829689 ], [ -79.5756780788508, -1.040563795206573 ], [ -79.575661473181498, -1.040525077321784 ], [ -79.575638040780873, -1.040481472320329 ], [ -79.57562835340066, -1.040443842917336 ], [ -79.575634388279838, -1.040411195118876 ], [ -79.575664955555013, -1.04037367445414 ], [ -79.575706394704952, -1.040337244064905 ], [ -79.575755739728947, -1.040303711496952 ], [ -79.575785311020454, -1.040283103537385 ], [ -79.575823691149964, -1.040255535335746 ], [ -79.575871059825644, -1.040221006972647 ], [ -79.575911510575921, -1.040184576125594 ], [ -79.575943067580425, -1.04014407122422 ], [ -79.575973730015022, -1.04009470233192 ], [ -79.576001518004333, -1.040043342348486 ], [ -79.576018334450382, -1.040012779668171 ], [ -79.576037126391768, -1.039985112115796 ], [ -79.576051962962467, -1.03996142233467 ], [ -79.576080555662941, -1.039918926296109 ], [ -79.576115171230882, -1.039870554083472 ], [ -79.576148796617289, -1.039826160987642 ], [ -79.57618035361223, -1.039785656074638 ], [ -79.576213978550399, -1.03974225786746 ], [ -79.576234746388565, -1.039716580990456 ], [ -79.576259380592546, -1.039685026960029 ], [ -79.576283119819237, -1.039645513385512 ], [ -79.576312792503984, -1.03959912870291 ], [ -79.576337517005413, -1.039566579818352 ], [ -79.57635630804738, -1.039540902040364 ], [ -79.576387865034718, -1.039500397117601 ], [ -79.576408633273914, -1.039473815788019 ], [ -79.576442256906958, -1.039433311800652 ], [ -79.576466889768355, -1.039404742438637 ], [ -79.576509320856616, -1.039360353320592 ], [ -79.576542851068425, -1.039327808424187 ], [ -79.57659121476172, -1.039278447532311 ], [ -79.576624834380652, -1.039246897565477 ], [ -79.576658363699337, -1.039216342448671 ], [ -79.576704657623978, -1.039173944857497 ], [ -79.576734320982098, -1.039148362445886 ], [ -79.576774772193062, -1.039110846217915 ], [ -79.576800392999942, -1.039083272186021 ], [ -79.576837881205336, -1.039040870594219 ], [ -79.576856674910033, -1.039009223450195 ], [ -79.576873685655585, -1.038946010275136 ], [ -79.576859055847322, -1.038909283068482 ], [ -79.576813864993483, -1.038896238532708 ], [ -79.57676857720314, -1.038899021785488 ], [ -79.576732182270817, -1.038907868868652 ], [ -79.57669578782459, -1.038915630614262 ], [ -79.576636747926173, -1.038928266106489 ], [ -79.576598375797218, -1.038938016737984 ], [ -79.576544278287827, -1.0389497500213 ], [ -79.57651076006951, -1.038955523283466 ], [ -79.576440045764997, -1.038953320536846 ], [ -79.57638595894781, -1.038941176409014 ], [ -79.576359456406223, -1.038931215466398 ], [ -79.576321186970858, -1.038912295157205 ], [ -79.576288755428664, -1.038899256404203 ], [ -79.576237726696462, -1.038880330307712 ], [ -79.57617780333014, -1.03885931994767 ], [ -79.576138541979972, -1.038848267880778 ], [ -79.576113027393276, -1.038839302278417 ], [ -79.576071699843254, -1.038827254382055 ], [ -79.576043219218406, -1.038820186773481 ], [ -79.575999014108305, -1.038813112031553 ], [ -79.575965590612554, -1.03880803196435 ], [ -79.575919407820905, -1.038802946108527 ], [ -79.575890924525538, -1.038801847849868 ], [ -79.575850580476455, -1.038800744209933 ], [ -79.575799451737552, -1.038804519691381 ], [ -79.575737540982473, -1.038807204943179 ], [ -79.575685426968604, -1.038804015732328 ], [ -79.575659917694466, -1.038783201873392 ], [ -79.575646278934926, -1.038740596224809 ], [ -79.575650437500585, -1.038684160610205 ], [ -79.575658450480034, -1.038648529028284 ], [ -79.575673295859602, -1.038605122300194 ], [ -79.575700098080688, -1.038547792509213 ], [ -79.575717903827154, -1.038515150043566 ], [ -79.575733730958802, -1.038486576692107 ], [ -79.575736898893695, -1.038435115084823 ], [ -79.575737107428864, -1.038370718540599 ], [ -79.575734441923984, -1.038303426461985 ], [ -79.575728620914973, -1.038259829468444 ], [ -79.575725847822739, -1.038232152127448 ], [ -79.575721013427497, -1.038192535149146 ], [ -79.575709449723803, -1.038131117942956 ], [ -79.575697790822048, -1.038081639396663 ], [ -79.575688103449735, -1.038043919557759 ], [ -79.575679399535176, -1.038017234420309 ], [ -79.575660918393226, -1.037952829404102 ], [ -79.575640458273426, -1.0378933075062 ], [ -79.575618109394597, -1.037837854765024 ], [ -79.57558974032726, -1.037782308850956 ], [ -79.575568281167904, -1.03774657346205 ], [ -79.575544846512202, -1.037707942947426 ], [ -79.575528145172115, -1.037682158634329 ], [ -79.575511533686296, -1.037656374362263 ], [ -79.575494922241049, -1.037630499645792 ], [ -79.575471488030999, -1.037590874241427 ], [ -79.575457841732359, -1.037565091314382 ], [ -79.575443213673822, -1.037524475010746 ], [ -79.575433431548419, -1.03749769894396 ], [ -79.575424733417847, -1.037458080220466 ], [ -79.575419983569105, -1.037430311543096 ], [ -79.57542018763256, -1.0373758639229 ], [ -79.575432060313403, -1.037349188115332 ], [ -79.575464602520483, -1.037315647876402 ], [ -79.575492191220619, -1.03730788213346 ], [ -79.575537382029339, -1.037320926649503 ], [ -79.575579509425097, -1.037352691832625 ], [ -79.575622619433176, -1.037397391055643 ], [ -79.575651988391314, -1.037427251119723 ], [ -79.575671567737487, -1.037447067384684 ], [ -79.575718633515308, -1.037486884387832 ], [ -79.575768669376487, -1.037515758926802 ], [ -79.575797147805247, -1.037527710534751 ], [ -79.575830568172933, -1.037539754826874 ], [ -79.575863991696394, -1.037544744432041 ], [ -79.57590226815428, -1.037547927341478 ], [ -79.575962290655909, -1.037548135427872 ], [ -79.575999670393969, -1.037547247917242 ], [ -79.57602716572913, -1.03754735081973 ], [ -79.576072453484599, -1.037544567551818 ], [ -79.576102915342886, -1.037541687121476 ], [ -79.576149102086291, -1.037537909367457 ], [ -79.576179653799628, -1.037535028976894 ], [ -79.576221977259635, -1.037530254579251 ], [ -79.576269154625138, -1.037521502811172 ], [ -79.576317412869798, -1.037506872623459 ], [ -79.576353812627417, -1.037487172157505 ], [ -79.576388425004964, -1.037445764142458 ], [ -79.576406329436196, -1.037393314299996 ], [ -79.576406534330957, -1.037336967317012 ], [ -79.576397741921753, -1.037307207014369 ], [ -79.576379156296554, -1.037275452492716 ], [ -79.576348796662046, -1.037250656884805 ], [ -79.576301629932189, -1.037235621698108 ], [ -79.576255444080147, -1.037237409676872 ], [ -79.576221027750449, -1.037242278106219 ], [ -79.576164861901646, -1.037257899608075 ], [ -79.576124510831377, -1.03727253337915 ], [ -79.576066454488085, -1.037296113157889 ], [ -79.576028978711108, -1.037310838673551 ], [ -79.575962119814932, -1.037327359772242 ], [ -79.5759267221692, -1.037316399924895 ], [ -79.575890527362034, -1.037279662969978 ], [ -79.575869968068133, -1.037240943314807 ], [ -79.57586126547875, -1.037211273503391 ], [ -79.57585949010992, -1.037162703882966 ], [ -79.575861572686605, -1.037127069605436 ], [ -79.575872558303431, -1.037074707086459 ], [ -79.575882547598951, -1.037040071281587 ], [ -79.57589937417761, -1.036986716514915 ], [ -79.57591035186698, -1.036952081156755 ], [ -79.575923311642399, -1.036905598436728 ], [ -79.57593024278107, -1.036877925489259 ], [ -79.575937359367316, -1.036837409474458 ], [ -79.575942313269138, -1.036810730523306 ], [ -79.575951316831407, -1.036770124917674 ], [ -79.575961309637066, -1.036727620420302 ], [ -79.575964384117299, -1.036684117898409 ], [ -79.575961611934815, -1.036654360328119 ], [ -79.57595480245817, -1.036610853331687 ], [ -79.575947086963737, -1.036584078199791 ], [ -79.575930479910056, -1.036548345015163 ], [ -79.57590210285359, -1.036510616719095 ], [ -79.575857012484391, -1.036473875750124 ], [ -79.575812814030826, -1.036451968120012 ], [ -79.575755948409522, -1.036424989851685 ], [ -79.575698004055852, -1.03639909643195 ], [ -79.575660722191998, -1.036382075948249 ], [ -79.575632243769789, -1.036370124353942 ], [ -79.575586067238817, -1.036351110060124 ], [ -79.575554624965662, -1.036336172448689 ], [ -79.575511506103581, -1.036311280633177 ], [ -79.57548599509245, -1.036294355923548 ], [ -79.575454648413952, -1.036266575207345 ], [ -79.575416483936991, -1.036213919111005 ], [ -79.575395028727797, -1.036169320158665 ], [ -79.575376546219857, -1.036107899837631 ], [ -79.575361024936697, -1.036055344438789 ], [ -79.575341455329522, -1.036013731017275 ], [ -79.575318016703108, -1.035983964101124 ], [ -79.575298347100514, -1.035965052255514 ], [ -79.575263043774655, -1.035944143550523 ], [ -79.575227738671813, -1.035927214411694 ], [ -79.575197283468341, -1.035915261926575 ], [ -79.575157035988028, -1.0358992349978 ], [ -79.575114817456495, -1.035870364030307 ], [ -79.57507566099558, -1.035825757072792 ], [ -79.575044417028025, -1.035769214998414 ], [ -79.57503176707722, -1.035725614931723 ], [ -79.575028008235506, -1.035691967805443 ], [ -79.575029199770754, -1.035639510423979 ], [ -79.575034157661989, -1.035603877459417 ], [ -79.575045137068244, -1.035565352989489 ], [ -79.575069962402935, -1.035508022288447 ], [ -79.575088757374587, -1.035473390475467 ], [ -79.575123374093977, -1.035422123996528 ], [ -79.575147019850931, -1.03539047905125 ], [ -79.575186578097387, -1.035340209696229 ], [ -79.575211301657333, -1.035309560127994 ], [ -79.575248791521147, -1.03526317895583 ], [ -79.575270548078137, -1.035236598054943 ], [ -79.575305168382826, -1.035177281989409 ], [ -79.575327926171198, -1.035121940123901 ], [ -79.575336927443885, -1.035086399426236 ], [ -79.575345933196616, -1.035040819368151 ], [ -79.575350086788049, -1.034995327560328 ], [ -79.575349208994581, -1.034948838585561 ], [ -79.575339617575537, -1.034897371212311 ], [ -79.575324098491478, -1.034839841364281 ], [ -79.575305615070107, -1.034780410838024 ], [ -79.575295926732252, -1.03474477124529 ], [ -79.575287231671766, -1.034698188292984 ], [ -79.575282397671813, -1.034657576436691 ], [ -79.575281601777291, -1.034628905106536 ], [ -79.575279735582995, -1.034582415686398 ], [ -79.575280828438522, -1.034549675198451 ], [ -79.57528498508691, -1.034497309595039 ], [ -79.575287067626803, -1.034461675323824 ], [ -79.575292212264131, -1.034410214613591 ], [ -79.575297168357125, -1.034378561207696 ], [ -79.575301322822796, -1.034331079616462 ], [ -79.57530439064827, -1.03430241003213 ], [ -79.575308453523647, -1.034258817521421 ], [ -79.575312509298939, -1.034231143275027 ], [ -79.575322409580039, -1.034194517643717 ], [ -79.575343275522684, -1.034150118722016 ], [ -79.575373842192377, -1.034113592871414 ], [ -79.57541913694007, -1.034094981725137 ], [ -79.575469275015493, -1.034096089712035 ], [ -79.575523266170322, -1.034121076842532 ], [ -79.575562514688713, -1.034160799801585 ], [ -79.575581002968605, -1.034209376964815 ], [ -79.575587623938574, -1.034272691255581 ], [ -79.575585544026325, -1.034302446626681 ], [ -79.575577524105995, -1.034353815600391 ], [ -79.575572478605181, -1.034384474078423 ], [ -79.575564459086038, -1.034434938604551 ], [ -79.575558423858041, -1.034468581310464 ], [ -79.575550406555422, -1.034514071377754 ], [ -79.575546350334278, -1.034542740518407 ], [ -79.575538326816883, -1.034602159067939 ], [ -79.575537236222488, -1.034629834656791 ], [ -79.575539016963603, -1.034666465569823 ], [ -79.575555628467484, -1.034692249820832 ], [ -79.575585191747862, -1.034689368952051 ], [ -79.575616741944771, -1.03466378735753 ], [ -79.57565225237704, -1.034623284173579 ], [ -79.575693788275146, -1.034571025897535 ], [ -79.575729395174136, -1.034515689819524 ], [ -79.575743243269017, -1.034491999560226 ], [ -79.575773907303912, -1.034438651029869 ], [ -79.575799623596012, -1.034398233857764 ], [ -79.575816438647863, -1.034370565369274 ], [ -79.57583127602247, -1.034344885770763 ], [ -79.57584710400927, -1.034314232159543 ], [ -79.575864910075367, -1.034280685210122 ], [ -79.575880742455908, -1.034240173124734 ], [ -79.575891720538451, -1.034204542861392 ], [ -79.57590072094375, -1.034170901488433 ], [ -79.575905675697967, -1.034142232747975 ], [ -79.575908743516308, -1.034113563155185 ], [ -79.57591082249607, -1.034085888007764 ], [ -79.575912905909831, -1.034048263942337 ], [ -79.575914089452027, -1.034013624146458 ], [ -79.575917068744758, -1.033981969837413 ], [ -79.575922112463502, -1.033955290920441 ], [ -79.57592814635008, -1.033924632882451 ], [ -79.575937054679429, -1.03389596592614 ], [ -79.575953966186347, -1.03385346453955 ], [ -79.575967817374533, -1.033822810030113 ], [ -79.575983646681408, -1.033789171737177 ], [ -79.575986255108987, -1.033783203562599 ], [ -79.576005859091552, -1.033747758078423 ], [ -79.576015483066868, -1.033726236577009 ], [ -79.576025023272464, -1.033691057883121 ], [ -79.576025760358291, -1.033650086752516 ], [ -79.576018414768541, -1.03359970572163 ], [ -79.576009182887404, -1.033547876723961 ], [ -79.576004164396153, -1.033517937253068 ], [ -79.576000591707569, -1.033469728599257 ], [ -79.576000609917045, -1.033428847589291 ], [ -79.576004216446634, -1.033401082684573 ], [ -79.576018068593498, -1.033368257498306 ], [ -79.576047822973251, -1.033339780834434 ], [ -79.576092127828261, -1.033324515666107 ], [ -79.576149368767489, -1.033315768354316 ], [ -79.576203822258577, -1.033311451575598 ], [ -79.576235721778019, -1.033308481291352 ], [ -79.576280023373045, -1.033300542141147 ], [ -79.57631048780577, -1.033291782744913 ], [ -79.576344640805743, -1.033272804756057 ], [ -79.576367111770907, -1.033256082615144 ], [ -79.576383117189678, -1.033230493972129 ], [ -79.576389697997953, -1.03318228989101 ], [ -79.576381729574038, -1.033118070527282 ], [ -79.576372312774353, -1.033077908813012 ], [ -79.576356430427793, -1.033028880598029 ], [ -79.576337587083927, -1.032970444794877 ], [ -79.576324580669848, -1.032920061206975 ], [ -79.576321724180005, -1.032877731778844 ], [ -79.576334049803364, -1.032842644776393 ], [ -79.576354460640033, -1.032811269653756 ], [ -79.576377654335317, -1.03278577469368 ], [ -79.576403811925886, -1.032763175301139 ], [ -79.576429968872205, -1.032742023023522 ], [ -79.576460439818817, -1.032718611571411 ], [ -79.57649091008102, -1.032696737678825 ], [ -79.576519942034309, -1.032676310252996 ], [ -79.576542412991785, -1.032659588103644 ], [ -79.576567131628323, -1.032639882290129 ], [ -79.576607756725522, -1.032615028294797 ], [ -79.576647755419188, -1.032584385551301 ], [ -79.576694136325074, -1.032547957218111 ], [ -79.576723260102327, -1.032523098034862 ], [ -79.576744293715493, -1.032505651675231 ], [ -79.57679364278043, -1.032462531762568 ], [ -79.576836520662866, -1.032423207611545 ], [ -79.576860431253948, -1.032402054310296 ], [ -79.576891626217218, -1.032366975796433 ], [ -79.576925074649452, -1.032315889572659 ], [ -79.576946838875728, -1.032271943220189 ], [ -79.576978138849555, -1.032202767071466 ], [ -79.576991999775757, -1.032150134458738 ], [ -79.576992021849307, -1.032100480289761 ], [ -79.57698189431369, -1.032042048406905 ], [ -79.576961613912673, -1.031982164835816 ], [ -79.576940609171174, -1.031934671872703 ], [ -79.576925437143714, -1.031904727821898 ], [ -79.57688343899575, -1.031784236479806 ], [ -79.576882560070885, -1.031740099038127 ], [ -79.576871434408616, -1.031703554343092 ], [ -79.576866416208048, -1.03167289130804 ], [ -79.576867166188634, -1.031602796952322 ], [ -79.576882457932413, -1.031565540593226 ], [ -79.576897743165134, -1.031542936282875 ], [ -79.57693980847634, -1.031512294443248 ], [ -79.576990575685315, -1.031513040854318 ], [ -79.577036304238291, -1.031529160607867 ], [ -79.577077619256016, -1.031569336684625 ], [ -79.577095760369872, -1.031590508927902 ], [ -79.577132759461506, -1.031637285531871 ], [ -79.577176238412889, -1.03166073030119 ], [ -79.57722341440072, -1.031654872626386 ], [ -79.577254606051639, -1.031627210563594 ], [ -79.577270611764831, -1.031600898336428 ], [ -79.577290222969353, -1.031549082302911 ], [ -79.577298237496109, -1.031509651984683 ], [ -79.577304106250764, -1.031446071943419 ], [ -79.577304125372038, -1.031403020235305 ], [ -79.57730270650643, -1.031360691438382 ], [ -79.577296985370381, -1.031294211948639 ], [ -79.577291164016387, -1.031251067168016 ], [ -79.577282563933792, -1.031192726413951 ], [ -79.577276019850402, -1.03115835445252 ], [ -79.577273176287591, -1.031086811350666 ], [ -79.577281191126744, -1.031046657472931 ], [ -79.577290637164595, -1.031021065848691 ], [ -79.577321926445848, -1.030975857531529 ], [ -79.577366864826573, -1.030950281870308 ], [ -79.577402451883231, -1.030939354057153 ], [ -79.577448197625486, -1.030916763434305 ], [ -79.577476512326484, -1.030892717854216 ], [ -79.577514268846727, -1.030852577346341 ], [ -79.577539715041453, -1.030813154859541 ], [ -79.577557166513571, -1.030768573423661 ], [ -79.577574521628407, -1.030738644000336 ], [ -79.577597094417442, -1.03069487886869 ], [ -79.577613103967693, -1.030659883930543 ], [ -79.577639263170909, -1.030633576255108 ], [ -79.577679881731015, -1.030623374252906 ], [ -79.577729213846254, -1.030618331520323 ], [ -79.57778143007917, -1.030593482671471 ], [ -79.577811184366183, -1.030565096377348 ], [ -79.577830872472248, -1.030542403580635 ], [ -79.577850472288617, -1.030516183396325 ], [ -79.577875828620506, -1.030476760856842 ], [ -79.577889677817112, -1.030450447642066 ], [ -79.577905690931502, -1.030407403109981 ], [ -79.577914419730192, -1.030378193359569 ], [ -79.577922437798492, -1.030330713438336 ], [ -79.577927484505537, -1.030297160682148 ], [ -79.577929751271625, -1.030251125293212 ], [ -79.577929045393816, -1.030221911302978 ], [ -79.577913165172248, -1.030167908618014 ], [ -79.577881184274503, -1.030151795074415 ], [ -79.577851438378346, -1.03016127841496 ], [ -79.57781153380283, -1.030182424570389 ], [ -79.577775221784137, -1.030207190130876 ], [ -79.577749064554268, -1.030229066019568 ], [ -79.577704838561019, -1.030269203637557 ], [ -79.577676521584266, -1.030298404582356 ], [ -79.577638045926278, -1.03033926833944 ], [ -79.577616919236505, -1.030364040718563 ], [ -79.577577005912374, -1.030404903826549 ], [ -79.57753638507036, -1.030420261183016 ], [ -79.577485617906262, -1.03041942435996 ], [ -79.577455878149962, -1.03041506964161 ], [ -79.577423895614928, -1.030402664328762 ], [ -79.57739641035613, -1.030379950331827 ], [ -79.57739130324299, -1.03034711657837 ], [ -79.577408030696375, -1.030314202194734 ], [ -79.577424035705846, -1.030289427516745 ], [ -79.577448762733511, -1.030250728260913 ], [ -79.577466116194174, -1.030224507071238 ], [ -79.57748724905943, -1.030185806198411 ], [ -79.577499569771234, -1.0301616629761 ], [ -79.577510467018755, -1.030105501657492 ], [ -79.577503299756529, -1.030058014921177 ], [ -79.577486601831069, -1.030024361955734 ], [ -79.577445289722107, -1.029977583436306 ], [ -79.577394539052548, -1.029939573821423 ], [ -79.577335787808323, -1.029909610198363 ], [ -79.577279279386588, -1.029887606724432 ], [ -79.577239388100537, -1.029878815655521 ], [ -79.577211086978494, -1.029872290914057 ], [ -79.577147923548665, -1.029863398942245 ], [ -79.577080447410012, -1.029853871918125 ], [ -79.577028969496467, -1.029834855381662 ], [ -79.576986214883178, -1.029799020038031 ], [ -79.576967370818508, -1.029742031364025 ], [ -79.576968106819137, -1.029703321332905 ], [ -79.576980524158017, -1.029663892992512 ], [ -79.576992126312376, -1.029639116338361 ], [ -79.577016133209426, -1.029603310995222 ], [ -79.577034293741136, -1.029580707961394 ], [ -79.577076362891972, -1.029541292940287 ], [ -79.577124991021932, -1.029502694866627 ], [ -79.577171459126788, -1.029472054960837 ], [ -79.577205611420965, -1.029454524014366 ], [ -79.577233202409317, -1.029441421914213 ], [ -79.577281103005461, -1.029422450024557 ], [ -79.577318038808997, -1.029409352119886 ], [ -79.577377620424699, -1.029390385473479 ], [ -79.577415362990592, -1.029381629278762 ], [ -79.577477010888671, -1.02936347755998 ], [ -79.577509636627823, -1.029343775245757 ], [ -79.577537230543001, -1.029324070671271 ], [ -79.57755979135159, -1.029307258069625 ], [ -79.577614168851966, -1.029271556790138 ], [ -79.577661358713186, -1.029234314719667 ], [ -79.577707110549014, -1.029197886004594 ], [ -79.577731835946906, -1.029162804521088 ], [ -79.577760880786968, -1.029113163362273 ], [ -79.577780492237579, -1.029060623734288 ], [ -79.577790756627124, -1.029013144819341 ], [ -79.57779005622379, -1.028971539895397 ], [ -79.577776230366098, -1.028945214252905 ], [ -79.577751619425129, -1.02892476268278 ], [ -79.577716044374498, -1.028908647542923 ], [ -79.577658814472926, -1.028892613129554 ], [ -79.577604369125396, -1.028878660195991 ], [ -79.57755935940952, -1.028862540821889 ], [ -79.577526037483466, -1.028831141523352 ], [ -79.577511582009649, -1.028806262717674 ], [ -79.57750000570924, -1.028772702504332 ], [ -79.577495625859228, -1.028720785228109 ], [ -79.577497165995581, -1.028692295809756 ], [ -79.577504474210798, -1.028624465495024 ], [ -79.577518248385275, -1.02856459722279 ], [ -79.577534986136897, -1.02850834807116 ], [ -79.577561156271216, -1.028457258503534 ], [ -79.577604755511942, -1.028411965220136 ], [ -79.57763666336362, -1.028390091892675 ], [ -79.577659942310419, -1.028374817164002 ], [ -79.577699847806315, -1.028351500305414 ], [ -79.577726721592626, -1.028334689626233 ], [ -79.577749911686112, -1.028317153735839 ], [ -79.577783350297466, -1.028287955061635 ], [ -79.577807261784471, -1.028264631025944 ], [ -79.577843580245769, -1.028225213378013 ], [ -79.577866146524102, -1.028196009824918 ], [ -79.577897345228166, -1.028152248527743 ], [ -79.577916947284393, -1.028120872968359 ], [ -79.57793952100495, -1.028074846681469 ], [ -79.577948968919785, -1.02804491368519 ], [ -79.577951154149318, -1.027979975291031 ], [ -79.577939576232438, -1.027950032868564 ], [ -79.577914967568518, -1.027924425955716 ], [ -79.577871396155544, -1.027906860130326 ], [ -79.577824218299213, -1.027917059243521 ], [ -79.577793028966923, -1.027939656461869 ], [ -79.577769835997202, -1.027963704381313 ], [ -79.577728394266359, -1.028006737526235 ], [ -79.577701513040054, -1.028040370938887 ], [ -79.577658002384112, -1.02808855850598 ], [ -79.577628966982701, -1.028116945151683 ], [ -79.57759193517829, -1.028143971538215 ], [ -79.577549786902296, -1.028159237805372 ], [ -79.57751717087406, -1.028157052501769 ], [ -79.577477283481855, -1.028139488321912 ], [ -79.577443243724787, -1.028105827592309 ], [ -79.577422955787753, -1.028062766773018 ], [ -79.577410670057233, -1.028007951720658 ], [ -79.577408530376559, -1.027969963949667 ], [ -79.577409994541014, -1.027910090155941 ], [ -79.577415141394923, -1.02785320269151 ], [ -79.577423158770529, -1.027807169888667 ], [ -79.577440616293018, -1.027748750381839 ], [ -79.577465259848211, -1.027695489448793 ], [ -79.577479109642525, -1.027667729106892 ], [ -79.577496553914443, -1.027639246817652 ], [ -79.577513995584752, -1.027616643438265 ], [ -79.577541596593093, -1.02758083967248 ], [ -79.577564071364094, -1.027555344314523 ], [ -79.577600389164331, -1.027517373778617 ], [ -79.577633830316998, -1.027482386630149 ], [ -79.577656303846211, -1.027459695057751 ], [ -79.577702061429363, -1.027410151813509 ], [ -79.577747099579383, -1.027361964916302 ], [ -79.577780455114436, -1.027317390574159 ], [ -79.577800059074221, -1.027281673660044 ], [ -79.577811032254729, -1.027256806255033 ], [ -79.577822652448887, -1.027191148532234 ], [ -79.577820522427572, -1.02713127311663 ], [ -79.577803922080875, -1.027080073920467 ], [ -79.577782188702756, -1.027054558750083 ], [ -79.577735750689371, -1.027017274689289 ], [ -79.577685711442157, -1.026995997745848 ], [ -79.577633512423034, -1.026982136308522 ], [ -79.577587060218221, -1.02697696014585 ], [ -79.577529732129548, -1.026979828697111 ], [ -79.577477523756542, -1.026987131335703 ], [ -79.577422349924902, -1.026995065758022 ], [ -79.577380295047448, -1.027002372943493 ], [ -79.577330872828696, -1.027008139265665 ], [ -79.577288099801081, -1.027013908566257 ], [ -79.577224211702713, -1.027018311732526 ], [ -79.577185035393683, -1.027018294177029 ], [ -79.577157539454589, -1.027019728971869 ], [ -79.577123398206325, -1.027012387644905 ], [ -79.577095815654445, -1.027006496373472 ], [ -79.577053775984041, -1.026979434545475 ], [ -79.577040042536979, -1.026947320495747 ], [ -79.57703646518182, -1.026909332087148 ], [ -79.577042947583877, -1.02688012132968 ], [ -79.577050238990651, -1.026850187376316 ], [ -79.57706625238572, -1.02680632883532 ], [ -79.577080101806615, -1.026779382497298 ], [ -79.577113464722714, -1.026718075885901 ], [ -79.577128042691157, -1.026669151791758 ], [ -79.577130935771535, -1.026628995606043 ], [ -79.577129510385433, -1.026601228420465 ], [ -79.577125934623268, -1.026559622220513 ], [ -79.577123071893851, -1.02653113083297 ], [ -79.577117339996803, -1.026488709664459 ], [ -79.577112237036459, -1.026446379222629 ], [ -79.57711009313708, -1.026417888157301 ], [ -79.57710723620329, -1.026376282279876 ], [ -79.577107967308038, -1.026348516060466 ], [ -79.577107276580875, -1.026284933072201 ], [ -79.577105139115602, -1.026241880400693 ], [ -79.577102995213934, -1.026213389335604 ], [ -79.577084949411514, -1.026179826242374 ], [ -79.577055933080317, -1.026165161195391 ], [ -79.57701747205796, -1.026173193557641 ], [ -79.576987723665113, -1.0261884654027 ], [ -79.576954284146908, -1.026219834763484 ], [ -79.576929563653536, -1.026243972446284 ], [ -79.576909966150765, -1.026265127745442 ], [ -79.576888212474273, -1.026285558520219 ], [ -79.5768671779485, -1.026305266058424 ], [ -79.576831580975139, -1.026338805122576 ], [ -79.576789423067936, -1.026375959036828 ], [ -79.576779267939344, -1.026379662723029 ], [ -79.576740087806641, -1.026388327868527 ], [ -79.576703885409714, -1.026368594692008 ], [ -79.57667919658725, -1.02632110013201 ], [ -79.576666193927323, -1.026261943433673 ], [ -79.576658309058743, -1.026211562170099 ], [ -79.576652494067133, -1.026153855808392 ], [ -79.576648204631041, -1.026100581923484 ], [ -79.576646061052045, -1.026071367305939 ], [ -79.576648235615821, -1.026030487248352 ], [ -79.576661368513115, -1.025998294795254 ], [ -79.576696964837311, -1.025966202846048 ], [ -79.576731746999741, -1.025946501463458 ], [ -79.576756462290717, -1.025934121598074 ], [ -79.57678180623904, -1.025922465571831 ], [ -79.576808677703241, -1.0259108102291 ], [ -79.576850827243831, -1.025892559258394 ], [ -79.576879135730749, -1.02588235167407 ], [ -79.576921913249635, -1.025866362101777 ], [ -79.576949503545251, -1.025854707078281 ], [ -79.577014119433358, -1.025829954137144 ], [ -79.577069210850652, -1.025805106485107 ], [ -79.577096802425302, -1.025790557226537 ], [ -79.577124399194147, -1.025764250148429 ], [ -79.57713240941456, -1.025734316511794 ], [ -79.577125238843337, -1.025694155820517 ], [ -79.577094793200772, -1.025660587181471 ], [ -79.577065060277121, -1.025640856912808 ], [ -79.577041794276084, -1.025626918004371 ], [ -79.577004155491139, -1.025604289964978 ], [ -79.576976578103313, -1.025586731336282 ], [ -79.57693597673925, -1.025558223061307 ], [ -79.57690911982165, -1.025536956519952 ], [ -79.576872115810147, -1.025501214274327 ], [ -79.576848226308456, -1.025474884154747 ], [ -79.576819221928716, -1.025433176135965 ], [ -79.576805486872587, -1.025404679887409 ], [ -79.576794627459506, -1.025375461367932 ], [ -79.576785224403494, -1.025303915350056 ], [ -79.576781656373839, -1.025244762876587 ], [ -79.576780237405899, -1.025202434091304 ], [ -79.576778827503844, -1.025139574348304 ], [ -79.576777417240706, -1.0250775286081 ], [ -79.576771692713336, -1.025018375170345 ], [ -79.576765957242657, -1.024984003593618 ], [ -79.576752863699795, -1.02492710797898 ], [ -79.576736266215647, -1.024869396794625 ], [ -79.576723976883585, -1.024822631354468 ], [ -79.576708098228792, -1.024764920492935 ], [ -79.576693566103145, -1.024710104466783 ], [ -79.576681278046919, -1.024660444796323 ], [ -79.576666833817498, -1.024610060603928 ], [ -79.576646552002899, -1.02455307133388 ], [ -79.576630664961456, -1.02451435387158 ], [ -79.576611097785175, -1.024466861622334 ], [ -79.576605282115636, -1.024410602381408 ], [ -79.576627134636738, -1.024369731121493 ], [ -79.576666317330094, -1.024355187034842 ], [ -79.576719954595958, -1.024367601949462 ], [ -79.576770711671685, -1.024391049837449 ], [ -79.576824429415524, -1.024424719308147 ], [ -79.576849758218628, -1.024447341824849 ], [ -79.576881644077233, -1.024475122625444 ], [ -79.576922335931926, -1.024502183805546 ], [ -79.576962947592392, -1.024507357315102 ], [ -79.576994850854263, -1.02449570420284 ], [ -79.577025323877663, -1.02446722772224 ], [ -79.577042778069909, -1.02441613422655 ], [ -79.577053768609886, -1.024351832903268 ], [ -79.57706178331776, -1.024311679004734 ], [ -79.577071238917938, -1.024264199722915 ], [ -79.577093008322564, -1.024208043245326 ], [ -79.577119170629913, -1.024174409479799 ], [ -79.577138767463069, -1.024154701275476 ], [ -79.577187395103508, -1.024116826642359 ], [ -79.57723754934112, -1.024081032919063 ], [ -79.577277466980732, -1.024029949450921 ], [ -79.577293476398623, -1.023994954471319 ], [ -79.577302212201147, -1.023949645535924 ], [ -79.577289205926277, -1.023898538421071 ], [ -79.577256517513945, -1.0238568287721 ], [ -79.577211602481171, -1.023829856161894 ], [ -79.577157874755983, -1.02381879789674 ], [ -79.577100635634494, -1.023823837233174 ], [ -79.577062174009441, -1.023833316751667 ], [ -79.577036023315898, -1.023840631095094 ], [ -79.576974285044344, -1.023860320471679 ], [ -79.576922071956645, -1.02387847654108 ], [ -79.576887202850557, -1.023891665896685 ], [ -79.57683930274689, -1.023909823890614 ], [ -79.576810994924614, -1.023918584382899 ], [ -79.576763905101629, -1.023933124946018 ], [ -79.576734878449273, -1.023941885115795 ], [ -79.576695698316058, -1.023950640747149 ], [ -79.576636121726892, -1.023958573258551 ], [ -79.576606379796061, -1.023959283523058 ], [ -79.576574485563697, -1.023950496125614 ], [ -79.576549878826938, -1.023920547912262 ], [ -79.576546217363571, -1.023869444987908 ], [ -79.576561519560158, -1.023808130281402 ], [ -79.576581122849319, -1.023773770034121 ], [ -79.576597126480522, -1.023751889554307 ], [ -79.576640008645157, -1.023702254543521 ], [ -79.576667604692631, -1.02367748500979 ], [ -79.576714077138462, -1.023636624741289 ], [ -79.57676773724981, -1.023597214797886 ], [ -79.576809891885773, -1.023567296412506 ], [ -79.576862830892495, -1.023533041493965 ], [ -79.576919453267067, -1.023500235334544 ], [ -79.576976794471904, -1.023467429493563 ], [ -79.577011665804619, -1.023449175223539 ], [ -79.577047974798361, -1.023430921594618 ], [ -79.577124186579738, -1.023395229941694 ], [ -79.57726061684113, -1.023322301921109 ], [ -79.577299713933769, -1.023298080174195 ], [ -79.577327307704749, -1.023278465974611 ], [ -79.577368653015554, -1.023249994323942 ], [ -79.577394809802414, -1.023228841919666 ], [ -79.57742968531862, -1.023201090936743 ], [ -79.577465192361231, -1.023167551767684 ], [ -79.57749350854742, -1.023139797854559 ], [ -79.577513915007017, -1.023117919322003 ], [ -79.577548704850756, -1.02308067159269 ], [ -79.577571989181493, -1.023053005875973 ], [ -79.577607589978683, -1.023010603152392 ], [ -79.57763150296627, -1.022983661272736 ], [ -79.57766638457251, -1.022942072228614 ], [ -79.577691106283169, -1.022915040263113 ], [ -79.57772958267779, -1.022872005703133 ], [ -79.577755655101754, -1.022838371867431 ], [ -79.577791260034473, -1.022786562876959 ], [ -79.57781310992408, -1.022751570483223 ], [ -79.577839288563538, -1.022680763875175 ], [ -79.577839311416838, -1.02262884856511 ], [ -79.577826306062164, -1.022575570772567 ], [ -79.577810326891949, -1.022541918177621 ], [ -79.577774139888575, -1.022487182931188 ], [ -79.577745133826227, -1.022449183177313 ], [ -79.577714688510994, -1.02241480057448 ], [ -79.577637093075339, -1.022327848516299 ], [ -79.577617515892655, -1.022302967466045 ], [ -79.577584195894886, -1.022267136467142 ], [ -79.577546473340263, -1.022230670392153 ], [ -79.57750515348998, -1.022201347852683 ], [ -79.577460955692203, -1.022177993386806 ], [ -79.577410914851527, -1.022160424782324 ], [ -79.57737974267144, -1.022144311708725 ], [ -79.577361603789626, -1.022117984185957 ], [ -79.577348585897155, -1.022093196508486 ], [ -79.577331884676141, -1.022066869627371 ], [ -79.577313745157753, -1.022041989221814 ], [ -79.577294167620749, -1.02201792217841 ], [ -79.577269558630377, -1.021993038888676 ], [ -79.577241264958701, -1.021969691517636 ], [ -79.57721153235336, -1.0219492377384 ], [ -79.577180361491102, -1.021930139989844 ], [ -79.577144787436254, -1.021911854281127 ], [ -79.577108582773789, -1.021897276527364 ], [ -79.577073006491446, -1.021884055725559 ], [ -79.577033834745492, -1.021873817998106 ], [ -79.576993941941069, -1.021868644856449 ], [ -79.576932303530867, -1.021865723136363 ], [ -79.57688512934898, -1.021867872773055 ], [ -79.57685179232891, -1.021870752138238 ], [ -79.576801651700436, -1.021875794683121 ], [ -79.576769033153155, -1.021879488370576 ], [ -79.576722577485853, -1.021882361883013 ], [ -79.576694992382372, -1.021882349579213 ], [ -79.576630482562223, -1.021870562985923 ], [ -79.57657388724077, -1.021842047641908 ], [ -79.576545596489197, -1.02181209780757 ], [ -79.576528983181561, -1.021790202765811 ], [ -79.576513718675656, -1.021766047206978 ], [ -79.576503577425953, -1.021738276143271 ], [ -79.57649497332487, -1.021688618134357 ], [ -79.576494270898039, -1.021651354581489 ], [ -79.576497889133677, -1.021596637117557 ], [ -79.576507436799162, -1.021544002527049 ], [ -79.576514639548392, -1.021511174292242 ], [ -79.576524903454114, -1.021464418929537 ], [ -79.576528509783628, -1.021436744441746 ], [ -79.576532222404481, -1.021371716316242 ], [ -79.576532968536796, -1.021309671544934 ], [ -79.576533709215369, -1.021260017702993 ], [ -79.576531571389879, -1.021217598158435 ], [ -79.576531585835113, -1.021184766717716 ], [ -79.576531700757997, -1.021127786571404 ], [ -79.576531718424931, -1.021087629106711 ], [ -79.576533902209221, -1.021025584975999 ], [ -79.57653545510604, -1.020967881912386 ], [ -79.576536189690344, -1.020932066115483 ], [ -79.576535488524058, -1.020891908330313 ], [ -79.576528944955726, -1.020856089289947 ], [ -79.576523931764356, -1.020813758909181 ], [ -79.576518920203213, -1.020767720294241 ], [ -79.576515341129934, -1.020733440136272 ], [ -79.576512392026601, -1.020696899140144 ], [ -79.576505226838051, -1.020644347543551 ], [ -79.576502366314543, -1.020610700819384 ], [ -79.576494392122854, -1.02055887242087 ], [ -79.576488656279551, -1.020525224415952 ], [ -79.576479963893036, -1.020471948581952 ], [ -79.576473420637953, -1.020435405985541 ], [ -79.576465538881706, -1.020377698720226 ], [ -79.576460523098746, -1.020341247249409 ], [ -79.576453269998495, -1.020284263822735 ], [ -79.576448973083771, -1.020247722227708 ], [ -79.57644387293206, -1.02019878934362 ], [ -79.576440292579719, -1.020167403419055 ], [ -79.576430157439148, -1.02012570387333 ], [ -79.57640555644943, -1.02008264121444 ], [ -79.57635983793385, -1.020043910500045 ], [ -79.576322915142796, -1.02002779489116 ], [ -79.576296770939109, -1.020020457223234 ], [ -79.57625472199696, -1.020014559587976 ], [ -79.576227137233076, -1.020013823744794 ], [ -79.576185082487811, -1.020021131039105 ], [ -79.576156775038669, -1.020029168013528 ], [ -79.5761117525781, -1.020042262448047 ], [ -79.576085601339457, -1.020050933494923 ], [ -79.576039141180914, -1.020064117731922 ], [ -79.576005082142842, -1.020074322815612 ], [ -79.575942629064457, -1.02008514836278 ], [ -79.575873711613141, -1.020084394102398 ], [ -79.575860414701026, -1.020081132168146 ], [ -79.575832383417179, -1.020074155435501 ], [ -79.575788901637338, -1.020057313343739 ], [ -79.575760603855997, -1.020043372248194 ], [ -79.575726560531081, -1.020017851667891 ], [ -79.575709857731468, -1.01999514260007 ], [ -79.575688859891855, -1.019931641047819 ], [ -79.575697592081269, -1.019894381710984 ], [ -79.575710632434109, -1.019868068104819 ], [ -79.575741916261009, -1.019834527046564 ], [ -79.575766543242295, -1.019818438854633 ], [ -79.575818127555223, -1.019799558882469 ], [ -79.575881207412806, -1.019793708069997 ], [ -79.575941408694533, -1.019795272442274 ], [ -79.575977711485407, -1.019790947262525 ], [ -79.57601833015498, -1.0197800215383 ], [ -79.576040175211105, -1.019755882521063 ], [ -79.576062656914218, -1.01971428795184 ], [ -79.576077958669345, -1.019653696789067 ], [ -79.576076550223291, -1.019587219277413 ], [ -79.57605709688616, -1.01948500805985 ], [ -79.576039689357515, -1.019430190798029 ], [ -79.576029906276119, -1.019405223694881 ], [ -79.57601402399392, -1.019355562463198 ], [ -79.576005322970758, -1.019321913147346 ], [ -79.576001744201832, -1.019286909440684 ], [ -79.576000330303785, -1.019232822857972 ], [ -79.576001784013755, -1.019196283830816 ], [ -79.57600764917332, -1.019140120258728 ], [ -79.576012786563666, -1.019104306428637 ], [ -79.576030240299403, -1.019053936476342 ], [ -79.576047595838318, -1.019022559874863 ], [ -79.576083916931836, -1.01897653966375 ], [ -79.576110794056888, -1.018951769763367 ], [ -79.576180438343513, -1.018934254469475 ], [ -79.576221133709382, -1.018953265971825 ], [ -79.576243587155261, -1.018975977593097 ], [ -79.576279769942076, -1.019040299907589 ], [ -79.576303644405556, -1.019100908512433 ], [ -79.576329765210247, -1.01916151811786 ], [ -79.576347180139123, -1.019199512662554 ], [ -79.576374650019545, -1.0192572286381 ], [ -79.576392785048768, -1.019292329272329 ], [ -79.57641738410031, -1.019339823714902 ], [ -79.576431928557753, -1.019366782724321 ], [ -79.576453654516314, -1.019409210983244 ], [ -79.576476827151794, -1.019431108926849 ], [ -79.576504410920819, -1.019434105879446 ], [ -79.576531998265466, -1.019428962805159 ], [ -79.576557342763991, -1.019415859593567 ], [ -79.576588624676148, -1.019386659856052 ], [ -79.576619106881225, -1.019337019245287 ], [ -79.576637275913143, -1.019294699180355 ], [ -79.576648162943343, -1.019261149016929 ], [ -79.576664181918403, -1.019204175942348 ], [ -79.576672914722039, -1.019165469468076 ], [ -79.576685339229172, -1.01910921835126 ], [ -79.576692542890271, -1.019074219431399 ], [ -79.576704971881156, -1.019007748056929 ], [ -79.576714432482618, -1.018948601387554 ], [ -79.576720288017995, -1.018914325425243 ], [ -79.576728305836852, -1.01886684548835 ], [ -79.576741444678774, -1.018820814944615 ], [ -79.576747929505075, -1.018785815703164 ], [ -79.576760353048073, -1.018731735256045 ], [ -79.576767646238224, -1.018697459931562 ], [ -79.576773417074804, -1.018651426110047 ], [ -79.576773530978713, -1.018596616630728 ], [ -79.576770685146954, -1.018529414902302 ], [ -79.576768554928535, -1.018469539518396 ], [ -79.576760581641409, -1.018415540447283 ], [ -79.576753417393377, -1.018360727733198 ], [ -79.576745444739103, -1.018305281546757 ], [ -79.576744752848498, -1.018243869241791 ], [ -79.576747017756418, -1.018201542096933 ], [ -79.57675134449758, -1.018170159685214 ], [ -79.57675576240095, -1.018135792636498 ], [ -79.576766659326424, -1.018079631277388 ], [ -79.576771798595942, -1.018039476083528 ], [ -79.576776947502495, -1.017977342814814 ], [ -79.576777684892932, -1.017935014990354 ], [ -79.576771151196112, -1.017876584766607 ], [ -79.576762539007007, -1.017845196605709 ], [ -79.576737845275431, -1.017808645949134 ], [ -79.576713952533709, -1.017789641933769 ], [ -79.576662474407016, -1.01777134922202 ], [ -79.576623300480165, -1.01776617646719 ], [ -79.576559412639511, -1.01777048943216 ], [ -79.576513673608716, -1.017778518694314 ], [ -79.576437471340967, -1.017793046442386 ], [ -79.576405570405853, -1.017799634734753 ], [ -79.576375825680529, -1.017806857098023 ], [ -79.576347519525854, -1.017811999870772 ], [ -79.576305465805859, -1.017817046089224 ], [ -79.576277882368444, -1.017813325596757 ], [ -79.5762365532308, -1.017805257647668 ], [ -79.576211128820248, -1.017795749650521 ], [ -79.576177801139337, -1.017777465000771 ], [ -79.576148076252082, -1.017739464997974 ], [ -79.576137216459955, -1.017710970077437 ], [ -79.576128512480182, -1.017684013675775 ], [ -79.576124211367201, -1.017656968786051 ], [ -79.576126382927285, -1.01762260074836 ], [ -79.576131522194657, -1.017582445565614 ], [ -79.576139539315264, -1.017536503197711 ], [ -79.57615259597074, -1.017472926343195 ], [ -79.576162140600104, -1.017426984653012 ], [ -79.576168624177882, -1.017394789203919 ], [ -79.576174479057414, -1.017361960362133 ], [ -79.576179622800097, -1.017311584923504 ], [ -79.57618035538809, -1.017280200921985 ], [ -79.576171669999511, -1.017210825943943 ], [ -79.576141320296102, -1.0171633289727 ], [ -79.576088318207951, -1.01713698601134 ], [ -79.57602227680313, -1.017134695559615 ], [ -79.575986780468554, -1.017144176490453 ], [ -79.575946871394819, -1.017176266644689 ], [ -79.575917024297468, -1.017212069501424 ], [ -79.575898142233086, -1.017241274762637 ], [ -79.575875658687295, -1.017287210699012 ], [ -79.575862527251729, -1.017316418513829 ], [ -79.575848040951641, -1.01736172488877 ], [ -79.575840030535232, -1.017392382093895 ], [ -79.575829857880265, -1.017436152824162 ], [ -79.575822566926078, -1.017465363232744 ], [ -79.575807992077614, -1.017507684890227 ], [ -79.575797108882441, -1.017532552354693 ], [ -79.57575566586155, -1.017579293861468 ], [ -79.57571791873994, -1.017598903590437 ], [ -79.575690419372521, -1.017608388063954 ], [ -79.575635246366943, -1.017614966004863 ], [ -79.575572805816037, -1.017597391973098 ], [ -79.57552502358466, -1.017552057927984 ], [ -79.575509049524939, -1.017506738022801 ], [ -79.575506191192233, -1.017468026412353 ], [ -79.575509905620549, -1.017398656963369 ], [ -79.575516487347628, -1.017347558621831 ], [ -79.575523799445889, -1.017270141190946 ], [ -79.575525977392203, -1.01722121156507 ], [ -79.575521692939972, -1.017156179907351 ], [ -79.575510837276113, -1.017118278746128 ], [ -79.575494947630204, -1.017085349808101 ], [ -79.575458664713054, -1.017044452674348 ], [ -79.575429653233229, -1.017018843929304 ], [ -79.575383214008525, -1.016984454304 ], [ -79.575355728097335, -1.016963278028664 ], [ -79.57532016147357, -1.016928169677574 ], [ -79.575300583946287, -1.016904102685872 ], [ -79.575280294332956, -1.016864659777224 ], [ -79.575273117906193, -1.016837613620366 ], [ -79.575269542998001, -1.016793746347515 ], [ -79.575271712609819, -1.016763810112193 ], [ -79.575285579481559, -1.01669670629678 ], [ -79.575299344998626, -1.016655831401843 ], [ -79.575310228182914, -1.016630963940176 ], [ -79.575324076494553, -1.016606188239936 ], [ -79.575362556891392, -1.016553566507481 ], [ -79.57539887628181, -1.016511254510663 ], [ -79.575430791261184, -1.016472558344931 ], [ -79.5754562354754, -1.016436843980192 ], [ -79.575468649020479, -1.016405465175001 ], [ -79.575479532517846, -1.01637987415208 ], [ -79.575489697820501, -1.016352835694485 ], [ -79.57550274450027, -1.016311960473749 ], [ -79.575510752959829, -1.01628573506042 ], [ -79.575521023490523, -1.016223604097012 ], [ -79.575508021275553, -1.016163000362322 ], [ -79.575493481643079, -1.016125007125747 ], [ -79.575479745580822, -1.016098681615037 ], [ -79.575457298479321, -1.016061498871697 ], [ -79.575434133896778, -1.016021240690044 ], [ -79.575418869967791, -1.015995728504654 ], [ -79.575398579391276, -1.015958456275332 ], [ -79.575386999497169, -1.015932855281015 ], [ -79.57537757703885, -1.015905084571296 ], [ -79.575371838892437, -1.015876591939254 ], [ -79.575371858384429, -1.015832093148111 ], [ -79.575374745542931, -1.015805051459616 ], [ -79.575393732131445, -1.015742291252855 ], [ -79.575431491412445, -1.015694824532084 ], [ -79.575461961029717, -1.015673673988024 ], [ -79.575486586325027, -1.01566129398784 ], [ -79.575530892436348, -1.015642320254522 ], [ -79.575564232891367, -1.015631391235236 ], [ -79.575614377225918, -1.015617575439001 ], [ -79.5756462784408, -1.015610263568633 ], [ -79.575690580355698, -1.015600876970077 ], [ -79.575741354339797, -1.015585523889332 ], [ -79.575797250887277, -1.015568092850433 ], [ -79.575830591977649, -1.015555716710553 ], [ -79.575853870143845, -1.015541798546295 ], [ -79.575891623639208, -1.015507536736053 ], [ -79.575914818642019, -1.015478333373115 ], [ -79.575936675420863, -1.015427241789453 ], [ -79.575942442040159, -1.015390704672604 ], [ -79.575943274036419, -1.015337433090957 ], [ -79.575938885303628, -1.015305232818303 ], [ -79.57592515623486, -1.015262898593795 ], [ -79.575898310171468, -1.015216850319801 ], [ -79.575851246428911, -1.015172240198562 ], [ -79.575791776804962, -1.015141553066812 ], [ -79.575730864104401, -1.01512325622368 ], [ -79.575673542024518, -1.015113010553154 ], [ -79.575616936558021, -1.015107830104482 ], [ -79.575556736318774, -1.015104095176599 ], [ -79.575515405281308, -1.015100459059996 ], [ -79.575487822823078, -1.015094567921816 ], [ -79.575443530777434, -1.015081433796073 ], [ -79.575392772209113, -1.01506160389355 ], [ -79.575336983072773, -1.015038967974041 ], [ -79.575283981970387, -1.015010454384814 ], [ -79.575245544184668, -1.014965848096072 ], [ -79.575226071229423, -1.014908135735555 ], [ -79.575223579398354, -1.014853144247063 ], [ -79.575226114375013, -1.014809551021004 ], [ -79.575228283326979, -1.014781061899104 ], [ -79.575230548820841, -1.014737287663956 ], [ -79.575232717771826, -1.014708798541916 ], [ -79.575230591009245, -1.014640873621732 ], [ -79.575214714127156, -1.014578731067569 ], [ -79.575199453714134, -1.014545169315442 ], [ -79.575170541664008, -1.014497673027038 ], [ -79.575150966384001, -1.014468450709129 ], [ -79.575123399564646, -1.014426833924432 ], [ -79.575112538174011, -1.014401956815847 ], [ -79.575100246764052, -1.014359623245514 ], [ -79.575097384549053, -1.014329684779484 ], [ -79.575103244847654, -1.014284374579659 ], [ -79.575110445588834, -1.014255887688881 ], [ -79.575123578874866, -1.014222338523589 ], [ -79.575135180853295, -1.014197471371054 ], [ -79.575152627105297, -1.014163924116217 ], [ -79.575184638243869, -1.014110666368388 ], [ -79.575220963652967, -1.014054425854854 ], [ -79.575248562079793, -1.014023777325923 ], [ -79.575270315877106, -1.0140026229014 ], [ -79.575302947363468, -1.013969082369672 ], [ -79.575324072857939, -1.013946390105258 ], [ -79.575346546431163, -1.013923065324484 ], [ -79.575366863836749, -1.01389901603024 ], [ -79.575401026032893, -1.013858150150516 ], [ -79.575422783030575, -1.013829669701221 ], [ -79.575461260761884, -1.013782926823388 ], [ -79.575488859815991, -1.0137508311706 ], [ -79.57553317766569, -1.013704904877957 ], [ -79.575562213109095, -1.01367570408979 ], [ -79.575603655052248, -1.013631133190699 ], [ -79.57563044510573, -1.01359976073246 ], [ -79.575661016000097, -1.013552381230374 ], [ -79.575677024621655, -1.01351874287877 ], [ -79.575690793583647, -1.013469818375974 ], [ -79.575692075557512, -1.013414828548273 ], [ -79.575672782781851, -1.013355940490156 ], [ -79.575627784087672, -1.013314949110868 ], [ -79.575592299945711, -1.013296663569893 ], [ -79.57556615610099, -1.013288602417261 ], [ -79.575524106255784, -1.013284966015295 ], [ -79.575495082635854, -1.013287123841232 ], [ -79.575450781041667, -1.01329587736826 ], [ -79.575421034129349, -1.013308255126314 ], [ -79.575376007029533, -1.013332293487545 ], [ -79.575346256916191, -1.013351997264541 ], [ -79.575305629750915, -1.013382640035278 ], [ -79.575279472827248, -1.01340451607444 ], [ -79.575244597231645, -1.013432990716211 ], [ -79.575222844075881, -1.013452698030737 ], [ -79.575201810419628, -1.013470868103276 ], [ -79.575158931460422, -1.013513991240579 ], [ -79.57512189653346, -1.013548976940387 ], [ -79.575079110628238, -1.013584774093786 ], [ -79.57504639345035, -1.013608817893715 ], [ -79.575023923086064, -1.013624816652994 ], [ -79.57498904748708, -1.013653291285437 ], [ -79.574962263484053, -1.013670825692475 ], [ -79.574920112324591, -1.013693418194192 ], [ -79.574890364778639, -1.01370724305413 ], [ -79.574859899670642, -1.013718173365264 ], [ -79.574793134082526, -1.013728364034853 ], [ -79.574740933377925, -1.013718844213338 ], [ -79.574709766688571, -1.013690340326468 ], [ -79.574699628910878, -1.013654519737542 ], [ -79.574704680834913, -1.013608485628744 ], [ -79.574717824946617, -1.013550154626825 ], [ -79.57471497170252, -1.013499685225605 ], [ -79.574706272170673, -1.013462508604181 ], [ -79.574675835499406, -1.0134084091973 ], [ -79.574633086020526, -1.013360906799721 ], [ -79.574583773722694, -1.013321451073314 ], [ -79.574534457630492, -1.013290678035749 ], [ -79.574485859062491, -1.01326288999107 ], [ -79.574443098398689, -1.013240983436991 ], [ -79.574410489275309, -1.013223422724526 ], [ -79.574385065856447, -1.013211744099288 ], [ -79.574342305551269, -1.013189023543862 ], [ -79.574300984800061, -1.013161962282039 ], [ -79.574275563953265, -1.013144404754572 ], [ -79.57424224079071, -1.013115899921456 ], [ -79.574225538889664, -1.013091110683024 ], [ -79.574220518921251, -1.01306406550271 ], [ -79.574227089726833, -1.01303774901396 ], [ -79.57424453852822, -1.012998322865744 ], [ -79.57426773759137, -1.012959713265667 ], [ -79.574304054975372, -1.012921742587068 ], [ -79.574351245254249, -1.012882329606946 ], [ -79.574383153415539, -1.012859009010083 ], [ -79.574405713975267, -1.012842196290006 ], [ -79.574439060739408, -1.012816705656153 ], [ -79.574461621614986, -1.012799169377546 ], [ -79.574493530407707, -1.012774401662659 ], [ -79.574568317815434, -1.012707234372658 ], [ -79.574578475677754, -1.012697109064685 ], [ -79.574603830622507, -1.012659857078066 ], [ -79.574619128028814, -1.012608762601442 ], [ -79.574616267378218, -1.012575206356392 ], [ -79.574584392410443, -1.012522553440681 ], [ -79.574540196976471, -1.012494043803732 ], [ -79.574514053466103, -1.012485259098047 ], [ -79.574485032750502, -1.012480814463578 ], [ -79.574448733553638, -1.012477180609441 ], [ -79.574401559882489, -1.012478606843509 ], [ -79.57434279417474, -1.01248219861769 ], [ -79.574300021741749, -1.012487244585351 ], [ -79.574268840674819, -1.012491662570961 ], [ -79.57422597965413, -1.01249381426859 ], [ -79.574196957994062, -1.012491540303647 ], [ -79.574151313732528, -1.012488625866587 ], [ -79.574121572890633, -1.012487165584709 ], [ -79.57407655827636, -1.012482713866224 ], [ -79.574025077380725, -1.012471023711194 ], [ -79.573993635333892, -1.012455815086547 ], [ -79.57397360225707, -1.012446128637826 ], [ -79.573931480503404, -1.012401520770252 ], [ -79.573902573245007, -1.012343080721645 ], [ -79.573888044424407, -1.012280305696294 ], [ -79.573883757346792, -1.012221062547254 ], [ -79.573894745302496, -1.012161916604817 ], [ -79.573915073503173, -1.012113085487216 ], [ -79.573946993775792, -1.012061998382812 ], [ -79.573968839643484, -1.012035688655273 ], [ -79.57401019100223, -1.011992655296808 ], [ -79.574041383200239, -1.011962731916925 ], [ -79.574066102754855, -1.011940131689625 ], [ -79.574106012981147, -1.011905056819367 ], [ -79.574135765272189, -1.011880288145081 ], [ -79.574180798719766, -1.011841597751731 ], [ -79.574209114975062, -1.011813120208266 ], [ -79.574258561740976, -1.011750373480597 ], [ -79.574285450843917, -1.011697837019692 ], [ -79.574300651701236, -1.011662027652324 ], [ -79.574317387369362, -1.011609486698281 ], [ -79.574323961984561, -1.011574397071923 ], [ -79.574329824128057, -1.011524745537395 ], [ -79.574329118368027, -1.011494808037474 ], [ -79.574318274453049, -1.011429863964718 ], [ -79.574304540939622, -1.01139765958719 ], [ -79.574276972217405, -1.011360384190392 ], [ -79.57423852579069, -1.011335585349067 ], [ -79.574191359483166, -1.011320188897968 ], [ -79.574152995609239, -1.011312122357533 ], [ -79.574126130756028, -1.011309125803414 ], [ -79.5740608089407, -1.011305479129586 ], [ -79.57400644607884, -1.011309072874372 ], [ -79.573977422180761, -1.011311954267446 ], [ -79.573938962693532, -1.011317092603552 ], [ -79.573900501982905, -1.01132503472291 ], [ -79.57387066778692, -1.011331623987276 ], [ -79.573832296259155, -1.011341103703962 ], [ -79.573787992515236, -1.011354922139227 ], [ -79.573740094637699, -1.011368738983432 ], [ -79.573685637466269, -1.011382552924616 ], [ -79.573653018805487, -1.011386879837537 ], [ -79.573593531743683, -1.011396350207868 ], [ -79.57355651058603, -1.0113999516145 ], [ -79.573511492441952, -1.011403639926968 ], [ -79.573481751341404, -1.011402812766072 ], [ -79.573460733638086, -1.011384533648868 ], [ -79.573436126896553, -1.011354585585182 ], [ -79.573420156897171, -1.011299859511801 ], [ -79.57341226769428, -1.011258884599434 ], [ -79.573410124602162, -1.011228222918353 ], [ -79.573410145650769, -1.011180015934577 ], [ -79.573418891395562, -1.01111137232155 ], [ -79.573433470892084, -1.011058106877274 ], [ -79.573442920140096, -1.011024556094968 ], [ -79.57345021961936, -1.010975628772443 ], [ -79.573450232687293, -1.010945691601831 ], [ -79.573426360087836, -1.010880651346934 ], [ -79.573390797002617, -1.010837493526046 ], [ -79.573357468092212, -1.010822193642645 ], [ -79.573316854391933, -1.010822175681208 ], [ -79.573287111364564, -1.010825780312407 ], [ -79.573247931488893, -1.010834536113649 ], [ -79.573197788245864, -1.010846181293202 ], [ -79.573147733277438, -1.010861444295719 ], [ -79.573094803319478, -1.010875982468 ], [ -79.573038909782525, -1.010886901542728 ], [ -79.572976551586748, -1.010886873956638 ], [ -79.572938816081077, -1.010880254805205 ], [ -79.5729097953988, -1.010875810179937 ], [ -79.572870623821316, -1.010865572608004 ], [ -79.572833523609773, -1.01084448259829 ], [ -79.572806583456511, -1.010808202388287 ], [ -79.572780110498798, -1.010730860530279 ], [ -79.572754176304414, -1.010654332913647 ], [ -79.572721583962917, -1.010598423725166 ], [ -79.572676680536915, -1.010545222430682 ], [ -79.572627731305786, -1.010497536469267 ], [ -79.57256664355215, -1.010468928952029 ], [ -79.572527016518961, -1.010472890986008 ], [ -79.572497453487685, -1.010475862580632 ], [ -79.572426994145445, -1.010508753246402 ], [ -79.572355085223734, -1.010568957536026 ], [ -79.572287390437438, -1.010649694608204 ], [ -79.572238661877407, -1.010713979151656 ], [ -79.572176440428947, -1.01081235533071 ], [ -79.572111356156128, -1.010882149745848 ], [ -79.572051767867663, -1.010917758535134 ], [ -79.5719839160421, -1.010946580319195 ], [ -79.571922903222642, -1.010952160870773 ], [ -79.571884900626543, -1.010939934026787 ], [ -79.571818258712312, -1.010873065977738 ], [ -79.571818196918727, -1.010808850300621 ], [ -79.571808537500758, -1.0107064627633 ], [ -79.571756753578001, -1.010565888970231 ], [ -79.571726550589062, -1.010388332903239 ], [ -79.571692539704301, -1.010288738376967 ], [ -79.571674767249903, -1.010246402452548 ], [ -79.571661128636705, -1.010202711689335 ], [ -79.571635277725022, -1.010141288387024 ], [ -79.571663616131758, -1.010061981036979 ], [ -79.571735429796163, -1.010014077184821 ], [ -79.571770746935101, -1.010003058570482 ], [ -79.57184803390706, -1.009972884270298 ], [ -79.571906360030127, -1.009946862030429 ], [ -79.572013480095634, -1.009912540466625 ], [ -79.572035592599505, -1.009892833326297 ], [ -79.572050879967477, -1.009864621375973 ], [ -79.572064554160875, -1.009826821585557 ], [ -79.572132099544575, -1.009676532545271 ], [ -79.572153248206234, -1.009600568439047 ], [ -79.572092835735944, -1.009465869738602 ], [ -79.571943280697099, -1.009349853670204 ], [ -79.571780791110939, -1.009223973433616 ], [ -79.571588372375487, -1.009116530669053 ], [ -79.571438713129993, -1.00903352684498 ], [ -79.571346884507903, -1.009030411135249 ], [ -79.571208605856981, -1.009017959097738 ], [ -79.571034107384747, -1.009026112397442 ], [ -79.570892548720536, -1.009117489231532 ], [ -79.570793663598678, -1.009224260495584 ], [ -79.57081427608648, -1.009347364629687 ], [ -79.570833256125098, -1.009505017857376 ], [ -79.570733463830791, -1.009631505606944 ], [ -79.570552361864486, -1.009740863336019 ], [ -79.570369024987585, -1.009824081581667 ], [ -79.570221753306598, -1.009829352602513 ], [ -79.57007712216091, -1.00975503361762 ], [ -79.570094875800024, -1.0096347502812 ], [ -79.570223416756136, -1.009518224208979 ], [ -79.570317182990053, -1.009405210064776 ], [ -79.570424443502759, -1.00925484829163 ], [ -79.570539979376491, -1.009084140142714 ], [ -79.570566821911612, -1.008932295653203 ], [ -79.570513340452393, -1.008769562295752 ], [ -79.570364137087381, -1.00867163533923 ], [ -79.570163513701928, -1.008628766356761 ], [ -79.570016361200288, -1.008567018118042 ], [ -79.569865239934003, -1.008540179702515 ], [ -79.569660085880429, -1.008584497196802 ], [ -79.569475250174492, -1.008602413870982 ], [ -79.569376600353536, -1.008582020211056 ], [ -79.569323232391326, -1.008571052813457 ], [ -79.569240606331718, -1.008482199774075 ], [ -79.569270208997523, -1.008388331505428 ], [ -79.569387484583004, -1.008348768708075 ], [ -79.569501622182983, -1.008293467173675 ], [ -79.569672240745348, -1.008116271431906 ], [ -79.56969018308574, -1.007975185954905 ], [ -79.569651793959054, -1.007819333120441 ], [ -79.569564687368242, -1.007702621220073 ], [ -79.569435148109704, -1.007636358591753 ], [ -79.569325438451074, -1.007634139423713 ], [ -79.569156454465571, -1.007566140912578 ], [ -79.569040493036752, -1.007477001840007 ], [ -79.568961293669801, -1.007360022129621 ], [ -79.56894778623429, -1.007221636126321 ], [ -79.568947428187087, -1.007012528364311 ], [ -79.568947068779963, -1.006806495713319 ], [ -79.568966485538823, -1.006580935793702 ], [ -79.569060948400278, -1.00651829950311 ], [ -79.569185556464092, -1.006559868552761 ], [ -79.569278398587556, -1.00671113272522 ], [ -79.569283007539553, -1.006856569482894 ], [ -79.569283300933108, -1.00700797366987 ], [ -79.569295114915477, -1.007114884263993 ], [ -79.569360606041855, -1.007141865657981 ], [ -79.569408497763661, -1.007141796375055 ], [ -79.569457388558604, -1.007117217077266 ], [ -79.569702520906787, -1.006880993908396 ], [ -79.569725711474405, -1.006861558583719 ], [ -79.569761845574831, -1.006831366079329 ], [ -79.569825484923271, -1.006777760593799 ], [ -79.56989137970119, -1.00670326341965 ], [ -79.569990708645236, -1.006608521429963 ], [ -79.570122006642563, -1.006556573793186 ], [ -79.570267775360634, -1.006494593189708 ], [ -79.570334414395447, -1.006361669151852 ], [ -79.570190352254698, -1.006218793695334 ], [ -79.570080068812487, -1.006089861607652 ], [ -79.570026844035652, -1.005956432474873 ], [ -79.570079197931193, -1.005819974803255 ], [ -79.57020268197374, -1.005760426329929 ], [ -79.570322295604626, -1.005716342151811 ], [ -79.570549466112652, -1.005665974266737 ], [ -79.57071868120542, -1.005616033033217 ], [ -79.570874870952068, -1.005558398256914 ], [ -79.570974950630657, -1.005390125060218 ], [ -79.571100876629515, -1.005087281737769 ], [ -79.571236165770586, -1.004948689814576 ], [ -79.571420272371768, -1.00495419755084 ], [ -79.571540250932671, -1.005104207467904 ], [ -79.571515705935823, -1.00534568365733 ], [ -79.571425049240645, -1.005540642210084 ], [ -79.571417709356609, -1.005682727386687 ], [ -79.571560381812716, -1.005715621623117 ], [ -79.571662916717727, -1.00568690542043 ], [ -79.571797078585362, -1.005661278258402 ], [ -79.571931999912735, -1.005748888041854 ], [ -79.57202226491394, -1.005834940602264 ], [ -79.572111095690914, -1.005913123855725 ], [ -79.572163829141715, -1.005936934011509 ], [ -79.572226643603244, -1.005920591207327 ], [ -79.572273942210415, -1.00583812656647 ], [ -79.57226464858735, -1.005720544496868 ], [ -79.572221320037769, -1.005558267811953 ], [ -79.572192366449329, -1.005399524799996 ], [ -79.572288589567833, -1.005214788844047 ], [ -79.572426923771502, -1.005099171076231 ], [ -79.572529391332083, -1.00501863001726 ], [ -79.572549501503403, -1.004850683225678 ], [ -79.572430068080024, -1.004686564174254 ], [ -79.572322126516909, -1.004543976004566 ], [ -79.572186164297491, -1.00437026258065 ], [ -79.572162785653319, -1.004202025353815 ], [ -79.572192501971927, -1.004052714393362 ], [ -79.572295674549579, -1.004003829222422 ], [ -79.57244339319368, -1.004003532376213 ], [ -79.572580854273554, -1.004036243298034 ], [ -79.572698365384355, -1.004074914794736 ], [ -79.572807716346333, -1.00407559596462 ], [ -79.572944563544581, -1.004073575874671 ], [ -79.573085267179238, -1.004088289729832 ], [ -79.57323835502514, -1.004138825097834 ], [ -79.57337195416585, -1.004167645189164 ], [ -79.573507089133187, -1.004177291687794 ], [ -79.57362992395197, -1.004164502505235 ], [ -79.573736514331159, -1.004107930968197 ], [ -79.573824702963108, -1.004009475463859 ], [ -79.573864649892087, -1.003889201605095 ], [ -79.573857251963105, -1.003750998914228 ], [ -79.573803833152795, -1.003649858333794 ], [ -79.573774140546774, -1.003537241699896 ], [ -79.573793139286252, -1.003445539154612 ], [ -79.573821940591529, -1.003334033528764 ], [ -79.573821722579538, -1.00321500826006 ], [ -79.57377775031884, -1.00308619577188 ], [ -79.573758122220241, -1.00297132244473 ], [ -79.573727731790882, -1.002810136734185 ], [ -79.573640443742462, -1.002696499961402 ], [ -79.573618660137015, -1.00257936458177 ], [ -79.573586571721407, -1.002396833202279 ], [ -79.573483073805008, -1.002159461062901 ], [ -79.573349409431714, -1.001866180928927 ], [ -79.57319568910043, -1.001823875899869 ], [ -79.573030177760344, -1.00182841601841 ], [ -79.572909559573148, -1.001910125076745 ], [ -79.572794950106896, -1.00201824658628 ], [ -79.572677359741874, -1.002162725508793 ], [ -79.57257315343476, -1.00231652607948 ], [ -79.572484752122577, -1.002491407162524 ], [ -79.572382070933898, -1.002650635044492 ], [ -79.572293630132464, -1.002709204321303 ], [ -79.572207375511354, -1.0026992175467 ], [ -79.572171280411723, -1.002639598710747 ], [ -79.572169823329148, -1.002477069133147 ], [ -79.572172890189009, -1.002242276309206 ], [ -79.572159921001244, -1.002104885277474 ], [ -79.572102902907105, -1.002015772333334 ], [ -79.572002030819831, -1.001939845061034 ], [ -79.571879508392144, -1.00185414027751 ], [ -79.571794828347848, -1.001735530275174 ], [ -79.571698188732171, -1.001637988618865 ], [ -79.571640911901738, -1.001523912879856 ], [ -79.571649680154209, -1.00140263055098 ], [ -79.571717649855586, -1.001308326670203 ], [ -79.571794336192127, -1.001211946379424 ], [ -79.571811005145079, -1.001105319527015 ], [ -79.571810793079166, -1.00097245634315 ], [ -79.571810581240413, -1.000839050491812 ], [ -79.571798261698476, -1.000653724143763 ], [ -79.571788485171993, -1.000405630372342 ], [ -79.571721697570766, -1.000259894890879 ], [ -79.571638701590473, -1.000194738432616 ], [ -79.571536740305064, -1.000144225688398 ], [ -79.571443949893791, -1.000080150278433 ], [ -79.57142825714935, -1.00000724508163 ], [ -79.571430470557061, -0.999875558761114 ], [ -79.571440432421966, -0.999695035767274 ], [ -79.571497847371035, -0.999489661293414 ], [ -79.571470568427046, -0.999405535899522 ], [ -79.571374881816354, -0.999389847093796 ], [ -79.57128900465743, -0.999338346535269 ], [ -79.571205478922323, -0.99925157362996 ], [ -79.571120599105242, -0.9991793617094 ], [ -79.571039944841729, -0.99910145363526 ], [ -79.571006193094746, -0.999025194101013 ], [ -79.571012523244676, -0.998931586761688 ], [ -79.571068351555269, -0.998862963784555 ], [ -79.571128313291766, -0.998793890389363 ], [ -79.571130323067166, -0.998717465619008 ], [ -79.571101159665275, -0.998627641412809 ], [ -79.571006723372861, -0.998629680310557 ], [ -79.570909750692081, -0.998679201482754 ], [ -79.570803360689695, -0.998688832481964 ], [ -79.570720403654903, -0.998741615780236 ], [ -79.570635195216482, -0.998806155876578 ], [ -79.570557547434078, -0.998840581246871 ], [ -79.570507595485907, -0.998826088249372 ], [ -79.570500074109546, -0.998765306231002 ], [ -79.570500749079656, -0.998658853313249 ], [ -79.570500457662504, -0.998501479701174 ], [ -79.570472650707003, -0.998391667869327 ], [ -79.570430097135301, -0.998306721831296 ], [ -79.570379098605798, -0.99821896831963 ], [ -79.570124397414332, -0.998145596782584 ], [ -79.569942089200239, -0.998138100533145 ], [ -79.569739609374267, -0.998233792619646 ], [ -79.56961801255278, -0.998501635975012 ], [ -79.569520824039429, -0.99863481814225 ], [ -79.569451346809174, -0.998475514957802 ], [ -79.569336083698673, -0.998433679113591 ], [ -79.569240443144537, -0.998519559473383 ], [ -79.569182164683539, -0.998436234574355 ], [ -79.569225382016711, -0.998232753425881 ], [ -79.569188723972985, -0.99802046417582 ], [ -79.569106396577425, -0.997863959177662 ], [ -79.569007007039843, -0.997684564266587 ], [ -79.568914688009343, -0.997569659369664 ], [ -79.568745482324744, -0.997391500139377 ], [ -79.56857349555905, -0.997203300374578 ], [ -79.568501031508418, -0.997094192642458 ], [ -79.568442758606778, -0.996998024683485 ], [ -79.568347670890105, -0.996844408391373 ], [ -79.568251156704605, -0.996664924374205 ], [ -79.568108989289911, -0.996504051946765 ], [ -79.568129041590879, -0.99644818866955 ], [ -79.568122077364393, -0.996366440130256 ], [ -79.568149299655303, -0.996286193454042 ], [ -79.568197876824073, -0.996213158207814 ], [ -79.568266425440342, -0.996125822477415 ], [ -79.568342090941627, -0.996041368699311 ], [ -79.568350449196771, -0.996026439976228 ], [ -79.568440728236396, -0.995865188056023 ], [ -79.568508074676117, -0.995663134743216 ], [ -79.568394675008875, -0.99537182058324 ], [ -79.568268168628265, -0.995228178410416 ], [ -79.568189374450057, -0.995175263826553 ], [ -79.568133034112265, -0.995062748935248 ], [ -79.568131716209876, -0.99506011642622 ], [ -79.568009727047709, -0.994780318485602 ], [ -79.567945789733628, -0.994692649898682 ], [ -79.567821873081556, -0.994715387759978 ], [ -79.567745958958398, -0.994897328774054 ], [ -79.567741277497277, -0.995126784231198 ], [ -79.56770258766403, -0.995250043067126 ], [ -79.567568498482743, -0.995317184647435 ], [ -79.567575936336198, -0.995155111504198 ], [ -79.567627480637, -0.995019015185997 ], [ -79.567565199006438, -0.994842530906113 ], [ -79.567489858466956, -0.994736225793382 ], [ -79.567376035642695, -0.994688692735898 ], [ -79.567212247386436, -0.994658231834674 ], [ -79.566935841687851, -0.994702157438571 ], [ -79.566782781410637, -0.995005893215609 ], [ -79.566658643667424, -0.995124592395338 ], [ -79.566513584978708, -0.995001072368156 ], [ -79.566458652701925, -0.994659620832067 ], [ -79.566337988031108, -0.994434271144295 ], [ -79.566135854475505, -0.994353596836473 ], [ -79.565863559889934, -0.994449077442947 ], [ -79.565643991359281, -0.99458491924678 ], [ -79.565431654388348, -0.994620370965627 ], [ -79.565397982331291, -0.994567898519461 ], [ -79.56530379050416, -0.994420794827253 ], [ -79.565315663346055, -0.994184197660783 ], [ -79.565324550611408, -0.99399490156949 ], [ -79.56533775507549, -0.993795658488013 ], [ -79.565303961767597, -0.993607700399376 ], [ -79.565177412820674, -0.993484188573138 ], [ -79.5649965651792, -0.993425049371689 ], [ -79.564884302221415, -0.993302900470333 ], [ -79.564886081176908, -0.993136574159879 ], [ -79.56493486409542, -0.992944491760945 ], [ -79.56501801202262, -0.992656462946496 ], [ -79.565015588871304, -0.992441385303039 ], [ -79.564937469797599, -0.992319341804875 ], [ -79.564800827136153, -0.992266010430476 ], [ -79.564632710194289, -0.992272810770689 ], [ -79.564494630502338, -0.992218122101374 ], [ -79.564250039980493, -0.992246143426646 ], [ -79.5639168549705, -0.992274126012474 ], [ -79.563920392450228, -0.992197069037616 ], [ -79.564235890270353, -0.991720294166576 ], [ -79.564091264878257, -0.991634308944147 ], [ -79.564066578184281, -0.99158156914921 ], [ -79.56420674195158, -0.991387084692629 ], [ -79.564200865344858, -0.991262540347095 ], [ -79.56407065709783, -0.991081956729541 ], [ -79.56390179101453, -0.99095082927441 ], [ -79.563828165219135, -0.990827340712321 ], [ -79.563807730445703, -0.990707583581814 ], [ -79.564143398051115, -0.990547734096922 ], [ -79.564013360999937, -0.99038686744913 ], [ -79.563753650499294, -0.990264202184508 ], [ -79.563357146714878, -0.990021095956536 ], [ -79.562847053091502, -0.9898164694584 ], [ -79.56218242876021, -0.989785337975209 ], [ -79.561905903237189, -0.989692692866721 ], [ -79.561557198443296, -0.989456300446092 ], [ -79.561549952676856, -0.989439794838304 ], [ -79.56149481232238, -0.9893141854114 ], [ -79.56141946215287, -0.989230853439564 ], [ -79.561285724109851, -0.989110142547754 ], [ -79.561127906923261, -0.988986526943214 ], [ -79.561090008636256, -0.988964510765993 ], [ -79.561085615959826, -0.988961959228071 ], [ -79.56094716940828, -0.988881532841973 ], [ -79.560790701909511, -0.988753576525243 ], [ -79.56069443155431, -0.988634600458399 ], [ -79.560677130937052, -0.988539716999744 ], [ -79.560684338277028, -0.98849522162474 ], [ -79.560752933720806, -0.988406525843777 ], [ -79.560904100269212, -0.98832501116101 ], [ -79.561100826759557, -0.988232210808418 ], [ -79.561336445878723, -0.98796170458543 ], [ -79.561310000759434, -0.987610317452063 ], [ -79.561170699259861, -0.987472419840407 ], [ -79.56090717466337, -0.987444629094063 ], [ -79.56064928238635, -0.987482865014067 ], [ -79.560414451516493, -0.987383454984666 ], [ -79.560448938277702, -0.987212892374758 ], [ -79.560510682900571, -0.986966368558887 ], [ -79.560570867963534, -0.98679437002217 ], [ -79.560773476578319, -0.98660407333678 ], [ -79.560803726062574, -0.986466430509967 ], [ -79.560803038569219, -0.98639353222419 ], [ -79.560876564800338, -0.986330343769508 ], [ -79.560926533638039, -0.986304679380516 ], [ -79.561077602130439, -0.986241886441478 ], [ -79.561123473506129, -0.986133011630399 ], [ -79.561095232297134, -0.985988107790818 ], [ -79.561008585355509, -0.985847429420825 ], [ -79.560832381146, -0.985647742510591 ], [ -79.560866741591127, -0.985561745066688 ], [ -79.560915291875929, -0.985491581518729 ], [ -79.561002295768887, -0.985428670222432 ], [ -79.561132301263171, -0.985243949325596 ], [ -79.56112855142942, -0.984978674957705 ], [ -79.561272861201346, -0.984752355915875 ], [ -79.56143965984927, -0.984675279500727 ], [ -79.561698531802477, -0.984866500517424 ], [ -79.561987666015725, -0.984890051157119 ], [ -79.561992564011348, -0.984573136806896 ], [ -79.561812170985291, -0.984293133697812 ], [ -79.561767303111566, -0.983947526963115 ], [ -79.561630654718527, -0.983908486212012 ], [ -79.561472280059249, -0.984037300427707 ], [ -79.56130804415001, -0.984214771037817 ], [ -79.561158530339327, -0.984214434776091 ], [ -79.561002063357421, -0.984085122114001 ], [ -79.561019365973976, -0.983966105111288 ], [ -79.5612076656261, -0.983827355070205 ], [ -79.561477081390876, -0.9837361233923 ], [ -79.561524750658023, -0.983415067232998 ], [ -79.561201455043346, -0.983433015796266 ], [ -79.561166323493296, -0.983431553444619 ], [ -79.561137299755757, -0.983435068172329 ], [ -79.561103693019433, -0.983439847129136 ], [ -79.561071255871482, -0.983441099270647 ], [ -79.561043489560646, -0.98344579031707 ], [ -79.561017970520822, -0.983448221234405 ], [ -79.561001706285239, -0.983450565723962 ], [ -79.560970437215758, -0.983451818371208 ], [ -79.560931080451525, -0.983455419056014 ], [ -79.560895137563477, -0.983460196996014 ], [ -79.560860364767706, -0.983460272347258 ], [ -79.56082442490279, -0.983457995643548 ], [ -79.560791900889967, -0.983452283544429 ], [ -79.560762972007083, -0.983444131013589 ], [ -79.560733955752411, -0.983430190019146 ], [ -79.56069793351611, -0.983410457558091 ], [ -79.560688681232051, -0.983404665116367 ], [ -79.560665416518972, -0.983388375070987 ], [ -79.56063406911062, -0.983362765770156 ], [ -79.560614310140281, -0.98334294992528 ], [ -79.560588715241494, -0.983312730470759 ], [ -79.560570124852276, -0.983291739359795 ], [ -79.560542284156128, -0.983260343157419 ], [ -79.560522525690544, -0.983239351540058 ], [ -79.560502765210458, -0.983223063017408 ], [ -79.560485339373201, -0.983210302829777 ], [ -79.560463242739971, -0.983194013293414 ], [ -79.560431892855902, -0.983174192419428 ], [ -79.560398294113824, -0.983160339882639 ], [ -79.560364606062834, -0.983145221089243 ], [ -79.560333252654857, -0.983133630630582 ], [ -79.560299648955237, -0.983131354940926 ], [ -79.560267208799303, -0.983139661719538 ], [ -79.560231353296956, -0.98315022811826 ], [ -79.560202413922724, -0.983166585942963 ], [ -79.560172304921721, -0.983186561024359 ], [ -79.560149115574731, -0.983204097117678 ], [ -79.560121345245804, -0.983218194344778 ], [ -79.560113257553795, -0.983220542380649 ], [ -79.560078478300127, -0.983235721893346 ], [ -79.560043790836545, -0.983246379238905 ], [ -79.560012429953176, -0.983252244489766 ], [ -79.559978823738035, -0.983255847662173 ], [ -79.559945219538889, -0.983254747740791 ], [ -79.559913954478048, -0.983246684637788 ], [ -79.559873345309526, -0.983237441703519 ], [ -79.559840824337087, -0.983224674960946 ], [ -79.559832739165458, -0.983221144129464 ], [ -79.559794380292374, -0.98320258642854 ], [ -79.559765364054755, -0.983188645434654 ], [ -79.559732847581088, -0.98316538717742 ], [ -79.559700332619869, -0.983138601600909 ], [ -79.559693417967452, -0.983129373299022 ], [ -79.559668989689527, -0.983102591234774 ], [ -79.55964222929056, -0.983066401971038 ], [ -79.559618976066673, -0.983023340478769 ], [ -79.559603806075174, -0.982988332022529 ], [ -79.559594473945538, -0.982959204968366 ], [ -79.559580476525923, -0.982913705505768 ], [ -79.559568809754893, -0.982881050118409 ], [ -79.559547722977754, -0.982814654990764 ], [ -79.559537223274731, -0.9827843516576 ], [ -79.559522058784907, -0.982736500143615 ], [ -79.559505726179751, -0.982688738567189 ], [ -79.559487872987404, -0.98262487728122 ], [ -79.559484728787098, -0.982623428810719 ], [ -79.559499745076863, -0.982597749204253 ], [ -79.559508916994858, -0.982581382803068 ], [ -79.559513592825155, -0.982573154419376 ], [ -79.559532024497756, -0.982545124747868 ], [ -79.559540116680097, -0.98253228519754 ], [ -79.559550545014531, -0.982519446661057 ], [ -79.559574814587208, -0.982497207944849 ], [ -79.559596833365532, -0.982485459767439 ], [ -79.559602585908564, -0.982480759170527 ], [ -79.55963502802355, -0.982467839742754 ], [ -79.559674387736322, -0.982457274863125 ], [ -79.559705658792879, -0.982451319122216 ], [ -79.559713836333103, -0.982448971123994 ], [ -79.559753194032496, -0.982443109335699 ], [ -79.559796056503274, -0.982435982849904 ], [ -79.559828497612571, -0.982425414965059 ], [ -79.559856356269222, -0.982414845091315 ], [ -79.559887539954147, -0.982403100886195 ], [ -79.559921152664486, -0.982384303093057 ], [ -79.559944259620508, -0.982349311243778 ], [ -79.55995514426165, -0.982320012070963 ], [ -79.559983628358424, -0.982317672880621 ], [ -79.56001256175432, -0.98231524344076 ], [ -79.560041497628731, -0.982307025577744 ], [ -79.56006935280098, -0.982304595669471 ], [ -79.560099452260658, -0.982306869828949 ], [ -79.560130809649124, -0.982309144533855 ], [ -79.560158575473736, -0.982305538812333 ], [ -79.56018409794045, -0.982295058363626 ], [ -79.560209531600549, -0.982282135884454 ], [ -79.560217620296243, -0.982277436297908 ], [ -79.56023155285807, -0.982264599274086 ], [ -79.560254655862678, -0.982238832716368 ], [ -79.560273173897187, -0.982218943038216 ], [ -79.560293944232242, -0.982185035495635 ], [ -79.560312466756244, -0.982154654298815 ], [ -79.560322810732387, -0.982128972650003 ], [ -79.560327406655546, -0.982097500083886 ], [ -79.560328495872071, -0.982071814421786 ], [ -79.560327241427103, -0.982063673905696 ], [ -79.56032608585204, -0.982034459949 ], [ -79.560322507755131, -0.981997104969846 ], [ -79.560321265307209, -0.98196092677718 ], [ -79.560320023826222, -0.981922487481593 ], [ -79.560314109072067, -0.981886307263461 ], [ -79.560311776905365, -0.981876990506561 ], [ -79.560297778448557, -0.981833842586028 ], [ -79.560280276768793, -0.981788341599893 ], [ -79.560258102242244, -0.981744104806652 ], [ -79.560238348767342, -0.981711445912427 ], [ -79.560217425707421, -0.98168231383278 ], [ -79.560201170966963, -0.981662499522455 ], [ -79.560170904768754, -0.981629926516806 ], [ -79.560136052636537, -0.981605491495515 ], [ -79.560097783614026, -0.981586933861752 ], [ -79.560061847765198, -0.981575341437121 ], [ -79.56005142640322, -0.98157190004315 ], [ -79.56000731251433, -0.981563831394375 ], [ -79.559974874897776, -0.981566259324784 ], [ -79.559927337154363, -0.981580348000422 ], [ -79.55986946391657, -0.981600311061715 ], [ -79.559819678365074, -0.981617926080433 ], [ -79.559783736019668, -0.981621528261987 ], [ -79.559753548188525, -0.981615817194479 ], [ -79.559722197816441, -0.98159717211488 ], [ -79.55970019205175, -0.981578531087036 ], [ -79.559678101389167, -0.981548313176588 ], [ -79.559658259580672, -0.9815121269304 ], [ -79.559643088527338, -0.981479560474012 ], [ -79.559636089553976, -0.98145739863324 ], [ -79.559629088606897, -0.981439849441216 ], [ -79.559624428261515, -0.981411900191614 ], [ -79.559618511497305, -0.981380423077298 ], [ -79.559606847224401, -0.981341888831283 ], [ -79.559602189393303, -0.981308060716285 ], [ -79.559596270616083, -0.981281286695129 ], [ -79.559593940965101, -0.981266091075447 ], [ -79.559585775385202, -0.98124049185398 ], [ -79.559579856646181, -0.981213627389067 ], [ -79.559576366889345, -0.98117979978097 ], [ -79.559573953846893, -0.981149499959718 ], [ -79.559569287038087, -0.981136654874082 ], [ -79.559562287056963, -0.981116844581187 ], [ -79.559543701162326, -0.981085361977581 ], [ -79.55951927488988, -0.98105387684322 ], [ -79.559497183724318, -0.981024834712133 ], [ -79.559478590866746, -0.981009632045121 ], [ -79.559476884143649, -0.981008545976225 ], [ -79.559461164537495, -0.980998047647837 ], [ -79.559417052175789, -0.980986451685253 ], [ -79.559367189754042, -0.980973767901275 ], [ -79.559327744705726, -0.9809738412496 ], [ -79.559298810325117, -0.980978622245958 ], [ -79.559291892227435, -0.980977443474247 ], [ -79.559262868498223, -0.980981048658225 ], [ -79.559232765075592, -0.980988090249354 ], [ -79.559196818258258, -0.981002183946213 ], [ -79.559163293961333, -0.981024418660383 ], [ -79.559133184541437, -0.981045479080767 ], [ -79.559113499959977, -0.981061840927146 ], [ -79.559079975623845, -0.981084166082833 ], [ -79.559044112698714, -0.981112188200914 ], [ -79.55901049754263, -0.981136774417163 ], [ -79.558976973709036, -0.981157923796823 ], [ -79.558968885021045, -0.981162623381785 ], [ -79.558924850057778, -0.981180150439168 ], [ -79.558876149722451, -0.981181485982267 ], [ -79.558839042843658, -0.981176857243119 ], [ -79.558803108995633, -0.981160652170843 ], [ -79.55879268915109, -0.981153683458487 ], [ -79.558747415192826, -0.981126982823571 ], [ -79.55871139703045, -0.981097844213 ], [ -79.558683466007494, -0.981067623781118 ], [ -79.558666044216039, -0.981045457429162 ], [ -79.558636947131504, -0.981010533400935 ], [ -79.558619525843653, -0.980987191276973 ], [ -79.558593931475414, -0.980955796087256 ], [ -79.558577676753416, -0.980935981788331 ], [ -79.558542832127429, -0.980894091076889 ], [ -79.558523073684029, -0.98087309948651 ], [ -79.558495140690013, -0.98084749170463 ], [ -79.55847196086853, -0.980842869006451 ], [ -79.558467377917452, -0.980844042792028 ], [ -79.558433767764569, -0.980856961718596 ], [ -79.558407160564798, -0.980882726737624 ], [ -79.5583898076477, -0.980909581097824 ], [ -79.5583828805335, -0.980929475786524 ], [ -79.558379460160225, -0.980943493132167 ], [ -79.55837611868283, -0.980983106180313 ], [ -79.558371518735797, -0.981023984899315 ], [ -79.558372844523518, -0.981075357699072 ], [ -79.558374001641269, -0.981100953869276 ], [ -79.558372915906688, -0.981118499545496 ], [ -79.558370741958953, -0.981159379316488 ], [ -79.558365060803695, -0.981207221758373 ], [ -79.558365130674005, -0.981253890922201 ], [ -79.558371040918701, -0.981300562619828 ], [ -79.558374618536718, -0.981339002896413 ], [ -79.558381692865893, -0.981394990837471 ], [ -79.558384182731317, -0.981455679880601 ], [ -79.558387750314878, -0.981517545164264 ], [ -79.558382077635017, -0.981545580360586 ], [ -79.558372816377968, -0.981560770943278 ], [ -79.558334612764455, -0.981599373976043 ], [ -79.558297585244716, -0.981619255598258 ], [ -79.558269816968192, -0.981628649728015 ], [ -79.558201429071048, -0.981653311271304 ], [ -79.55816323944353, -0.981659264001993 ], [ -79.558111121760263, -0.981667562231361 ], [ -79.558051991132672, -0.981686348924288 ], [ -79.557991779260007, -0.981712189781074 ], [ -79.557939653595668, -0.981739119474648 ], [ -79.557899208681206, -0.981766054237866 ], [ -79.557872600458467, -0.981794170780236 ], [ -79.557844819702709, -0.981832687876711 ], [ -79.557828718687944, -0.981873561588995 ], [ -79.557819539255149, -0.981907474115848 ], [ -79.557816031541265, -0.981915612555661 ], [ -79.55780226415456, -0.981962366142422 ], [ -79.55778732423299, -0.982019520283151 ], [ -79.557770053122482, -0.98206509657421 ], [ -79.557758538544064, -0.982096656540017 ], [ -79.557735509928335, -0.982158510254319 ], [ -79.557706641400486, -0.982219276101664 ], [ -79.557688208220796, -0.982250833059628 ], [ -79.557673191934654, -0.982276512639687 ], [ -79.557651256002558, -0.982304631201475 ], [ -79.55762347973355, -0.982332656780763 ], [ -79.557594544892325, -0.982338523069351 ], [ -79.557563192001197, -0.982325847281727 ], [ -79.557538763294261, -0.982300150563631 ], [ -79.557524758380097, -0.982272197274807 ], [ -79.557522426729534, -0.982261704754967 ], [ -79.557507259248041, -0.982220907910172 ], [ -79.557504847752057, -0.982187080797999 ], [ -79.557511779381173, -0.982156694618184 ], [ -79.557512867610214, -0.982133360533153 ], [ -79.557511703025725, -0.982125220065134 ], [ -79.557505789785651, -0.982085603014208 ], [ -79.557490621332647, -0.982047067270885 ], [ -79.557472033465515, -0.982020287765274 ], [ -79.557453441604324, -0.982002823992352 ], [ -79.55744760270376, -0.981999384582967 ], [ -79.557412835482779, -0.981986616872128 ], [ -79.55738498034431, -0.981989046759169 ], [ -79.557361797544033, -0.981991388231842 ], [ -79.557352543263065, -0.981990298883056 ], [ -79.557314269841811, -0.981982142293336 ], [ -79.557286418194963, -0.981976432219797 ], [ -79.557251651985524, -0.981961312964652 ], [ -79.557227306580501, -0.981950901325791 ], [ -79.557209880819201, -0.981938050705133 ], [ -79.557168021780001, -0.98191017576331 ], [ -79.557146016559003, -0.981890358964695 ], [ -79.557132010134737, -0.981865932997169 ], [ -79.557125012701093, -0.981840243858926 ], [ -79.557123847612644, -0.981833279164187 ], [ -79.557126021586782, -0.981792399417363 ], [ -79.557135289322517, -0.981762104701014 ], [ -79.55714797046015, -0.981734072567376 ], [ -79.557150219277887, -0.981728194683743 ], [ -79.557165235051883, -0.981703690880155 ], [ -79.55718259251924, -0.981666254599951 ], [ -79.557195273655211, -0.981638222465008 ], [ -79.557206702873557, -0.981596170964285 ], [ -79.557215885754928, -0.981554208931518 ], [ -79.557222817880032, -0.981522646982201 ], [ -79.557216901145907, -0.981491169896738 ], [ -79.557206401461343, -0.981460866593351 ], [ -79.557187810610401, -0.981441051281716 ], [ -79.55716463529788, -0.981425937067899 ], [ -79.557136786176017, -0.98141434814089 ], [ -79.557127443557292, -0.981409731439295 ], [ -79.557101930119785, -0.981399228854754 ], [ -79.557074083983906, -0.981380675740728 ], [ -79.557050824829673, -0.981351542670398 ], [ -79.557032237469301, -0.981323587401308 ], [ -79.557020482378903, -0.981287404695179 ], [ -79.557011154257822, -0.981248961943173 ], [ -79.557006407108915, -0.981213958052686 ], [ -79.557005168678501, -0.981168464181516 ], [ -79.557005091345317, -0.981139250735013 ], [ -79.55700618255112, -0.981108952467826 ], [ -79.557004943614857, -0.981064634368499 ], [ -79.557009461242515, -0.981006209503849 ], [ -79.557012722376143, -0.980944437665368 ], [ -79.557014984172085, -0.98090826104586 ], [ -79.557019498269554, -0.980858066583351 ], [ -79.557022926665937, -0.980825327342126 ], [ -79.557025101591108, -0.980782186496292 ], [ -79.557026114949622, -0.980723850553603 ], [ -79.55702604109706, -0.980686497147926 ], [ -79.557024795179828, -0.980658458966023 ], [ -79.557023476880147, -0.980589630506993 ], [ -79.557021071873791, -0.980540608813317 ], [ -79.557021076870313, -0.980528941538985 ], [ -79.557016333197097, -0.980485797690924 ], [ -79.557018515125634, -0.980426286483181 ], [ -79.557017188841627, -0.980376089485697 ], [ -79.557017112466383, -0.980344614939258 ], [ -79.55701828352224, -0.980337651259009 ], [ -79.557023958710261, -0.980303737219541 ], [ -79.557041315605886, -0.980267567147196 ], [ -79.557063254480312, -0.980232484389769 ], [ -79.557091031710726, -0.980202107252225 ], [ -79.557114130643484, -0.980185746905793 ], [ -79.557122219323077, -0.98018104732568 ], [ -79.557162753076199, -0.980156373691347 ], [ -79.557203283267683, -0.980140020903126 ], [ -79.557258909654422, -0.980121142228098 ], [ -79.557301773014146, -0.980111754638314 ], [ -79.557329539791866, -0.98010579737395 ], [ -79.557391000512823, -0.980101030491629 ], [ -79.557446619896808, -0.980098522175708 ], [ -79.557488311701761, -0.980097274036368 ], [ -79.557544016411782, -0.980105347706531 ], [ -79.557583458942005, -0.980111062780915 ], [ -79.557614724450062, -0.980117950082246 ], [ -79.557664587786121, -0.980128372763563 ], [ -79.557698279296076, -0.980135261116369 ], [ -79.557749310205693, -0.980146860075789 ], [ -79.557781742281776, -0.980157275199632 ], [ -79.557830525426397, -0.980172310057659 ], [ -79.557861789429609, -0.980182724675082 ], [ -79.5579082359246, -0.980198934292587 ], [ -79.557939590245468, -0.980208263620657 ], [ -79.557969688188351, -0.980213974642403 ], [ -79.558019551534301, -0.980224397322145 ], [ -79.55804623359775, -0.980233634180645 ], [ -79.558101935848342, -0.980247496264741 ], [ -79.558140211786224, -0.980249773956867 ], [ -79.558170314723455, -0.98024381769757 ], [ -79.558232866187808, -0.980209837845509 ], [ -79.55826063993986, -0.980187600645513 ], [ -79.558276732906734, -0.980165448826665 ], [ -79.558289503867599, -0.980137416704258 ], [ -79.558285926773351, -0.980097710214142 ], [ -79.558267256030646, -0.980054560309607 ], [ -79.558242835231027, -0.980010322585481 ], [ -79.558221826830575, -0.979970698987354 ], [ -79.558204407516129, -0.979942744227584 ], [ -79.558192736749845, -0.979919404605521 ], [ -79.558185735767523, -0.979901945870284 ], [ -79.558171732835817, -0.97986928950092 ], [ -79.558146145470133, -0.979821523956546 ], [ -79.558136811858077, -0.9797958338028 ], [ -79.558114646830006, -0.979729438268524 ], [ -79.558105226846024, -0.979695608113709 ], [ -79.558090060827539, -0.979651283960478 ], [ -79.558080729689493, -0.979619805389987 ], [ -79.558066737235279, -0.979562638691424 ], [ -79.558046901392999, -0.979512524097967 ], [ -79.558024725922166, -0.979470548455901 ], [ -79.557993298686441, -0.979421604615937 ], [ -79.557971205567185, -0.979397175155248 ], [ -79.557948032215464, -0.979377448317185 ], [ -79.557906175670198, -0.979343694561049 ], [ -79.557875995382489, -0.979320437371305 ], [ -79.557824888080432, -0.979277363873932 ], [ -79.55778545653321, -0.979245962715141 ], [ -79.557759855715176, -0.979229671700854 ], [ -79.557713499082297, -0.979213462141077 ], [ -79.557655462213617, -0.979196071749869 ], [ -79.557610182297836, -0.979183389973521 ], [ -79.557554484093615, -0.979160121733379 ], [ -79.557502293554009, -0.979128805494674 ], [ -79.557473368532058, -0.979111789489527 ], [ -79.557448845129173, -0.979097398267737 ], [ -79.557410577683015, -0.97907531335111 ], [ -79.557386233791433, -0.97906137442749 ], [ -79.557347876494987, -0.97903928947244 ], [ -79.557320028885826, -0.979024173259274 ], [ -79.557272506202352, -0.979003260106851 ], [ -79.557217972062318, -0.978989398550483 ], [ -79.557185447134145, -0.978986038033063 ], [ -79.557140253138883, -0.978982581583332 ], [ -79.557104312837566, -0.978981571130031 ], [ -79.557042941998546, -0.978986338075848 ], [ -79.557005830144732, -0.978993467074288 ], [ -79.55696413287113, -0.979007558273632 ], [ -79.556931691339813, -0.979019301938164 ], [ -79.55688540361831, -0.979052113054454 ], [ -79.556858798470799, -0.979073174977937 ], [ -79.556839111448141, -0.97909532522651 ], [ -79.556817178594159, -0.979116389173406 ], [ -79.556785985007721, -0.979151467925722 ], [ -79.556752366388892, -0.979184284525925 ], [ -79.556713091632162, -0.979206516726213 ], [ -79.556682982765523, -0.979226401354348 ], [ -79.556648200598886, -0.979248635499759 ], [ -79.556623934575612, -0.979262734243631 ], [ -79.556592655623064, -0.979287321449537 ], [ -79.556554457075279, -0.979314257198386 ], [ -79.556404941009745, -0.979320433012393 ], [ -79.556348938311018, -0.979168915068905 ], [ -79.556379831919756, -0.978994914246105 ], [ -79.556342506423675, -0.978871351594903 ], [ -79.556207849903416, -0.978798124061114 ], [ -79.556038564444634, -0.978809084854102 ], [ -79.555949323995364, -0.978850288618664 ], [ -79.555919307546375, -0.978864203976618 ], [ -79.555845244151115, -0.978923864880949 ], [ -79.555741166201358, -0.978993009380255 ], [ -79.555639253711945, -0.979041081368859 ], [ -79.555488724377042, -0.979105593061227 ], [ -79.555363700976287, -0.979198062979809 ], [ -79.555469495498841, -0.979316861770182 ], [ -79.555621490411184, -0.979396970602603 ], [ -79.555654313226739, -0.979543956260143 ], [ -79.555507360454655, -0.979649259690599 ], [ -79.555364690647309, -0.979614648187899 ], [ -79.555224203831756, -0.979518083537259 ], [ -79.555063955571967, -0.979407672395389 ], [ -79.554896935982498, -0.979373050327051 ], [ -79.554783672149767, -0.979491211360987 ], [ -79.554724768687024, -0.979609215094684 ], [ -79.554659255022031, -0.979846240135596 ], [ -79.554645946779729, -0.980079579640764 ], [ -79.554525592592512, -0.98017910609199 ], [ -79.554303106919761, -0.980208765454607 ], [ -79.554177787104521, -0.980154263768112 ], [ -79.554105530439628, -0.97998175587154 ], [ -79.554101642512293, -0.979828904012674 ], [ -79.554085080985132, -0.979686538139464 ], [ -79.553964425492794, -0.979650669944866 ], [ -79.553825336370537, -0.979647534424172 ], [ -79.553574997747177, -0.979674920582638 ], [ -79.553293548386918, -0.979753755747001 ], [ -79.552983071909125, -0.979844335945978 ], [ -79.55275279902007, -0.980014089328922 ], [ -79.552719487230334, -0.980169366898239 ], [ -79.552921584616684, -0.980329902185232 ], [ -79.552990427265939, -0.98050132321621 ], [ -79.5529734484481, -0.980703186482967 ], [ -79.552934540743877, -0.980916797899821 ], [ -79.55284249695778, -0.981208800977614 ], [ -79.552714445179262, -0.981448240476612 ], [ -79.552586000775833, -0.981555903118233 ], [ -79.552453679634183, -0.981485118395742 ], [ -79.552449959065157, -0.981361389628646 ], [ -79.552478584126476, -0.981239936047032 ], [ -79.552531573527162, -0.981084667083298 ], [ -79.552555544316775, -0.980921245531577 ], [ -79.55251003409262, -0.98081748664999 ], [ -79.552354459918348, -0.980703550144808 ], [ -79.552257147449609, -0.980710743279328 ], [ -79.552175060633274, -0.980832264015659 ], [ -79.552109402121218, -0.980987617880561 ], [ -79.552050353437366, -0.981025126337723 ], [ -79.551907526736827, -0.980937966737504 ], [ -79.55172799188567, -0.980964026777522 ], [ -79.551765315996022, -0.981090031242791 ], [ -79.551892030141033, -0.981244835793137 ], [ -79.551923684566944, -0.981391820760637 ], [ -79.551845107438353, -0.981500499956318 ], [ -79.551783733648719, -0.981512321339913 ], [ -79.551703530622973, -0.981432062734724 ], [ -79.551608088498085, -0.981268860538338 ], [ -79.551507116169759, -0.981220157771305 ], [ -79.551347256349288, -0.981252014741268 ], [ -79.551231728059093, -0.981412140295024 ], [ -79.55116841021686, -0.981556822714934 ], [ -79.551160225580347, -0.981575721892954 ], [ -79.55095501123904, -0.981559804726684 ], [ -79.550918988285574, -0.981542242924324 ], [ -79.550784418922618, -0.9814762507268 ], [ -79.550635985864076, -0.981471935119712 ], [ -79.550518917612266, -0.981452348198164 ], [ -79.550383010633382, -0.981362840046237 ], [ -79.550303910052264, -0.981226506828217 ], [ -79.550334952582944, -0.981124952055294 ], [ -79.550435388767724, -0.98095785583219 ], [ -79.550542605482647, -0.980693897297393 ], [ -79.550556077724892, -0.980497821132192 ], [ -79.550522239776541, -0.980413874590297 ], [ -79.55039793571234, -0.980296333998384 ], [ -79.550327064326666, -0.980246287726153 ], [ -79.550199496989933, -0.980195312309805 ], [ -79.550056904415541, -0.980190908864045 ], [ -79.549892445702412, -0.980261383279843 ], [ -79.549775359468143, -0.980283762276542 ], [ -79.549614413536148, -0.980334340579056 ], [ -79.549459368691558, -0.980452573328092 ], [ -79.549415185283337, -0.980397835619398 ], [ -79.549337080153265, -0.980245132595369 ], [ -79.549304271249397, -0.980066763321954 ], [ -79.54937110133929, -0.979903179812723 ], [ -79.549507554834733, -0.979766397972301 ], [ -79.549691465604326, -0.979593187972559 ], [ -79.549833605306063, -0.97939689659218 ], [ -79.549924713314141, -0.97919126725593 ], [ -79.549891663851568, -0.978945155506003 ], [ -79.549890269865671, -0.978843586603088 ], [ -79.549910732328982, -0.978689569856118 ], [ -79.549880163585627, -0.978525129871466 ], [ -79.549782857309651, -0.978518304246871 ], [ -79.549586028111122, -0.978644839771313 ], [ -79.549463279297314, -0.97867191944579 ], [ -79.549216285730111, -0.978652728286947 ], [ -79.548964246415522, -0.978457260181204 ], [ -79.548956639502066, -0.978177243231487 ], [ -79.549133704748883, -0.978042649649273 ], [ -79.549351214219996, -0.977882297178174 ], [ -79.549342675145283, -0.977680423131195 ], [ -79.549226376973223, -0.977541812807795 ], [ -79.549182046370163, -0.977411283280969 ], [ -79.549200100811902, -0.977215209208901 ], [ -79.549248421709038, -0.977050532251719 ], [ -79.549253806051809, -0.976856804199687 ], [ -79.549234905857475, -0.976720497339456 ], [ -79.549225500509039, -0.976652750926183 ], [ -79.549240057692288, -0.97644030501525 ], [ -79.549252355541299, -0.976258247201249 ], [ -79.549189350786477, -0.976092707878583 ], [ -79.549061552574628, -0.975951831553888 ], [ -79.548910787217025, -0.975939375293471 ], [ -79.548721604939203, -0.97583483068207 ], [ -79.548574347846795, -0.97581296979846 ], [ -79.54852886148484, -0.975863236718978 ], [ -79.548499196488962, -0.975895964439125 ], [ -79.548477552576145, -0.976081545433736 ], [ -79.548395479620439, -0.97617159165714 ], [ -79.548291011856236, -0.976102989966293 ], [ -79.548238276752983, -0.975875591703634 ], [ -79.548142755824898, -0.975686794302795 ], [ -79.547995346571483, -0.975600808799223 ], [ -79.547825993551925, -0.97556157312758 ], [ -79.547743919627393, -0.975653970862181 ], [ -79.547787170999399, -0.975786851356707 ], [ -79.547824733177094, -0.975986295899889 ], [ -79.547750640862617, -0.976113970105665 ], [ -79.547738059304166, -0.976119481697646 ], [ -79.547706785479505, -0.976132401540928 ], [ -79.54768710349002, -0.976142974888891 ], [ -79.547679015353665, -0.976146498674036 ], [ -79.547650077160114, -0.976160595298722 ], [ -79.547618802365434, -0.976175776230375 ], [ -79.547592200307392, -0.976189873869569 ], [ -79.547566765307906, -0.976206323549975 ], [ -79.547538994716348, -0.976221506003431 ], [ -79.547513469865365, -0.976237955643608 ], [ -79.54748336011059, -0.976260191681219 ], [ -79.547456757586559, -0.976275374640731 ], [ -79.547425481239031, -0.976294173311816 ], [ -79.54739771014259, -0.97631053152889 ], [ -79.547358345697489, -0.976332763538039 ], [ -79.547335247842128, -0.976346862695831 ], [ -79.547309724000129, -0.976360960797943 ], [ -79.547273866786398, -0.976376139727978 ], [ -79.547231003108777, -0.976386793428599 ], [ -79.547197396178973, -0.976392657643796 ], [ -79.547161453580415, -0.976397435519046 ], [ -79.547113920663136, -0.976401032584475 ], [ -79.547084988490226, -0.97640111044094 ], [ -79.547049050903013, -0.976394221091676 ], [ -79.547017701754612, -0.976373314979906 ], [ -79.546985186558842, -0.976347705293742 ], [ -79.546953751094421, -0.97631856877728 ], [ -79.546925912169527, -0.976283645435612 ], [ -79.546914242990539, -0.976256869053173 ], [ -79.546906078052402, -0.976230003751852 ], [ -79.54690257734525, -0.976221862304944 ], [ -79.546891991391362, -0.976183419169941 ], [ -79.546887333139921, -0.976150767004186 ], [ -79.546889506617987, -0.976111063209602 ], [ -79.546899857575951, -0.976069011438289 ], [ -79.546906786650297, -0.976044504236604 ], [ -79.546910207523482, -0.976029311199709 ], [ -79.546924060662604, -0.975991964017987 ], [ -79.546936742239694, -0.975962756250318 ], [ -79.546950504516701, -0.975927760561734 ], [ -79.546966608983027, -0.975878656689229 ], [ -79.546977044274911, -0.975849447943412 ], [ -79.546994311760486, -0.975812102243785 ], [ -79.547013913904877, -0.975778194415582 ], [ -79.547045112380843, -0.975731448636532 ], [ -79.547060128574273, -0.975705769180961 ], [ -79.547069390285202, -0.975689402914736 ], [ -79.54707631485249, -0.975675387166099 ], [ -79.547094747917768, -0.975643830360535 ], [ -79.547109769115337, -0.975606483680257 ], [ -79.547115442786392, -0.975576097094098 ], [ -79.547115449809354, -0.97555972680398 ], [ -79.547109614439606, -0.975548147485599 ], [ -79.547092193797326, -0.975523629695551 ], [ -79.547063180278116, -0.975503900377939 ], [ -79.547042249925198, -0.975492224054983 ], [ -79.547025990793657, -0.975482991739868 ], [ -79.546993470086619, -0.9754702250558 ], [ -79.546964538932073, -0.975467951389989 ], [ -79.546941357757774, -0.975466855990265 ], [ -79.546933180783526, -0.97546802820263 ], [ -79.546893825363924, -0.975469277305351 ], [ -79.546848630114042, -0.975469348102112 ], [ -79.546815026654443, -0.97546716284763 ], [ -79.546773249248488, -0.975459095205706 ], [ -79.546754651502027, -0.975455650263978 ], [ -79.546731473861442, -0.975446324497575 ], [ -79.546702459378835, -0.975428856270374 ], [ -79.546682703578199, -0.975402076378594 ], [ -79.546668697756701, -0.97537647475354 ], [ -79.546658194661433, -0.975354311507894 ], [ -79.546644195863394, -0.975312339596603 ], [ -79.546638367518938, -0.975284389993794 ], [ -79.546637204961939, -0.97527154649872 ], [ -79.546635954571244, -0.975253999898829 ], [ -79.54663587872696, -0.97522134973004 ], [ -79.546638137502768, -0.97519222787602 ], [ -79.546640393329582, -0.975169979733452 ], [ -79.546641564383847, -0.975163016086038 ], [ -79.546646071458653, -0.975129192142356 ], [ -79.546647165192297, -0.975093015181714 ], [ -79.546640171300226, -0.975059186239524 ], [ -79.54662616601999, -0.975032318406865 ], [ -79.546606412700953, -0.974999750130389 ], [ -79.546597072666557, -0.974989254615166 ], [ -79.546577312869545, -0.974971790415588 ], [ -79.54655638500607, -0.974954325708586 ], [ -79.54653087519273, -0.974935773687564 ], [ -79.546503026763745, -0.974923009039848 ], [ -79.546478679548343, -0.974917210069683 ], [ -79.54645316376228, -0.974912586358198 ], [ -79.546424142767989, -0.97491031265639 ], [ -79.546389369779192, -0.974911563754151 ], [ -79.546368522264956, -0.974916257759749 ], [ -79.546345337608912, -0.974923302282363 ], [ -79.546314065794846, -0.974931609499782 ], [ -79.546280545720379, -0.974944528361809 ], [ -79.546248105879002, -0.974952744626811 ], [ -79.546222587069266, -0.97495517551101 ], [ -79.546206323988628, -0.974955168441813 ], [ -79.546172720078033, -0.974954068511851 ], [ -79.546143788434065, -0.974952970612611 ], [ -79.546111262235243, -0.974953046916953 ], [ -79.546089248635369, -0.974953127790969 ], [ -79.546075321184233, -0.974954297502842 ], [ -79.546046386010289, -0.974961429965765 ], [ -79.546018532078648, -0.974961508300253 ], [ -79.54597333533971, -0.974965106393682 ], [ -79.545935148513649, -0.974965180235142 ], [ -79.545915649314836, -0.974968608612797 ], [ -79.545908460670503, -0.974969871697211 ], [ -79.545873684157115, -0.97497935315074 ], [ -79.545844749528413, -0.974985219401375 ], [ -79.545808803978929, -0.974996961434307 ], [ -79.545771777187056, -0.975015757593598 ], [ -79.545745173684523, -0.975033292074718 ], [ -79.545718570647708, -0.975049741232786 ], [ -79.545682622614351, -0.975067271648862 ], [ -79.54565602559461, -0.975069702057932 ], [ -79.545646682073439, -0.975067346462171 ], [ -79.545618920481672, -0.975061636445041 ], [ -79.545590983729895, -0.97504534445659 ], [ -79.545572480350557, -0.975031408103151 ], [ -79.545564306410114, -0.975025525717744 ], [ -79.545535293424194, -0.975004620640815 ], [ -79.545515534146716, -0.974985980677245 ], [ -79.545496939907693, -0.974974395816945 ], [ -79.545480680326094, -0.974966248826738 ], [ -79.545442412663675, -0.974945339725737 ], [ -79.545409892492387, -0.974931397277218 ], [ -79.545377461668323, -0.974918630633657 ], [ -79.545357696880259, -0.974912833651232 ], [ -79.545338019924898, -0.974911739770914 ], [ -79.545293989751642, -0.974918865660321 ], [ -79.545266218692475, -0.97493522386129 ], [ -79.545240693370573, -0.9749528492479 ], [ -79.545218759651789, -0.974976174138752 ], [ -79.545201409316391, -0.974997239934483 ], [ -79.5451759703504, -0.975023005274713 ], [ -79.545162128251064, -0.975034666468518 ], [ -79.545151702983816, -0.975040540762641 ], [ -79.545120429706273, -0.97505228481628 ], [ -79.545090324999748, -0.975062853611838 ], [ -79.54504278764, -0.975076942119766 ], [ -79.545013849990156, -0.975089862953334 ], [ -79.54498608040636, -0.975102784294555 ], [ -79.544961723188436, -0.97512031973965 ], [ -79.544942126065706, -0.975142560318613 ], [ -79.544920101444603, -0.975168327138007 ], [ -79.544900499853995, -0.975200968718678 ], [ -79.544890153405433, -0.975232529004266 ], [ -79.544886733542427, -0.975245370495642 ], [ -79.544889059651609, -0.97526870593589 ], [ -79.544899559231141, -0.975299009084455 ], [ -79.544916981356934, -0.975319999563621 ], [ -79.544935571082704, -0.975342075873457 ], [ -79.54495425163114, -0.975361891135025 ], [ -79.54498326157541, -0.975389850809614 ], [ -79.54501344312169, -0.975409580633917 ], [ -79.545022695273943, -0.975415463489894 ], [ -79.545044794210995, -0.975425874113557 ], [ -79.545076147321168, -0.975437464530845 ], [ -79.545109746712981, -0.975449055925808 ], [ -79.545153859206181, -0.975459476130435 ], [ -79.545182786334706, -0.975471065491922 ], [ -79.545207220901361, -0.975482652898216 ], [ -79.545224647537125, -0.975493151932257 ], [ -79.545247819175458, -0.975516406004876 ], [ -79.545259484803452, -0.975551412729532 ], [ -79.545259570653144, -0.975560728450877 ], [ -79.5452526445697, -0.975578271481931 ], [ -79.545235288747364, -0.975612089809172 ], [ -79.545213352958285, -0.975640208199684 ], [ -79.545191420704597, -0.97566009622971 ], [ -79.545168229561725, -0.975682244799457 ], [ -79.545153219351192, -0.975693995924081 ], [ -79.545134703465166, -0.975709182376435 ], [ -79.545102346444907, -0.97573376892954 ], [ -79.545076821617016, -0.975750218538822 ], [ -79.545059476828172, -0.975758350904647 ], [ -79.54504905054668, -0.975766576726022 ], [ -79.545023615103503, -0.97578411169533 ], [ -79.544997011555154, -0.97580173659895 ], [ -79.544970406529686, -0.975822798355141 ], [ -79.544950720555349, -0.975842687357772 ], [ -79.544936787587176, -0.975856700036306 ], [ -79.54492986503746, -0.975866012704404 ], [ -79.544914937680176, -0.975894043695112 ], [ -79.54491492562947, -0.97592208118099 ], [ -79.544918508639114, -0.975947768701031 ], [ -79.54491850615112, -0.975953557085226 ], [ -79.544922084650864, -0.97598973605171 ], [ -79.544925660156522, -0.97603287916804 ], [ -79.544916478766496, -0.976071404108546 ], [ -79.544894542969203, -0.976099522488411 ], [ -79.544864425730452, -0.976139214073949 ], [ -79.544832063181559, -0.976176643592108 ], [ -79.544797366015942, -0.976210544794675 ], [ -79.544769678219438, -0.976242187961865 ], [ -79.544741897109645, -0.976281880560008 ], [ -79.544717624709406, -0.976311083238431 ], [ -79.544695690930482, -0.976334498550422 ], [ -79.544680678225802, -0.976352038049615 ], [ -79.544647142081971, -0.976402310026591 ], [ -79.544624116043025, -0.976458374966776 ], [ -79.544614937171232, -0.97649102107255 ], [ -79.544603421115823, -0.976526108134042 ], [ -79.544595322947856, -0.976552966325797 ], [ -79.544586144074273, -0.976585612430684 ], [ -79.544575790557872, -0.97663354297568 ], [ -79.544573619574734, -0.976667367900417 ], [ -79.544570190673511, -0.976701192276694 ], [ -79.544568386215758, -0.976718466199572 ], [ -79.544566762277597, -0.976733840887501 ], [ -79.544554155937789, -0.976796964957907 ], [ -79.544550734584675, -0.976813243297047 ], [ -79.544538129760113, -0.976872840070463 ], [ -79.544534702373312, -0.976903137149817 ], [ -79.544523187321758, -0.97693587267691 ], [ -79.544509425014908, -0.976970868311214 ], [ -79.544500158267766, -0.976998901755862 ], [ -79.544485303651754, -0.977066637460598 ], [ -79.544481874237292, -0.977101637600053 ], [ -79.544480792012095, -0.977110952808717 ], [ -79.544478533661191, -0.977138989309194 ], [ -79.544472764569505, -0.97718221878649 ], [ -79.544468258456405, -0.977213691159341 ], [ -79.544459080038095, -0.977245251937381 ], [ -79.544438219981259, -0.977279068706594 ], [ -79.544409363589509, -0.977311887107995 ], [ -79.544367659011584, -0.977343433693757 ], [ -79.544330628685188, -0.977370369699028 ], [ -79.544301688983808, -0.977387993553342 ], [ -79.544277424625037, -0.977398474411079 ], [ -79.544217127807627, -0.977413823493631 ], [ -79.544168515199459, -0.977420947315695 ], [ -79.54413257765718, -0.977414057927671 ], [ -79.544104641941345, -0.977395414378285 ], [ -79.544082635395895, -0.977379124947235 ], [ -79.54405120097465, -0.977347727340179 ], [ -79.544029197468333, -0.977324383319246 ], [ -79.544000104205409, -0.977281319525647 ], [ -79.543983766820361, -0.977245225447204 ], [ -79.543974433352957, -0.97721953542573 ], [ -79.543956935964019, -0.977164719041388 ], [ -79.543947521174559, -0.977119221862847 ], [ -79.543942853895288, -0.977107643060983 ], [ -79.543919516174512, -0.977052824129954 ], [ -79.543889257883194, -0.977002705241396 ], [ -79.543861417514094, -0.976971309208479 ], [ -79.543828899390348, -0.976952663665328 ], [ -79.543796378735891, -0.976939896947115 ], [ -79.543761605764914, -0.976941147984565 ], [ -79.543733835153532, -0.976956420814881 ], [ -79.543708399700321, -0.976973955750244 ], [ -79.543692218417064, -0.976992670488118 ], [ -79.54367720266778, -0.977017264559731 ], [ -79.543666855208826, -0.97705108590187 ], [ -79.54366576745069, -0.977073244077041 ], [ -79.543664592334167, -0.977089613832079 ], [ -79.543665919495595, -0.977137459006204 ], [ -79.543664903511612, -0.977201582982107 ], [ -79.543666146858271, -0.977235409382055 ], [ -79.54366505808531, -0.977259919086862 ], [ -79.54366046460747, -0.977285603026986 ], [ -79.543655866609555, -0.977321778407339 ], [ -79.543647857264318, -0.977350988151392 ], [ -79.543636336667504, -0.977396566630033 ], [ -79.543617899044122, -0.977438614793243 ], [ -79.543612143537985, -0.977450279487755 ], [ -79.543582193886778, -0.977518008567925 ], [ -79.543562587687475, -0.977561231983595 ], [ -79.543548740502203, -0.977584650794528 ], [ -79.543527967755196, -0.977624346404279 ], [ -79.543516365875405, -0.977650027281382 ], [ -79.543502604018187, -0.977683937569919 ], [ -79.543489921427692, -0.977715406355853 ], [ -79.54347373155845, -0.977754018643013 ], [ -79.543459968217576, -0.977791365780897 ], [ -79.543439196479198, -0.977828709857077 ], [ -79.543413668628872, -0.977852123562319 ], [ -79.543380146513556, -0.977869745393465 ], [ -79.54334303237647, -0.977882662594915 ], [ -79.543306009611712, -0.97789205254075 ], [ -79.543272402169137, -0.9778991828916 ], [ -79.543221453945904, -0.977905129901068 ], [ -79.543158826038663, -0.977908810720318 ], [ -79.543099703383987, -0.977910051096713 ], [ -79.543084607831744, -0.97791131070921 ], [ -79.543037076494031, -0.977911380384266 ], [ -79.543006976294734, -0.977911457675336 ], [ -79.542962949156333, -0.977911528880495 ], [ -79.542931590026782, -0.977913957150166 ], [ -79.542887563865037, -0.977911767268782 ], [ -79.542859710962404, -0.977909494011235 ], [ -79.542798255694734, -0.977902593453739 ], [ -79.542750726859893, -0.977896874746347 ], [ -79.542690442158133, -0.977884186319668 ], [ -79.542646418537444, -0.977876117614258 ], [ -79.54261155923372, -0.977869228678464 ], [ -79.542553610160695, -0.977857717036125 ], [ -79.54246313846609, -0.977838051270386 ], [ -79.542437622207956, -0.977834603267521 ], [ -79.542390093382181, -0.97782888455735 ], [ -79.542328639612322, -0.977818547145766 ], [ -79.542289197903784, -0.977811656205424 ], [ -79.542223073904424, -0.97779661369402 ], [ -79.542182467644636, -0.977781582337289 ], [ -79.542156954902254, -0.977769994428212 ], [ -79.542119767047325, -0.977745558451758 ], [ -79.542069829378406, -0.977700134032372 ], [ -79.54205941214336, -0.97768737695862 ], [ -79.542039653936627, -0.977666385451983 ], [ -79.541994300162841, -0.977617526189294 ], [ -79.541946697106468, -0.977575630086484 ], [ -79.54191067782908, -0.977550018859822 ], [ -79.541876987620398, -0.977540778906411 ], [ -79.541827211009888, -0.977538586505685 ], [ -79.541788938393353, -0.977529344548723 ], [ -79.541757227566052, -0.977513955309581 ], [ -79.541633842018967, -0.977560027495795 ], [ -79.541553947127383, -0.977599878095785 ], [ -79.541409487147362, -0.977760080591481 ], [ -79.541302121620433, -0.977952858902307 ], [ -79.541220202618618, -0.978102416395823 ], [ -79.541109256599853, -0.978263718809282 ], [ -79.540848796055499, -0.978430020571438 ], [ -79.540669021849922, -0.978388428358542 ], [ -79.540520222506615, -0.978194000460298 ], [ -79.540355464616397, -0.978126638479491 ], [ -79.54015724421302, -0.978146991874691 ], [ -79.539921856703373, -0.978095064765407 ], [ -79.539680322982306, -0.977919408514098 ], [ -79.539534717467248, -0.977611747073689 ], [ -79.539498234255277, -0.977412303622209 ], [ -79.539341423189285, -0.977252783441824 ], [ -79.539183818184071, -0.977267185370549 ], [ -79.539008779036735, -0.977288634231733 ], [ -79.5387698047398, -0.97722033535548 ], [ -79.538565079793059, -0.976906950235086 ], [ -79.53849049617574, -0.97671581097112 ], [ -79.538453159459166, -0.97662019610193 ], [ -79.538313763492269, -0.976497946244947 ], [ -79.538247868832556, -0.976576331697708 ], [ -79.538144633439131, -0.976568417938623 ], [ -79.53805393173387, -0.976457766141886 ], [ -79.537958641575912, -0.976361131044855 ], [ -79.537843751758302, -0.976292615218897 ], [ -79.53731726080531, -0.976209810036848 ], [ -79.537117653127765, -0.976114576371524 ], [ -79.537033808378979, -0.975938627627561 ], [ -79.536908340921514, -0.975812947088332 ], [ -79.536803567204103, -0.975830356747917 ], [ -79.536703200954221, -0.975836734263836 ], [ -79.536544269624272, -0.975802115365945 ], [ -79.536280876391999, -0.975687227619086 ], [ -79.536089671937532, -0.9756912138127 ], [ -79.535895960277557, -0.975675301402195 ], [ -79.535776631118182, -0.975691890663073 ], [ -79.535721086539212, -0.975730575994078 ], [ -79.535638855585987, -0.975770787161656 ], [ -79.535628703963141, -0.975767255430505 ], [ -79.535598521581264, -0.975749877120774 ], [ -79.535588102400965, -0.975741732672153 ], [ -79.535574181579435, -0.97572770788492 ], [ -79.535549755208351, -0.975697489171985 ], [ -79.535524158820635, -0.975671792103806 ], [ -79.535504402700184, -0.975646188038332 ], [ -79.535485813624163, -0.975622936006185 ], [ -79.535479975821517, -0.975617145087292 ], [ -79.535448633986363, -0.975579868781254 ], [ -79.535414869698712, -0.975534451532305 ], [ -79.535386943722344, -0.975493649442341 ], [ -79.535367189636929, -0.975463342337139 ], [ -79.535349768623163, -0.975440090818927 ], [ -79.535326507343484, -0.975416746298995 ], [ -79.535299831184389, -0.975394666487032 ], [ -79.53527081741764, -0.975376022490103 ], [ -79.535260305846506, -0.975373756806315 ], [ -79.535244134180672, -0.975370312881909 ], [ -79.535216280380055, -0.975370391120899 ], [ -79.535189680971556, -0.975378609790659 ], [ -79.535172246857485, -0.97538565671538 ], [ -79.535151485250594, -0.975399666302472 ], [ -79.535137548239632, -0.975423084964609 ], [ -79.535127204284052, -0.975448766279019 ], [ -79.535124955509573, -0.975454553653475 ], [ -79.535113440441364, -0.975487289017951 ], [ -79.535100757311568, -0.975520023870116 ], [ -79.535083406005924, -0.975543350591232 ], [ -79.53506372159049, -0.975559712168995 ], [ -79.535057969610847, -0.975563236929707 ], [ -79.535012764465591, -0.975586732327491 ], [ -79.534984995469699, -0.975598477761215 ], [ -79.534959475796768, -0.975603169617284 ], [ -79.534950221160415, -0.975603165560637 ], [ -79.534913115229529, -0.975597451379234 ], [ -79.5348783449124, -0.97559291398192 ], [ -79.534852830288287, -0.975585938677695 ], [ -79.534831899583068, -0.975575438101493 ], [ -79.534791298550232, -0.975548739585864 ], [ -79.534766867185141, -0.975530097595529 ], [ -79.534747108532997, -0.975510372336453 ], [ -79.534719268902123, -0.975477710170923 ], [ -79.534691339890344, -0.975443962649542 ], [ -79.534671582765043, -0.975420710111001 ], [ -79.534644824357855, -0.975381084301967 ], [ -79.534616903446064, -0.975328615063488 ], [ -79.53459589701734, -0.975285464496196 ], [ -79.534562225105731, -0.975234258942445 ], [ -79.534527288749814, -0.975198156833356 ], [ -79.534502948726129, -0.975176078049393 ], [ -79.534469267270367, -0.975146940610019 ], [ -79.534447172031108, -0.975128299648261 ], [ -79.534397232080138, -0.975088754128232 ], [ -79.534368218799656, -0.975069024818062 ], [ -79.534332196648819, -0.975050468196569 ], [ -79.534307851112047, -0.975041141888093 ], [ -79.534273084878492, -0.975027198414897 ], [ -79.534233644839517, -0.975016870616802 ], [ -79.534205792580266, -0.975013421572062 ], [ -79.534159431058441, -0.975009964414448 ], [ -79.534123492190076, -0.975006602267881 ], [ -79.534094472889421, -0.975000801190831 ], [ -79.534068959256686, -0.974991564813246 ], [ -79.534030690842926, -0.974973007207647 ], [ -79.534006256477014, -0.974961329340121 ], [ -79.533956397783527, -0.974941681337483 ], [ -79.533936633233409, -0.974935612987796 ], [ -79.533920461971235, -0.974931264631617 ], [ -79.533909949938774, -0.974930084263733 ], [ -79.533890633469227, -0.974926729402638 ], [ -79.533883356104042, -0.974925460009553 ], [ -79.533864042882456, -0.97491459837477 ], [ -79.533856587107067, -0.974910344282084 ], [ -79.533827574345423, -0.974889439214629 ], [ -79.533803232846282, -0.974870797271896 ], [ -79.533777632380279, -0.974854596740372 ], [ -79.533749786193226, -0.97483712902166 ], [ -79.533717269762306, -0.974815046659525 ], [ -79.53370568304355, -0.974805725944588 ], [ -79.533687089451988, -0.974792965321743 ], [ -79.53365457403973, -0.974768531441037 ], [ -79.533631400603213, -0.974749890011807 ], [ -79.533602303042514, -0.9747173177544 ], [ -79.533582546478883, -0.974692799024552 ], [ -79.533563876145394, -0.974649739943707 ], [ -79.533556796128821, -0.974607680817269 ], [ -79.533550964906496, -0.974586695471432 ], [ -79.53354747179894, -0.974561098554408 ], [ -79.533534637772917, -0.974527267225097 ], [ -79.533514883713181, -0.974496960142589 ], [ -79.533505543264553, -0.97448764041391 ], [ -79.533488118243682, -0.974473704546144 ], [ -79.533461439613092, -0.974457413103453 ], [ -79.533439428683721, -0.974451615101127 ], [ -79.53341615831846, -0.974449343825914 ], [ -79.533390644697263, -0.97444010745225 ], [ -79.533380224006137, -0.974435490289316 ], [ -79.533365132602214, -0.974427343800246 ], [ -79.533337284896888, -0.974413403364979 ], [ -79.533317522272043, -0.974402903309348 ], [ -79.533312940392875, -0.974401725541517 ], [ -79.533287339935029, -0.974385525015167 ], [ -79.533261828858841, -0.974370409844759 ], [ -79.533235150232116, -0.974354118403152 ], [ -79.533209639665401, -0.974337827473688 ], [ -79.53318053706505, -0.974316922374722 ], [ -79.533151524315969, -0.974296017315428 ], [ -79.533124846708333, -0.974277374355982 ], [ -79.533084244742241, -0.974252936939192 ], [ -79.533043550892089, -0.974233202520604 ], [ -79.53299603038333, -0.974208852515211 ], [ -79.532942579259043, -0.974185585227211 ], [ -79.532913652844002, -0.974172820080734 ], [ -79.532898559918735, -0.97416820087068 ], [ -79.532884634035696, -0.974165933691008 ], [ -79.532841686371583, -0.974163653790554 ], [ -79.532789571861912, -0.974166163352041 ], [ -79.532772221557551, -0.97418722897238 ], [ -79.532750204572253, -0.974195449636625 ], [ -79.532738611286973, -0.974201323351313 ], [ -79.532716679104595, -0.974221211202648 ], [ -79.532694742382589, -0.974251590442435 ], [ -79.532683144048903, -0.974269131304499 ], [ -79.532675052436545, -0.974280794907188 ], [ -79.532660121055358, -0.974318141329814 ], [ -79.532647435941129, -0.974355488736794 ], [ -79.532633579713874, -0.974399890185559 ], [ -79.532624402807329, -0.974427923498558 ], [ -79.532620978890293, -0.974450080537637 ], [ -79.532614134578495, -0.97448625474514 ], [ -79.532608370471024, -0.974517816832011 ], [ -79.532600359116458, -0.974551639008673 ], [ -79.532592348739954, -0.974583200109965 ], [ -79.532586589211419, -0.97460418036478 ], [ -79.5325784940338, -0.974624074278784 ], [ -79.532563560609034, -0.974666123733134 ], [ -79.53254270713785, -0.974684836291052 ], [ -79.532521856720621, -0.974696494294391 ], [ -79.532516105256747, -0.974698843289933 ], [ -79.532488247423487, -0.974708327586484 ], [ -79.532458145906944, -0.974711841659258 ], [ -79.532428047405958, -0.974708391620864 ], [ -79.532410617855788, -0.974704947140112 ], [ -79.532397860033711, -0.974702680467974 ], [ -79.532368842757492, -0.974692266791686 ], [ -79.532336324867671, -0.974673621265686 ], [ -79.532311983862755, -0.974653894011022 ], [ -79.532300396136918, -0.974646924815748 ], [ -79.532286384478411, -0.974635251520657 ], [ -79.53225854031497, -0.974613171211462 ], [ -79.532235279555948, -0.974588741395118 ], [ -79.532217853571396, -0.974577066602633 ], [ -79.532208601455395, -0.974571274191407 ], [ -79.532181921828112, -0.974557334264412 ], [ -79.532155242201299, -0.974543394337521 ], [ -79.532127394006793, -0.974530629657138 ], [ -79.532102957632972, -0.974523654825705 ], [ -79.532094871540394, -0.974522565962285 ], [ -79.532065851763491, -0.974517940638006 ], [ -79.532034587207875, -0.974509877494815 ], [ -79.531999819494104, -0.974499461296712 ], [ -79.531967299066466, -0.974486694566635 ], [ -79.531942867237703, -0.97446922834961 ], [ -79.53192427922842, -0.974443624827157 ], [ -79.531917281487594, -0.974419111705761 ], [ -79.531918454089094, -0.974408620832925 ], [ -79.531931133647745, -0.97438411634404 ], [ -79.531950732256902, -0.974358348688135 ], [ -79.53196115748149, -0.974352474466693 ], [ -79.531977335146848, -0.974341990175739 ], [ -79.532002857831614, -0.974330243781791 ], [ -79.532036466060234, -0.974320852451913 ], [ -79.532066570151471, -0.974311369141433 ], [ -79.532101346948537, -0.974300802563892 ], [ -79.53213261855106, -0.97429258596638 ], [ -79.532168473556965, -0.97428201986042 ], [ -79.532176651496627, -0.974278496169899 ], [ -79.532206757076381, -0.974265576023429 ], [ -79.532235693070575, -0.97425618264068 ], [ -79.532269302318781, -0.974244439788606 ], [ -79.532290063935548, -0.974230339783699 ], [ -79.532302826296174, -0.974222115066308 ], [ -79.53232368022941, -0.974202317191602 ], [ -79.53234678453947, -0.974173023786929 ], [ -79.532371056868897, -0.974143821336616 ], [ -79.532399915144566, -0.974106390581873 ], [ -79.532411426639044, -0.97408188557201 ], [ -79.532429952552846, -0.97404336496965 ], [ -79.532436793336302, -0.974015330633872 ], [ -79.532432134247856, -0.973984939738413 ], [ -79.532423881600906, -0.973953461951641 ], [ -79.532421551508634, -0.973939532706005 ], [ -79.532412215605632, -0.973919721593529 ], [ -79.53239479466643, -0.9738963796597 ], [ -79.532378537208515, -0.973883620068634 ], [ -79.532365782949441, -0.973873123088551 ], [ -79.532325093147904, -0.973844073046171 ], [ -79.532304252327648, -0.973833572521756 ], [ -79.532299581578854, -0.973830133640048 ], [ -79.532270564307652, -0.973819719974694 ], [ -79.532245051761308, -0.973808041643532 ], [ -79.532213696338744, -0.97380232998965 ], [ -79.532177757553896, -0.973798877401615 ], [ -79.53216733585343, -0.973796611758076 ], [ -79.53212331301286, -0.973787367273762 ], [ -79.532086208166589, -0.973779301580916 ], [ -79.532054851259744, -0.973777026759703 ], [ -79.532038677629956, -0.973778195428415 ], [ -79.53201432653259, -0.973781802473016 ], [ -79.531984223505447, -0.973788843829544 ], [ -79.531952951911137, -0.973797060432235 ], [ -79.531932103503379, -0.973804105845342 ], [ -79.531915837988564, -0.973809977508599 ], [ -79.531876476781974, -0.973825245116601 ], [ -79.531847538761724, -0.973839341534994 ], [ -79.531834776405461, -0.97384756625118 ], [ -79.531811679187328, -0.973860489470957 ], [ -79.531787324099014, -0.973873321695735 ], [ -79.531760724740408, -0.973881540343526 ], [ -79.531730534369544, -0.973882793306188 ], [ -79.53172703524325, -0.973871124626495 ], [ -79.531716533793357, -0.973845524656335 ], [ -79.531702617548603, -0.973821008504786 ], [ -79.531696780269669, -0.973814041835236 ], [ -79.531674604301031, -0.973774418083751 ], [ -79.531653686750431, -0.973733619125922 ], [ -79.531635015466122, -0.973692821153643 ], [ -79.531607089525437, -0.973652109567128 ], [ -79.531581585560573, -0.973620624227321 ], [ -79.531554826191694, -0.973583349986934 ], [ -79.531535070633737, -0.973556570203453 ], [ -79.53151181090081, -0.973529788883997 ], [ -79.531497888590707, -0.973519291394601 ], [ -79.53148737755258, -0.97351584995307 ], [ -79.531460695942755, -0.973506522628326 ], [ -79.531432845218362, -0.973499636751311 ], [ -79.531398073490422, -0.97349853618999 ], [ -79.531393491107835, -0.973498534180824 ], [ -79.531366801397866, -0.973507928547556 ], [ -79.53133211345488, -0.973520846682614 ], [ -79.531298498670452, -0.973545432430503 ], [ -79.531273060802476, -0.973568846004494 ], [ -79.531251126091234, -0.973594612631171 ], [ -79.531245373145239, -0.973600398458148 ], [ -79.531223348073951, -0.973627340802925 ], [ -79.531204913034401, -0.973663509904004 ], [ -79.531188726765606, -0.973693891640984 ], [ -79.531179554405426, -0.97371143355297 ], [ -79.531174964936454, -0.973727801716433 ], [ -79.531180792111542, -0.973758102665353 ], [ -79.531193629163184, -0.973784879413648 ], [ -79.531195962734756, -0.973790759229966 ], [ -79.531221556580292, -0.973822154165633 ], [ -79.531252900319117, -0.973854817825586 ], [ -79.531286577708457, -0.973893180416862 ], [ -79.531314504617825, -0.973931630929342 ], [ -79.53132851070724, -0.973956147118314 ], [ -79.531349432829742, -0.97398636424866 ], [ -79.53136226984266, -0.974013231442579 ], [ -79.53137618357529, -0.974043535942058 ], [ -79.53138676880009, -0.974083154607751 ], [ -79.531399599272646, -0.974125125776139 ], [ -79.531403173090581, -0.974171795918171 ], [ -79.531404415842957, -0.974206797893993 ], [ -79.531398652750099, -0.974236008445524 ], [ -79.531376798790035, -0.974282757872708 ], [ -79.531347854735102, -0.974310782492455 ], [ -79.531311994686149, -0.974333015726068 ], [ -79.5313027380314, -0.974337714698098 ], [ -79.531270293795941, -0.974356512596699 ], [ -79.531228591926265, -0.97438227053964 ], [ -79.531192738459055, -0.974389309354486 ], [ -79.531150960373509, -0.974383593110509 ], [ -79.531126615861851, -0.974372005725878 ], [ -79.531102187063425, -0.974347575403933 ], [ -79.531080096928832, -0.974317267316442 ], [ -79.531060345418638, -0.974281171906471 ], [ -79.53104750943065, -0.974251953197051 ], [ -79.531038177069206, -0.974224002227034 ], [ -79.531028843689057, -0.974198402773674 ], [ -79.531019508820151, -0.974176240152234 ], [ -79.531012508069963, -0.974158691146106 ], [ -79.531002008158993, -0.974129563905994 ], [ -79.530986842086364, -0.974086415960191 ], [ -79.530975092335282, -0.974038656923317 ], [ -79.530964592423629, -0.974009529684128 ], [ -79.53095059542656, -0.973964030735825 ], [ -79.530941261066019, -0.973940692357713 ], [ -79.530924930967686, -0.973888228279094 ], [ -79.530906259191099, -0.973848606073032 ], [ -79.530885337114881, -0.973818298504289 ], [ -79.530870248240902, -0.973804363669461 ], [ -79.530850488152822, -0.973788075268568 ], [ -79.530827305164408, -0.973791592372047 ], [ -79.530821553197086, -0.97379511712335 ], [ -79.530798449406376, -0.97382323474327 ], [ -79.530784600268547, -0.973851265980395 ], [ -79.530774164474693, -0.973881559788614 ], [ -79.530764986040666, -0.973913120349543 ], [ -79.53075931381737, -0.973939979415615 ], [ -79.530748964817022, -0.973977327810902 ], [ -79.530745455079895, -0.97399016916898 ], [ -79.530737361942187, -0.974005360032052 ], [ -79.530724681877956, -0.974031040263512 ], [ -79.530703912710393, -0.974062595735627 ], [ -79.530685392315362, -0.974088363845674 ], [ -79.530662290595913, -0.974111687984759 ], [ -79.530636855737811, -0.974128137435449 ], [ -79.530605582117246, -0.974141057047778 ], [ -79.530575477064318, -0.974152801414242 ], [ -79.530567389998851, -0.974153973622254 ], [ -79.530521023982189, -0.974161098259419 ], [ -79.530474659494644, -0.974164695621837 ], [ -79.530446805254186, -0.974165949593946 ], [ -79.530413200574571, -0.974167201041088 ], [ -79.53036800567557, -0.974167271640925 ], [ -79.530333234467633, -0.974164995300766 ], [ -79.530294962613809, -0.974154577559735 ], [ -79.530270617095908, -0.974145341691506 ], [ -79.530250853489136, -0.974137193150254 ], [ -79.530207914422434, -0.974115196665502 ], [ -79.530180068298861, -0.974097728954335 ], [ -79.530153304929541, -0.974069770339829 ], [ -79.530137052043045, -0.974046519372601 ], [ -79.530125386632292, -0.974011512840138 ], [ -79.530118299565217, -0.973985823938957 ], [ -79.530111302309408, -0.973960225520272 ], [ -79.530101969995982, -0.973932184117698 ], [ -79.530090308111312, -0.97388903772502 ], [ -79.530079725452168, -0.97384354029063 ], [ -79.530077392863461, -0.973835399403889 ], [ -79.53007156064713, -0.973816765602238 ], [ -79.530059895744003, -0.973780583314017 ], [ -79.530047058707851, -0.973753806575076 ], [ -79.530020299375508, -0.973716532346598 ], [ -79.530002878940664, -0.973692105112253 ], [ -79.529978451688308, -0.973664147528836 ], [ -79.52997270477718, -0.973656005143858 ], [ -79.529950613131049, -0.973629224344085 ], [ -79.529930767749732, -0.973602444530652 ], [ -79.529908679669447, -0.973567433428168 ], [ -79.529891259744744, -0.973541830437985 ], [ -79.529871420945867, -0.973499856219542 ], [ -79.529859754004718, -0.973468376965935 ], [ -79.529843505663507, -0.973434634629138 ], [ -79.529827170057217, -0.973394923022461 ], [ -79.529809669370522, -0.973348337243909 ], [ -79.529793333724598, -0.97330871608116 ], [ -79.529771248151405, -0.973267916637854 ], [ -79.529747905179534, -0.973225940885658 ], [ -79.529722313397613, -0.97318984293618 ], [ -79.529688565386465, -0.973107163312926 ], [ -79.529667722524323, -0.973101456264394 ], [ -79.529621266613418, -0.973108761754568 ], [ -79.529590081380633, -0.97312511823491 ], [ -79.529551341689384, -0.973157660678019 ], [ -79.529520147759669, -0.973194095475772 ], [ -79.529498840681015, -0.97322293740829 ], [ -79.529476360098769, -0.973264350387447 ], [ -79.529466367136209, -0.973309477005667 ], [ -79.529457545442781, -0.97334718782027 ], [ -79.52945752969093, -0.973383545856789 ], [ -79.529451227064072, -0.97341375101659 ], [ -79.529448694946808, -0.97345137414879 ], [ -79.529442393455327, -0.973478956464847 ], [ -79.529433665410451, -0.97350789435875 ], [ -79.529419905772912, -0.973536739600331 ], [ -79.529404890421844, -0.973560519488202 ], [ -79.529392389749447, -0.973586923323696 ], [ -79.52938114592618, -0.973615769668786 ], [ -79.529369898809819, -0.973652213214887 ], [ -79.52936108204814, -0.973678528224184 ], [ -79.529347413316543, -0.973704931545347 ], [ -79.529319905481131, -0.973736212704281 ], [ -79.529278747377489, -0.973751298590211 ], [ -79.529255033376927, -0.973736184213012 ], [ -79.529238416316232, -0.973723967125267 ], [ -79.529222607675493, -0.973712293049974 ], [ -79.529197734870621, -0.973675833643756 ], [ -79.529179062851753, -0.973636844560707 ], [ -79.529159130729838, -0.973602919726193 ], [ -79.52914549355603, -0.97355651653904 ], [ -79.529138052306493, -0.973518798589805 ], [ -79.529131871120001, -0.973476106835673 ], [ -79.529124432025242, -0.973433414529404 ], [ -79.529110804138128, -0.973365576385347 ], [ -79.529105794259337, -0.973315378387345 ], [ -79.529104645248736, -0.973271422643285 ], [ -79.529102146323893, -0.973232440665032 ], [ -79.52910225357347, -0.973192284073512 ], [ -79.529091047805053, -0.973133310396857 ], [ -79.529079922678221, -0.973095590832669 ], [ -79.529064931783935, -0.97306293437312 ], [ -79.529048770677704, -0.973035251758539 ], [ -79.529012923724736, -0.973027367493229 ], [ -79.528981380624941, -0.97304019653535 ], [ -79.52894641082267, -0.973081604020543 ], [ -79.528928969474876, -0.973105473282162 ], [ -79.528907655853942, -0.973149419160831 ], [ -79.528886439724715, -0.973175728721472 ], [ -79.52886333943826, -0.973195796896142 ], [ -79.528824066605338, -0.973214591768839 ], [ -79.528803042405173, -0.973212683236952 ], [ -79.528784358591139, -0.973200917460152 ], [ -79.528763790581593, -0.973183000741215 ], [ -79.528742325282124, -0.97316227989968 ], [ -79.528740439244245, -0.973160379771356 ], [ -79.528723646603297, -0.973138666110311 ], [ -79.528704969531574, -0.973111344164549 ], [ -79.52870209717608, -0.973104740574308 ], [ -79.528688088255379, -0.973086826736384 ], [ -79.528673182867607, -0.973064209476159 ], [ -79.528654507873384, -0.973032094060593 ], [ -79.528650738227668, -0.973022686347903 ], [ -79.528644188114839, -0.973001972056798 ], [ -79.528634945347378, -0.972974654254779 ], [ -79.528622737552084, -0.972947244708353 ], [ -79.528607833771133, -0.972920919292882 ], [ -79.528605948164426, -0.972918024293539 ], [ -79.528590054421201, -0.972895406600992 ], [ -79.528569488451652, -0.97287278685751 ], [ -79.528552692520023, -0.972858670398008 ], [ -79.528543350928018, -0.972852063968323 ], [ -79.528515682928813, -0.972838304507443 ], [ -79.528497440611616, -0.972844446612859 ], [ -79.528491864158823, -0.97285764882149 ], [ -79.528488075349586, -0.972892467657182 ], [ -79.528491748207642, -0.972917883711997 ], [ -79.528492734486065, -0.972922677616341 ], [ -79.528497304947507, -0.972950174251018 ], [ -79.528495405505851, -0.972979205573514 ], [ -79.528492616495072, -0.972987615534404 ], [ -79.528486048824362, -0.973007419635763 ], [ -79.528474804850561, -0.973036627740408 ], [ -79.528468240471867, -0.973048834643138 ], [ -79.528452241750486, -0.973061127845702 ], [ -79.528424204746628, -0.973069526718761 ], [ -79.528422317062791, -0.973071425189671 ], [ -79.528398952285428, -0.973079826114114 ], [ -79.528389248665945, -0.973079279195543 ], [ -79.528371727974147, -0.973078909729642 ], [ -79.528370829469097, -0.973078909335047 ], [ -79.528343694616666, -0.973078897418159 ], [ -79.528311077002158, -0.973083224349785 ], [ -79.52828385049655, -0.973087372763048 ], [ -79.528242874433886, -0.973097122593402 ], [ -79.528177989866222, -0.973125945361102 ], [ -79.528140608804705, -0.973133435697119 ], [ -79.528071964711842, -0.973129516501652 ], [ -79.52803459616041, -0.973108155576802 ], [ -79.528003437645339, -0.973062920471799 ], [ -79.527993482747931, -0.973020227080982 ], [ -79.527989813032079, -0.972987575605798 ], [ -79.527987316821793, -0.972942353092183 ], [ -79.527991109046894, -0.972899665739922 ], [ -79.528004966681451, -0.972852008452081 ], [ -79.528014956980741, -0.972813031977437 ], [ -79.528023685530954, -0.97278291834625 ], [ -79.5280299897247, -0.972749095493923 ], [ -79.528026319495225, -0.972717619775291 ], [ -79.528012595770974, -0.972663619376264 ], [ -79.527990231702731, -0.972643531247096 ], [ -79.527960316941645, -0.972630946557964 ], [ -79.527927889111396, -0.972612029767193 ], [ -79.527891681526015, -0.972607039512925 ], [ -79.527836781829166, -0.972609457362445 ], [ -79.52779194264231, -0.972618210626693 ], [ -79.52774071486084, -0.972648215148181 ], [ -79.527701972961978, -0.972685912791099 ], [ -79.527683272656375, -0.972712223439265 ], [ -79.527660794278759, -0.97274857158059 ], [ -79.527644520993348, -0.972772441337417 ], [ -79.527629504006541, -0.972800019801269 ], [ -79.527615744886575, -0.972827689260034 ], [ -79.527601985256382, -0.972856534474837 ], [ -79.527584536854661, -0.972896683420912 ], [ -79.527565739596824, -0.972939364172534 ], [ -79.527548208441146, -0.972963142930955 ], [ -79.527525737627215, -0.972982035606497 ], [ -79.527489605776736, -0.973009604789069 ], [ -79.527448352998448, -0.97303590552071 ], [ -79.527424624865716, -0.973053440999293 ], [ -79.527398472378579, -0.973067267256714 ], [ -79.527362253971916, -0.973087239200951 ], [ -79.52733232666688, -0.973103596196728 ], [ -79.527325049210845, -0.97310259812746 ], [ -79.527293603314234, -0.973098514380842 ], [ -79.527294875382708, -0.973065865086946 ], [ -79.527311155733486, -0.973025715635671 ], [ -79.527326179824286, -0.972981767033778 ], [ -79.527336165737921, -0.972952920166268 ], [ -79.527348758412586, -0.972921542045241 ], [ -79.527367470722837, -0.972867555910419 ], [ -79.52738752753325, -0.97282107711847 ], [ -79.527396263694428, -0.972773417595628 ], [ -79.527397627803509, -0.972735703542981 ], [ -79.527398898767672, -0.972705586645439 ], [ -79.527400175730605, -0.972661632000471 ], [ -79.527403968505382, -0.972617678460526 ], [ -79.527394017962962, -0.972564945931328 ], [ -79.527391612113178, -0.972518547712946 ], [ -79.527389110453214, -0.972485896759732 ], [ -79.527380499511139, -0.972451976924161 ], [ -79.527373058270996, -0.97241425900452 ], [ -79.527368048950748, -0.97236279484607 ], [ -79.527361861774338, -0.97233394087289 ], [ -79.527354427588079, -0.972279943251394 ], [ -79.527343306279576, -0.972233450764351 ], [ -79.527333351928789, -0.972189491188744 ], [ -79.527313692397627, -0.972148602407766 ], [ -79.527298515551237, -0.972130416739987 ], [ -79.527284780936469, -0.972101559454473 ], [ -79.527267362493035, -0.972072610109109 ], [ -79.527238721955058, -0.972022401778169 ], [ -79.527217622896742, -0.971985944065221 ], [ -79.527201467257854, -0.971945689925298 ], [ -79.527182796316211, -0.971904258925274 ], [ -79.527165382183213, -0.971865360875964 ], [ -79.527147968089253, -0.971826372384385 ], [ -79.527132979917326, -0.971787475401007 ], [ -79.527114314460334, -0.971733382413662 ], [ -79.527100671889229, -0.971699460375872 ], [ -79.527081998752493, -0.971663094174907 ], [ -79.527063325654908, -0.971626637531648 ], [ -79.527045908269173, -0.971595246236647 ], [ -79.527019777587483, -0.971558786321322 ], [ -79.526997322624354, -0.971541140121137 ], [ -79.526951236965331, -0.971523573992752 ], [ -79.526919963617601, -0.971536041372257 ], [ -79.526905036461713, -0.971563710314631 ], [ -79.526896217017196, -0.971596265848146 ], [ -79.526882458464101, -0.971622669103602 ], [ -79.526865012282258, -0.971657753247675 ], [ -79.526847480011043, -0.971684154845604 ], [ -79.526832461944124, -0.971714265701084 ], [ -79.526798750093391, -0.971755673697207 ], [ -79.526781216762373, -0.971784517247955 ], [ -79.526760003914546, -0.971803320033447 ], [ -79.526736274157756, -0.971824654111237 ], [ -79.526695117812068, -0.971835850944625 ], [ -79.526650191512815, -0.971838363614689 ], [ -79.526594038304523, -0.971830741762751 ], [ -79.526546689888079, -0.971824389975731 ], [ -79.52651298728658, -0.97184445347117 ], [ -79.526504166149365, -0.97188089803527 ], [ -79.526502879428961, -0.971947372909241 ], [ -79.526504022431297, -0.972005166344034 ], [ -79.526501479409134, -0.972067932512284 ], [ -79.526501466900939, -0.972096783751729 ], [ -79.526501453804158, -0.972126991632526 ], [ -79.526501446785062, -0.972143180886014 ], [ -79.526499627228787, -0.972195184681726 ], [ -79.526498534474797, -0.972228738470769 ], [ -79.526499600836075, -0.972256052657018 ], [ -79.526497434896271, -0.972278029299445 ], [ -79.526497429876244, -0.972289605972286 ], [ -79.526494270992799, -0.972322163982896 ], [ -79.526490035747329, -0.972350470710102 ], [ -79.526489041940948, -0.97236304181894 ], [ -79.526486879177043, -0.972377692597885 ], [ -79.526482733781165, -0.972405999364355 ], [ -79.526476431504292, -0.972435390496151 ], [ -79.526470136954572, -0.972446964404939 ], [ -79.526459706147676, -0.972465771917721 ], [ -79.52644199557426, -0.972488917484052 ], [ -79.526429409730042, -0.97250455855219 ], [ -79.526418982060889, -0.972516130643969 ], [ -79.526391836801281, -0.972540176490259 ], [ -79.526367836737279, -0.972563228847695 ], [ -79.52634284965248, -0.972583205716536 ], [ -79.526338624878406, -0.972587364226817 ], [ -79.526313640539925, -0.972601010102466 ], [ -79.526278144645417, -0.972612480730587 ], [ -79.526268799771373, -0.972613471493131 ], [ -79.526251099241136, -0.972613463712179 ], [ -79.526220910407119, -0.972611370257756 ], [ -79.526213542673872, -0.972611367018897 ], [ -79.526192697379926, -0.972611357855208 ], [ -79.52616044112419, -0.972611253232195 ], [ -79.52613123884079, -0.972613320577692 ], [ -79.526103119746338, -0.972603902168864 ], [ -79.526075991792979, -0.972588062760078 ], [ -79.526052101593791, -0.97256498935445 ], [ -79.526040612593988, -0.972537670591514 ], [ -79.526027151868902, -0.972498864732186 ], [ -79.526014673141134, -0.972474711031111 ], [ -79.526012607955465, -0.972471544626872 ], [ -79.525999053298818, -0.972442144773384 ], [ -79.525979294845129, -0.972422238682142 ], [ -79.525958456852933, -0.972405407170165 ], [ -79.525956391196445, -0.972403326078841 ], [ -79.525916774473501, -0.97238648631221 ], [ -79.525888654049183, -0.972380142958259 ], [ -79.525876166218922, -0.972376971972452 ], [ -79.525861612261551, -0.972372805208163 ], [ -79.525831334055511, -0.972369626401638 ], [ -79.525804291405464, -0.972364278391425 ], [ -79.525799080083289, -0.972364276100461 ], [ -79.525768803683334, -0.972356936928137 ], [ -79.525739694004599, -0.972352673321914 ], [ -79.525719838444346, -0.972349499096866 ], [ -79.525704204478572, -0.972349492223661 ], [ -79.525677158612439, -0.972351560516268 ], [ -79.525647954964043, -0.972356793355796 ], [ -79.525621897452609, -0.972358862082351 ], [ -79.525612463634246, -0.972357772621767 ], [ -79.525584340938238, -0.972356674944216 ], [ -79.525554156668392, -0.972344090132628 ], [ -79.5255427565817, -0.972318942039975 ], [ -79.525541687953123, -0.972296873542832 ], [ -79.525541690700251, -0.972290542552611 ], [ -79.525554280190875, -0.972266490320051 ], [ -79.525566775317913, -0.972252838960307 ], [ -79.525576123405884, -0.972244431895551 ], [ -79.525595988970679, -0.972224543226751 ], [ -79.52562106585674, -0.972204656848362 ], [ -79.525626278551599, -0.972201493643993 ], [ -79.525644972882873, -0.972188930321076 ], [ -79.525663760242608, -0.972169041176819 ], [ -79.525675270663683, -0.972146978207736 ], [ -79.525675274312533, -0.972138567034492 ], [ -79.525671153005064, -0.972111341958186 ], [ -79.525664969729064, -0.972073534175111 ], [ -79.525659408500431, -0.972051644587813 ], [ -79.525659499331596, -0.972049383559241 ], [ -79.525658344340783, -0.97201926561929 ], [ -79.525650898215545, -0.971992853066809 ], [ -79.525632222402933, -0.971962727426955 ], [ -79.525605995943152, -0.971940014773667 ], [ -79.525549944028484, -0.971906074113793 ], [ -79.525496306110497, -0.971899719549202 ], [ -79.525458838511767, -0.971899703082211 ], [ -79.525428917794216, -0.971900956130002 ], [ -79.525393966045755, -0.97190085032529 ], [ -79.525340420140111, -0.971889521449258 ], [ -79.525299281234794, -0.971860561694963 ], [ -79.525295521683347, -0.971827910218788 ], [ -79.525311804721838, -0.971781520257249 ], [ -79.525326819537128, -0.971758916174591 ], [ -79.525354330611194, -0.971720037892275 ], [ -79.525371774640632, -0.971689928129625 ], [ -79.525389310167242, -0.971656019811997 ], [ -79.525403071978559, -0.97162210983558 ], [ -79.525408121560886, -0.971580689284151 ], [ -79.525406881069173, -0.971540532167151 ], [ -79.525397013335962, -0.97150407941178 ], [ -79.525373314610619, -0.971453873285566 ], [ -79.525360929969267, -0.971419951821675 ], [ -79.525334713277402, -0.971374718940735 ], [ -79.525298609794191, -0.971336988463651 ], [ -79.525271207638298, -0.971331911633253 ], [ -79.5252199891451, -0.971340662076409 ], [ -79.525182600544653, -0.971365698284105 ], [ -79.525163807667937, -0.971398339849319 ], [ -79.525151307019925, -0.971424743630958 ], [ -79.525138804763387, -0.971454855563011 ], [ -79.525131331967586, -0.971489944054216 ], [ -79.525126283992563, -0.971527656449532 ], [ -79.525125011378307, -0.971561571909598 ], [ -79.525123650011551, -0.971592954934514 ], [ -79.525126153307156, -0.971621807261711 ], [ -79.525132327363295, -0.971680869070164 ], [ -79.525148483554545, -0.971719766540009 ], [ -79.525165892157673, -0.97177132654155 ], [ -79.525177111483941, -0.97179891650246 ], [ -79.525179524927196, -0.971827768791019 ], [ -79.525164500301599, -0.971872983546619 ], [ -79.525144539360227, -0.971905624593595 ], [ -79.525107055992365, -0.971941966087955 ], [ -79.525068413830937, -0.971956962590307 ], [ -79.525033460949516, -0.971959479619173 ], [ -79.524987277914391, -0.971959368871361 ], [ -79.524941188498289, -0.971950575663872 ], [ -79.524914956556742, -0.971940524989315 ], [ -79.524887557660207, -0.971927941405851 ], [ -79.52485764244463, -0.97191653247127 ], [ -79.524815242351011, -0.971895169349582 ], [ -79.524785328745949, -0.97188005226501 ], [ -79.52475164303695, -0.971861225371174 ], [ -79.52471795846688, -0.971839775639724 ], [ -79.524673137324399, -0.971807106117101 ], [ -79.524649426102286, -0.9717857512144 ], [ -79.524633263955664, -0.971760601037921 ], [ -79.524623302579926, -0.97173292119258 ], [ -79.524610918463665, -0.971697823981073 ], [ -79.52460967366703, -0.971667615572987 ], [ -79.524614719961718, -0.971633792222847 ], [ -79.524628482874277, -0.971597349866296 ], [ -79.524647185905252, -0.9715647082742 ], [ -79.524667235591608, -0.971534599669008 ], [ -79.524683419516691, -0.971509554155099 ], [ -79.524697178071406, -0.971483150934188 ], [ -79.524707269083493, -0.971419121937242 ], [ -79.524681135706828, -0.971388993032096 ], [ -79.524641249819425, -0.971371339175586 ], [ -79.52458761573763, -0.971356211672177 ], [ -79.524557605186317, -0.97135746467957 ], [ -79.524505218104125, -0.971367480792446 ], [ -79.524476553150365, -0.971373708738403 ], [ -79.524432885943241, -0.971373599101071 ], [ -79.524404226405053, -0.971367345957471 ], [ -79.524376732213739, -0.971367333871497 ], [ -79.524335580816967, -0.971367225338945 ], [ -79.524301891311822, -0.971357171390902 ], [ -79.524280785753362, -0.971335817639388 ], [ -79.524268316731508, -0.971289324618795 ], [ -79.524280816829986, -0.971264187047543 ], [ -79.524303288662523, -0.97124285245181 ], [ -79.524354520160287, -0.971204075057717 ], [ -79.524378247189304, -0.971188981557274 ], [ -79.524405659688725, -0.971170181525825 ], [ -79.524434422099972, -0.971146407738988 ], [ -79.524480618214014, -0.971116310624038 ], [ -79.524505607500615, -0.971091178536628 ], [ -79.52451936600977, -0.971064865758577 ], [ -79.524526837194159, -0.971033485426687 ], [ -79.524528113061038, -0.970992063233447 ], [ -79.524514471072493, -0.970956875031756 ], [ -79.524494538465305, -0.970924216462063 ], [ -79.524475859409208, -0.970901597582369 ], [ -79.524457181451353, -0.970876446308069 ], [ -79.524438503493641, -0.970851295034104 ], [ -79.524401151382492, -0.970792219547969 ], [ -79.524386156188783, -0.970769602288182 ], [ -79.524361288326261, -0.970721928067082 ], [ -79.5243476479842, -0.970682941276879 ], [ -79.524337686562703, -0.970655351881604 ], [ -79.524328984730957, -0.970623874004343 ], [ -79.524320285565125, -0.970586246025849 ], [ -79.524309158834015, -0.970552325131442 ], [ -79.524299198509553, -0.970522203342413 ], [ -79.524291756736858, -0.970485751671898 ], [ -79.524279299108301, -0.970412939839639 ], [ -79.524271953731116, -0.970361384283873 ], [ -79.524269450977215, -0.970331265771071 ], [ -79.524274494547711, -0.970303682967356 ], [ -79.524278287857399, -0.970258463291069 ], [ -79.524294567060423, -0.970220846282582 ], [ -79.524308325046647, -0.970195709257035 ], [ -79.524340327143051, -0.970160179332399 ], [ -79.524343830323602, -0.970162441937646 ], [ -79.524363244956632, -0.970146351663218 ], [ -79.524365581533786, -0.970145267376802 ], [ -79.524381587852346, -0.970115337874279 ], [ -79.524383843553053, -0.970093542176636 ], [ -79.524382770326568, -0.970082055484028 ], [ -79.524378201913194, -0.970049855881443 ], [ -79.524370215702149, -0.970025704177865 ], [ -79.52437021965973, -0.970016569468114 ], [ -79.52436232580645, -0.969986629473243 ], [ -79.524362332741774, -0.969970621120565 ], [ -79.524363507769522, -0.96995452283792 ], [ -79.524370350337662, -0.969922328244531 ], [ -79.524391924743298, -0.969898460844335 ], [ -79.524405411567415, -0.96987703184649 ], [ -79.524430398558522, -0.969857145421377 ], [ -79.524439836165769, -0.969849461934687 ], [ -79.524452239850149, -0.969839428239647 ], [ -79.524475158482915, -0.969823701269481 ], [ -79.52450427584354, -0.969810147643739 ], [ -79.524538692097849, -0.969801842019008 ], [ -79.524575083726546, -0.969796612312171 ], [ -79.524602129087171, -0.96979562931035 ], [ -79.524642652458141, -0.96979356691005 ], [ -79.524684343413298, -0.969792590333888 ], [ -79.524718667117057, -0.969790525212212 ], [ -79.524748766487761, -0.969791623731288 ], [ -79.524781024536949, -0.96978747752035 ], [ -79.524813381992388, -0.969761263332285 ], [ -79.524821660005045, -0.969734043709383 ], [ -79.524820683869947, -0.969705825156686 ], [ -79.524815488452646, -0.969669103138632 ], [ -79.524798876568653, -0.969645038091427 ], [ -79.524774984581057, -0.969626125085056 ], [ -79.524745880808482, -0.969608295105069 ], [ -79.524699077904899, -0.969587291866388 ], [ -79.524655417490649, -0.969571535683115 ], [ -79.524595133878933, -0.969557852389345 ], [ -79.524550392092365, -0.969549421589983 ], [ -79.524517152940916, -0.969536835472866 ], [ -79.524490115259042, -0.969520091712631 ], [ -79.524468289832129, -0.969501179614676 ], [ -79.524449613236939, -0.969472862858454 ], [ -79.524437135369254, -0.969446719446573 ], [ -79.524428888647194, -0.969401675368759 ], [ -79.524429893328289, -0.96936396120744 ], [ -79.524425772002743, -0.96933673614968 ], [ -79.52440296319638, -0.969306337400681 ], [ -79.524367572184815, -0.969283258990841 ], [ -79.524343680634459, -0.969263351119585 ], [ -79.524316646597015, -0.96923819619437 ], [ -79.524286562193751, -0.96920254858008 ], [ -79.524281368107154, -0.969162751520453 ], [ -79.524282458564301, -0.969134443438378 ], [ -79.524289839437927, -0.969104057933441 ], [ -79.524315827452099, -0.969054868510072 ], [ -79.524338748774326, -0.969032900989336 ], [ -79.524363733911628, -0.969017265361224 ], [ -79.524388720888567, -0.96899737892696 ], [ -79.524397091012275, -0.968964913671764 ], [ -79.524397106589987, -0.968928917488108 ], [ -79.524424492985787, -0.968970352248699 ], [ -79.524459344544937, -0.968994244401265 ], [ -79.524463465913712, -0.96902137901614 ], [ -79.524482414998729, -0.969042912686224 ], [ -79.524511070689144, -0.969058029181679 ], [ -79.524546017541113, -0.969069349842735 ], [ -79.524595881687361, -0.96907570269648 ], [ -79.524631993893621, -0.96909326441459 ], [ -79.524653190920105, -0.969110910035565 ], [ -79.524684359720013, -0.969132268179947 ], [ -79.52470923465826, -0.969163662704839 ], [ -79.524749122104382, -0.969177698813998 ], [ -79.524771498066599, -0.969170201880958 ], [ -79.524795317151472, -0.969149953158851 ], [ -79.524830277041815, -0.969131156404063 ], [ -79.524875206475713, -0.969121227404629 ], [ -79.524902706642479, -0.969107401726549 ], [ -79.524917633720918, -0.969079823243845 ], [ -79.524926452076897, -0.969049709686877 ], [ -79.524925213737873, -0.96900448778841 ], [ -79.524920289894141, -0.968963062868358 ], [ -79.52491788350018, -0.968917840458062 ], [ -79.524917897624078, -0.968885190645593 ], [ -79.524915489037781, -0.968845033026265 ], [ -79.524914246352495, -0.968809850267079 ], [ -79.524913000928294, -0.968780998496495 ], [ -79.524926769179785, -0.968732075023628 ], [ -79.524946823700859, -0.968690661049871 ], [ -79.524984307018272, -0.96865422906144 ], [ -79.525022945872763, -0.968646739246575 ], [ -79.525057897034543, -0.968648111201479 ], [ -79.525086555472043, -0.968656896701829 ], [ -79.525124021933721, -0.968659445513686 ], [ -79.525165172256692, -0.968661995939236 ], [ -79.525225011943093, -0.968663378797051 ], [ -79.525258705791202, -0.968663393558548 ], [ -79.525299856116831, -0.968665943982663 ], [ -79.52533355211682, -0.968660984394341 ], [ -79.525358445528298, -0.968649689958372 ], [ -79.525383428790107, -0.968638395561322 ], [ -79.525414613323534, -0.968623395728245 ], [ -79.525444629803545, -0.968608395382839 ], [ -79.525485792095836, -0.968583270332394 ], [ -79.525513301447333, -0.968548190599956 ], [ -79.525525802597429, -0.968520520597882 ], [ -79.52553453378853, -0.968484166441735 ], [ -79.525538331931017, -0.968427641394726 ], [ -79.525533412954502, -0.968374911125321 ], [ -79.525529744298112, -0.968339727294436 ], [ -79.52551978608372, -0.96830463115244 ], [ -79.525486204363375, -0.968253064089441 ], [ -79.525440034344683, -0.968222926443672 ], [ -79.525407602779111, -0.968212782657496 ], [ -79.525368968263507, -0.968210233344566 ], [ -79.525329072053765, -0.968216456423471 ], [ -79.525295376567342, -0.968220240263292 ], [ -79.525245511319639, -0.968216419832973 ], [ -79.525203107474454, -0.968203739282694 ], [ -79.5251581937259, -0.96817740078234 ], [ -79.525128290988832, -0.968137140677055 ], [ -79.525117166913489, -0.968096979238312 ], [ -79.525113501502091, -0.968054288669728 ], [ -79.525110999804809, -0.968021637752628 ], [ -79.525107332789773, -0.967982655335049 ], [ -79.525104833241016, -0.967945030069503 ], [ -79.525104942631174, -0.967899808757835 ], [ -79.525107470903762, -0.967870958637266 ], [ -79.525113687920083, -0.967830804791536 ], [ -79.525128710805504, -0.967789388602216 ], [ -79.525159993339301, -0.967755486275303 ], [ -79.525191184381256, -0.967725382501442 ], [ -79.525212396616126, -0.967707845897542 ], [ -79.525253558845776, -0.967682811278406 ], [ -79.52529480932391, -0.967661484848245 ], [ -79.525328505858582, -0.967655259046703 ], [ -79.525363366110838, -0.967659072896896 ], [ -79.525390851065865, -0.96768042940915 ], [ -79.525421924054484, -0.967715625229935 ], [ -79.525434401285068, -0.967743306166463 ], [ -79.525445615221159, -0.967783467647544 ], [ -79.52546177416302, -0.967816124546326 ], [ -79.525491687771947, -0.967831241574873 ], [ -79.525526548028466, -0.967835055426428 ], [ -79.525565272393379, -0.967837604770506 ], [ -79.525622596855584, -0.967837629857337 ], [ -79.525668780395137, -0.967836474312215 ], [ -79.525701216885096, -0.967835222308064 ], [ -79.52572987962553, -0.967834059094948 ], [ -79.525774805302646, -0.967832812555072 ], [ -79.525812273408803, -0.967831562751428 ], [ -79.525847137459209, -0.967826603655172 ], [ -79.525879577739971, -0.967816578703876 ], [ -79.525910760624953, -0.967805377446052 ], [ -79.525935743880737, -0.967794083032492 ], [ -79.525959471380645, -0.96777781371762 ], [ -79.525983203761712, -0.967750239059993 ], [ -79.526014393753599, -0.967722577221187 ], [ -79.526060589755218, -0.967692570433642 ], [ -79.526104265107676, -0.967673777443933 ], [ -79.526156749027407, -0.96764748155634 ], [ -79.526180477112163, -0.967629855595521 ], [ -79.526222896161698, -0.967607353899198 ], [ -79.526251559492238, -0.967604834037192 ], [ -79.526306459611291, -0.967601149892614 ], [ -79.526333864453363, -0.967599986120911 ], [ -79.526378791778697, -0.967594940972205 ], [ -79.5264112287838, -0.96759251320144 ], [ -79.52644115107428, -0.967587551933031 ], [ -79.526472331854478, -0.967581234572853 ], [ -79.526498572430498, -0.967571297341112 ], [ -79.526523555688087, -0.967560002917533 ], [ -79.526550966503507, -0.96754500140096 ], [ -79.52658215161631, -0.967528644892204 ], [ -79.526613436296145, -0.967489768173773 ], [ -79.526609676671015, -0.967457116686282 ], [ -79.526586063371397, -0.967416949769249 ], [ -79.526556161644706, -0.9673742477062 ], [ -79.526531287241951, -0.967341496547146 ], [ -79.526502639088818, -0.967308834181835 ], [ -79.526471473489664, -0.967279969313253 ], [ -79.526447760625643, -0.967262322606902 ], [ -79.526420364954291, -0.967242232336062 ], [ -79.526396744633516, -0.967218345119329 ], [ -79.526371777105254, -0.967193191115244 ], [ -79.526350583834841, -0.967166772562499 ], [ -79.526341881897466, -0.967135385117659 ], [ -79.526343255634828, -0.967075150833185 ], [ -79.526364478710789, -0.967032471120975 ], [ -79.526394500050969, -0.967006165394517 ], [ -79.526424431033448, -0.966981035383652 ], [ -79.526454360338391, -0.966959794410416 ], [ -79.526503071625243, -0.966930964449963 ], [ -79.526529320890958, -0.966900858474434 ], [ -79.526535537875404, -0.966860704597322 ], [ -79.526531865948044, -0.966833027502959 ], [ -79.526518223877787, -0.966797839302346 ], [ -79.526503229724824, -0.966772689659624 ], [ -79.526488325929122, -0.966746364300566 ], [ -79.526478364482671, -0.966718684459293 ], [ -79.526490867745764, -0.966686040079169 ], [ -79.526518375962681, -0.966653492695902 ], [ -79.526569516435217, -0.966617157037255 ], [ -79.526618221242614, -0.966603340564984 ], [ -79.526646883437834, -0.966603443526346 ], [ -79.526698006094819, -0.966608440207379 ], [ -79.526742931189673, -0.966608550270706 ], [ -79.526775368228385, -0.966606032038798 ], [ -79.52680654623326, -0.966606136097552 ], [ -79.526840242774853, -0.96659991026053 ], [ -79.526882654832349, -0.966593597786115 ], [ -79.526912577117557, -0.966588636498931 ], [ -79.526942499948746, -0.966582409012452 ], [ -79.526977453304397, -0.966578716120403 ], [ -79.527016182009191, -0.96657122627882 ], [ -79.527051047698052, -0.966562468550663 ], [ -79.527076030947583, -0.966551174108718 ], [ -79.527103529459424, -0.96654114696371 ], [ -79.527135973517034, -0.966522349025483 ], [ -79.527159701006042, -0.966506079679584 ], [ -79.527183430131558, -0.9664860117361 ], [ -79.52720464508549, -0.96646214409665 ], [ -79.527218410531006, -0.966419551543902 ], [ -79.527214649287217, -0.966390608204151 ], [ -79.52720352137203, -0.966359219693295 ], [ -79.527187272536196, -0.96632656274831 ], [ -79.527157463360084, -0.966277529737604 ], [ -79.527133754769707, -0.96624993433479 ], [ -79.527105102271918, -0.966227311128728 ], [ -79.527072673375073, -0.966210926828029 ], [ -79.527041501291833, -0.966197075474394 ], [ -79.527014104556756, -0.966179427171151 ], [ -79.526990394371239, -0.966155539924135 ], [ -79.526968034628169, -0.966125412713931 ], [ -79.526946848353745, -0.966082714467795 ], [ -79.526959348370127, -0.966057576825957 ], [ -79.526986848471836, -0.96604384152229 ], [ -79.527013000313232, -0.966031281386052 ], [ -79.527047953663384, -0.966027588484442 ], [ -79.527087836353218, -0.966052748986916 ], [ -79.527120263107662, -0.966074107638483 ], [ -79.527168859639801, -0.966103070542045 ], [ -79.527197513229737, -0.966123161348552 ], [ -79.527224909968027, -0.966140809651094 ], [ -79.527262371573855, -0.966154663747962 ], [ -79.527292286847697, -0.966165982153234 ], [ -79.527320947451031, -0.966169793257774 ], [ -79.527347190744024, -0.966153525003172 ], [ -79.527393388394216, -0.966119629106027 ], [ -79.527427097906141, -0.96608328580236 ], [ -79.527465846626683, -0.966029308346439 ], [ -79.52748580417591, -0.966004264392588 ], [ -79.527500819452982, -0.965980394038873 ], [ -79.527518264464163, -0.965947751791197 ], [ -79.527532029389732, -0.965906334984251 ], [ -79.527539590323357, -0.965874954623786 ], [ -79.527545891717367, -0.965847372312155 ], [ -79.527539260665833, -0.965805856165799 ], [ -79.527519779349987, -0.965768223456633 ], [ -79.527496071840091, -0.965738095658802 ], [ -79.52747119035979, -0.965721714657631 ], [ -79.527441276719586, -0.965706597661458 ], [ -79.527412618803751, -0.965696546010692 ], [ -79.527383869987048, -0.965688936276255 ], [ -79.527335263171366, -0.965683850279709 ], [ -79.527291600262771, -0.965673792084457 ], [ -79.527272556366725, -0.965663654183854 ], [ -79.527256754049091, -0.965637328434472 ], [ -79.527261708777289, -0.965607213140249 ], [ -79.527264237547911, -0.965577096787873 ], [ -79.527269282125431, -0.965546981532558 ], [ -79.527279359951962, -0.965513069874014 ], [ -79.527290602561649, -0.965486755919051 ], [ -79.527314341402089, -0.965444077263986 ], [ -79.527339339234757, -0.965398866758042 ], [ -79.527354353957904, -0.965376262601493 ], [ -79.527376834307987, -0.965334940037081 ], [ -79.527394276621649, -0.965308538339674 ], [ -79.527414322958123, -0.965285936375163 ], [ -79.52743553785352, -0.965262159162925 ], [ -79.527465469858157, -0.965234587151564 ], [ -79.527496748021122, -0.965210723881494 ], [ -79.527552822133245, -0.965193202415321 ], [ -79.527591540011159, -0.965210855640716 ], [ -79.52762270614906, -0.965238544728276 ], [ -79.527646328132903, -0.965258633330909 ], [ -79.527672556825408, -0.965276281113656 ], [ -79.527718648381125, -0.965280099801338 ], [ -79.527756124037168, -0.965261304026267 ], [ -79.527784794366312, -0.96524250441273 ], [ -79.527812295591502, -0.96522614624543 ], [ -79.527848517116766, -0.965198576966324 ], [ -79.527882221200343, -0.965174805187987 ], [ -79.527909629307828, -0.965166044175899 ], [ -79.527942067397589, -0.965161083954159 ], [ -79.527993194890612, -0.965154865675375 ], [ -79.528056807801661, -0.965157425790826 ], [ -79.528091752523338, -0.96517381117014 ], [ -79.528127860477156, -0.965201411969061 ], [ -79.528176457038796, -0.965230374852288 ], [ -79.528231350161462, -0.965242970323879 ], [ -79.528267557652171, -0.965248050897947 ], [ -79.52830744414473, -0.965264438431003 ], [ -79.52833977675779, -0.965295836186792 ], [ -79.528363481564782, -0.965332294984068 ], [ -79.528382148299201, -0.965383765100741 ], [ -79.528400724599464, -0.965436591821588 ], [ -79.528414456605802, -0.965471689632719 ], [ -79.52842809872277, -0.965506877847907 ], [ -79.528438057521399, -0.965540798258472 ], [ -79.528450533762111, -0.965570921166316 ], [ -79.52847163613832, -0.965599872076269 ], [ -79.528496606979289, -0.965617428872194 ], [ -79.528535239891795, -0.965623776707091 ], [ -79.52856893753318, -0.965615018433297 ], [ -79.528593922922283, -0.965598749605114 ], [ -79.528608940876623, -0.965568638675307 ], [ -79.528621441932557, -0.965541059048611 ], [ -79.528637718879125, -0.965508416266216 ], [ -79.528662618733321, -0.965482108240445 ], [ -79.528695057925518, -0.965474615614627 ], [ -79.528725068476334, -0.96547336248819 ], [ -79.528756252486602, -0.965459538313793 ], [ -79.528778722610028, -0.965442002185218 ], [ -79.528808640589602, -0.965447080018249 ], [ -79.528834782717567, -0.965457130564416 ], [ -79.528861014657409, -0.965467271592627 ], [ -79.528913389310119, -0.965486106524257 ], [ -79.528940790394131, -0.965493715661246 ], [ -79.528998200983509, -0.96550251362684 ], [ -79.529033061784759, -0.965505151654332 ], [ -79.52907052882945, -0.965506434173465 ], [ -79.529106649752592, -0.96550391750481 ], [ -79.529137831045887, -0.9654964243257 ], [ -79.529179077715355, -0.96548396117087 ], [ -79.529210262274546, -0.965468870789396 ], [ -79.529240187257585, -0.965457668902934 ], [ -79.52927891924557, -0.96544258180668 ], [ -79.529308845861422, -0.965427581318152 ], [ -79.529342545647566, -0.96541384867239 ], [ -79.52937876073824, -0.965401292878677 ], [ -79.529406168318999, -0.965393798051633 ], [ -79.529436092253732, -0.965385038119192 ], [ -79.52946727409352, -0.965376278733918 ], [ -79.529523438643807, -0.965357491062382 ], [ -79.529562170594829, -0.965342494402075 ], [ -79.52960458586648, -0.965328765544838 ], [ -79.529647001138514, -0.965315036686524 ], [ -79.529700648831934, -0.965298689871952 ], [ -79.529751783901759, -0.965274925643483 ], [ -79.529773003698011, -0.965239752586714 ], [ -79.529778046622553, -0.965213435894296 ], [ -79.529766927282083, -0.965161969038826 ], [ -79.529755715954067, -0.965115476503887 ], [ -79.529739568216399, -0.965056500699721 ], [ -79.529718467949991, -0.965022575427148 ], [ -79.529686040092585, -0.965003658748802 ], [ -79.529659806510651, -0.964997316330066 ], [ -79.529624948344917, -0.964988528199862 ], [ -79.529573834298674, -0.964963362830281 ], [ -79.529550120839488, -0.96494698234597 ], [ -79.529505301718288, -0.96490924815317 ], [ -79.529482856380127, -0.964869081738741 ], [ -79.529471729503925, -0.96483516080991 ], [ -79.529459260814818, -0.964787401534076 ], [ -79.529455588796793, -0.964759814852355 ], [ -79.52945435031036, -0.964714592864339 ], [ -79.529448169511369, -0.964670634926762 ], [ -79.529445759707116, -0.964633009632789 ], [ -79.529448287942429, -0.964604069005261 ], [ -79.529454501593833, -0.96457151226494 ], [ -79.529458289324751, -0.964538864026261 ], [ -79.529458398588758, -0.964493642624496 ], [ -79.52945841151778, -0.964463525144883 ], [ -79.529467238940228, -0.964412066974928 ], [ -79.529492239419028, -0.96436061583827 ], [ -79.52950967954277, -0.964339278898424 ], [ -79.529532151827652, -0.964316677945874 ], [ -79.529554621938559, -0.964299141794321 ], [ -79.529582122580564, -0.964284140231047 ], [ -79.529615821846946, -0.964271583320938 ], [ -79.52965068808102, -0.964261559318916 ], [ -79.529704332490255, -0.964252809681578 ], [ -79.529738026867619, -0.964251648573645 ], [ -79.529789147397253, -0.964261709962786 ], [ -79.52984780992324, -0.964284436638616 ], [ -79.52987520674651, -0.964301994475301 ], [ -79.529900087722012, -0.964319641661327 ], [ -79.529926314861868, -0.964340997592441 ], [ -79.52995874113229, -0.964363622419906 ], [ -79.529988555805787, -0.964400083879073 ], [ -79.529989813167262, -0.964401350626631 ], [ -79.52999483399752, -0.964426495941453 ], [ -79.529993564255605, -0.964454080480131 ], [ -79.529998493100379, -0.964484200115747 ], [ -79.530004679810887, -0.96451441074135 ], [ -79.530009607568289, -0.964547062778535 ], [ -79.530022075767789, -0.964595997820671 ], [ -79.53003823264433, -0.964633719545046 ], [ -79.530056911269654, -0.964657604599336 ], [ -79.530090501288527, -0.964690269102134 ], [ -79.530124185467216, -0.96471289448179 ], [ -79.530151583886919, -0.964726744164382 ], [ -79.530186529737236, -0.964740597129231 ], [ -79.53021644614185, -0.964749383102985 ], [ -79.530267566650295, -0.964759534941412 ], [ -79.530302520576583, -0.964754575779771 ], [ -79.530334958731899, -0.964749525080767 ], [ -79.530374856563881, -0.96473959370635 ], [ -79.530406038949423, -0.964729568098692 ], [ -79.530439739318837, -0.964714478780702 ], [ -79.530465982068876, -0.964699476662527 ], [ -79.530485937466182, -0.964679407005686 ], [ -79.530507155075824, -0.964649298730605 ], [ -79.530532151794034, -0.964606620528651 ], [ -79.530549691434842, -0.964562763325839 ], [ -79.530562196272342, -0.964526320255175 ], [ -79.530569754993536, -0.964500004643998 ], [ -79.530582265765375, -0.964449723804653 ], [ -79.530586055619196, -0.96441210118685 ], [ -79.530589851407413, -0.964360640800941 ], [ -79.530870314198069, -0.964094046394479 ], [ -79.53204461367244, -0.964122399156847 ], [ -79.537924195698793, -0.964091043378917 ], [ -79.544809428673162, -0.964073028069839 ], [ -79.542917802831823, -0.963379705405526 ], [ -79.54130082794839, -0.962474549795689 ], [ -79.539998416102648, -0.961388638082942 ], [ -79.539684563463624, -0.959896144838747 ], [ -79.540493683330041, -0.958856365114394 ], [ -79.540494276715933, -0.957454453648508 ], [ -79.539955673401892, -0.956233201665752 ], [ -79.538563562708063, -0.954785471347273 ], [ -79.537261362522074, -0.953202112257725 ], [ -79.535914543064067, -0.950895170202623 ], [ -79.534746989872517, -0.949628431636121 ], [ -79.533040360782465, -0.948271017362833 ], [ -79.531737916801802, -0.947275561340154 ], [ -79.530756011877003, -0.946589121663724 ], [ -79.530123863613355, -0.945513704355404 ], [ -79.529550270454834, -0.94412633869525 ], [ -79.528919218130838, -0.942835277214617 ], [ -79.52869017737514, -0.94133246593136 ], [ -79.528518489731198, -0.939983802955498 ], [ -79.528059753351172, -0.938538691487796 ], [ -79.527562803174249, -0.936939439836844 ], [ -79.526453366812405, -0.935416992662753 ], [ -79.52521153326127, -0.934547658247168 ], [ -79.52361230017793, -0.93293651169646 ], [ -79.520962144665617, -0.931804826566459 ], [ -79.519008843714403, -0.931618000930988 ], [ -79.518948056406771, -0.931807123003476 ], [ -79.518887602730061, -0.931986897070595 ], [ -79.518787063806371, -0.93219668105527 ], [ -79.518679163509248, -0.9323914484489 ], [ -79.518603700778556, -0.932581255227853 ], [ -79.518530864718699, -0.932720686651071 ], [ -79.518451729186538, -0.932884082646198 ], [ -79.518387616368386, -0.933004615270323 ], [ -79.51830470347555, -0.933176782557728 ], [ -79.51823448877353, -0.933278500543906 ], [ -79.518074034067254, -0.93345551880188 ], [ -79.517952496067522, -0.933603702402033 ], [ -79.517828244169777, -0.933795839854238 ], [ -79.517788759739148, -0.933892958270371 ], [ -79.517760338106214, -0.933962948649113 ], [ -79.517723733080629, -0.934049938728536 ], [ -79.517702055275535, -0.934107631795573 ], [ -79.517683980755763, -0.934143077553421 ], [ -79.517644222663222, -0.934249963621331 ], [ -79.517608157475223, -0.934335145070771 ], [ -79.51755625947014, -0.934466535870531 ], [ -79.517414588661168, -0.934630266901901 ], [ -79.517351571351952, -0.934709196351729 ], [ -79.517218695860649, -0.93489644610999 ], [ -79.517168146152144, -0.935026390361815 ], [ -79.517149210245464, -0.935187460240397 ], [ -79.517137992536732, -0.935369516037824 ], [ -79.517135635919004, -0.935418444378269 ], [ -79.517071029881322, -0.935429269982762 ], [ -79.516801130187844, -0.935626681339526 ], [ -79.51652067329357, -0.935930810143552 ], [ -79.516488303914585, -0.935987232406139 ], [ -79.516325469828942, -0.93626653955518 ], [ -79.516094194473681, -0.936702915872652 ], [ -79.515844576655454, -0.93717048687012 ], [ -79.51560560192307, -0.937540655880471 ], [ -79.515306356948926, -0.937866753638915 ], [ -79.515031995638367, -0.938203443665776 ], [ -79.514688868021224, -0.938615261743882 ], [ -79.51428739996885, -0.939094072433567 ], [ -79.513946338198537, -0.939506976349083 ], [ -79.513731496460608, -0.939749450509161 ], [ -79.513391726500998, -0.940081770669378 ], [ -79.512936183611572, -0.940525827641317 ], [ -79.512524418734486, -0.940918803308237 ], [ -79.512429230342633, -0.941009114218397 ], [ -79.512424196728205, -0.941013995936881 ], [ -79.5121733249767, -0.941257268190198 ], [ -79.511886053488496, -0.941526119868679 ], [ -79.511494422595334, -0.941900201275772 ], [ -79.511475096960964, -0.941919276264373 ], [ -79.511124358956977, -0.94226588066294 ], [ -79.510871508323163, -0.942513945114763 ], [ -79.51082692593161, -0.942554624889653 ], [ -79.510549364594567, -0.942807833811955 ], [ -79.510304178393014, -0.942991597045991 ], [ -79.510046246394552, -0.943145327946808 ], [ -79.509798289822385, -0.943293907892696 ], [ -79.509528951464887, -0.943437142482756 ], [ -79.509353974382961, -0.943533749606866 ], [ -79.509113755523018, -0.943657189853941 ], [ -79.50893419344942, -0.943760125886855 ], [ -79.508869665456047, -0.943798716799012 ], [ -79.508736185561958, -0.943925911161153 ], [ -79.508626438151452, -0.944024083851028 ], [ -79.508450270396764, -0.944173779808986 ], [ -79.508196971212172, -0.944419672736265 ], [ -79.508095946991759, -0.944499398955185 ], [ -79.508009488711508, -0.944554712111951 ], [ -79.507971602080744, -0.944577942051026 ], [ -79.507971505018048, -0.944578002605228 ], [ -79.507757228883676, -0.944674607874935 ], [ -79.507574185116965, -0.944703899777534 ], [ -79.507524967663471, -0.944710229333536 ], [ -79.507263811018774, -0.944743817797424 ], [ -79.507254612747516, -0.944744842144628 ], [ -79.506905689458918, -0.944783715121591 ], [ -79.506566132697088, -0.944831629969948 ], [ -79.506339227506643, -0.944867166806119 ], [ -79.506192088318826, -0.94489021103577 ], [ -79.506146590136325, -0.944904015392248 ], [ -79.506076331784996, -0.944925331989463 ], [ -79.506051480856499, -0.944932872228723 ], [ -79.505855138338291, -0.945044933412702 ], [ -79.505711997110097, -0.945154940158242 ], [ -79.505414816535662, -0.945358927983914 ], [ -79.505305376193903, -0.945444916144334 ], [ -79.505112905566179, -0.945596142034177 ], [ -79.504938381199523, -0.945691005041414 ], [ -79.504747238233676, -0.945767343744015 ], [ -79.504594070088885, -0.945828515511868 ], [ -79.504315786901387, -0.945951814482723 ], [ -79.504028080427844, -0.946056121040473 ], [ -79.503778109852291, -0.946136710179716 ], [ -79.503443241306442, -0.946250489839907 ], [ -79.503169687678593, -0.946340562326306 ], [ -79.502943279877741, -0.946459136287405 ], [ -79.502702706164754, -0.946620426047628 ], [ -79.502386658641555, -0.946833899505464 ], [ -79.502226276915053, -0.946938261077629 ], [ -79.501914952789278, -0.947132748203568 ], [ -79.501589466797398, -0.947360457382991 ], [ -79.501476252121563, -0.947445852036918 ], [ -79.501259255324129, -0.947611899032488 ], [ -79.501032837300386, -0.947754207251285 ], [ -79.500993570072865, -0.947774482554677 ], [ -79.50085831499068, -0.947844322414445 ], [ -79.500745115737331, -0.947891741421184 ], [ -79.500631925552071, -0.947920173992936 ], [ -79.500353674230908, -0.947967521026428 ], [ -79.500122602249064, -0.947967420273881 ], [ -79.49997926095574, -0.947951325167197 ], [ -79.499655763781448, -0.947915001075391 ], [ -79.499353502369843, -0.947872476503041 ], [ -79.499335131225592, -0.947869891805771 ], [ -79.499329969452361, -0.947867727998182 ], [ -79.499121352438479, -0.947780278483621 ], [ -79.498818429360426, -0.947653297388156 ], [ -79.498742429673214, -0.947597682414209 ], [ -79.497949757276615, -0.947017623867334 ], [ -79.497002798948571, -0.946377530067217 ], [ -79.496866177287728, -0.946285181180848 ], [ -79.496290109810261, -0.94586600462257 ], [ -79.496081539355103, -0.94572353153442 ], [ -79.495613876321968, -0.945404075302859 ], [ -79.495421620475881, -0.945270327034919 ], [ -79.495014989405931, -0.944987443123845 ], [ -79.494751239051183, -0.944700176386962 ], [ -79.494679524789561, -0.944583188006108 ], [ -79.494451916211389, -0.944211887129039 ], [ -79.494378224453243, -0.944128166803425 ], [ -79.494116888957592, -0.943831263817223 ], [ -79.493980802764, -0.943731210625282 ], [ -79.493933473046482, -0.943696413450983 ], [ -79.493853098577631, -0.943637321060491 ], [ -79.493598258198986, -0.943507740352514 ], [ -79.492983524895692, -0.943489271911261 ], [ -79.492381180447168, -0.943434409738411 ], [ -79.492131233268992, -0.943411644232269 ], [ -79.491469985415947, -0.9433485848715 ], [ -79.49142568127597, -0.943344360013044 ], [ -79.491267910677053, -0.943329314066358 ], [ -79.490886220270227, -0.943379156968205 ], [ -79.490658171878096, -0.943442099502666 ], [ -79.490280141861845, -0.94355679573366 ], [ -79.489792165660603, -0.943760843216696 ], [ -79.489138869400449, -0.944015739364377 ], [ -79.488895799087857, -0.944085624596941 ], [ -79.488318399213938, -0.944251632708284 ], [ -79.487793991096993, -0.944415202035484 ], [ -79.487395609572232, -0.944370520519728 ], [ -79.48691640429351, -0.944247138750908 ], [ -79.486523904816792, -0.944051945819404 ], [ -79.486293531316818, -0.943886747306708 ], [ -79.485588500072268, -0.943631639512947 ], [ -79.484919287575792, -0.943366940793009 ], [ -79.48475252961029, -0.943792923760704 ], [ -79.484534933213354, -0.944348771255734 ] ] ] ] } },
{ "type": "Feature", "properties": { "fcode": "VB002", "descripcion": "AREA QUE DRENA DIRECTAMENTE AL CAUCE PRINCIPAL DE LA CUENCA HIDROGRAFICA", "cuh_cod": "52", "cuh_nam": "RIO GUAYAS", "cuh_na2": "S/I", "sch_cod": "5202", "sch_nam": "RIO VINCES", "sch_na2": "S/I", "pmk": 459.66272295099998, "ark": 4268.4332772400003, "txt": "S/I", "SHAPE_Length": 88146.346865949774, "SHAPE_Area": 128281182.2622788 }, "geometry": { "type": "MultiPolygon", "coordinates": [ [ [ [ -79.499753171546757, -1.076139419099037 ], [ -79.499909793093707, -1.076381865718666 ], [ -79.499891369257426, -1.076311255152187 ], [ -79.499428279007716, -1.075489270701699 ], [ -79.49928311705699, -1.075407209929349 ], [ -79.499508720311439, -1.075761016091502 ], [ -79.499753171546757, -1.076139419099037 ] ] ], [ [ [ -79.518091239391026, -1.074090544301242 ], [ -79.516483864075809, -1.074745543800962 ], [ -79.514615696009713, -1.075793882675645 ], [ -79.513051458409862, -1.077060963868113 ], [ -79.51174790929511, -1.078153293683968 ], [ -79.509825178628631, -1.078836196352272 ], [ -79.507006314226274, -1.078792769699796 ], [ -79.504479730943444, -1.078854573104643 ], [ -79.502725854315713, -1.078664547701707 ], [ -79.501714603089894, -1.078323215330203 ], [ -79.501036108311027, -1.078152121595703 ], [ -79.501172042205795, -1.078291964761796 ], [ -79.501322446903885, -1.078380238029976 ], [ -79.501449898232778, -1.078455039490675 ], [ -79.501718620639792, -1.078559697938968 ], [ -79.501950704945969, -1.078636669402302 ], [ -79.502253042184918, -1.078704453330833 ], [ -79.502524840461803, -1.078762998871298 ], [ -79.503010427291642, -1.078840096790777 ], [ -79.503816683926743, -1.078971152723491 ], [ -79.504723712994391, -1.07913761211213 ], [ -79.505164659467013, -1.079219228838989 ], [ -79.505789549076255, -1.079334892909999 ], [ -79.5066629943707, -1.079476741538205 ], [ -79.507792450851923, -1.079675941852938 ], [ -79.507991478954708, -1.079711043931042 ], [ -79.509069542352776, -1.079889884539923 ], [ -79.51042245489468, -1.080139569061479 ], [ -79.511164569988281, -1.080281352195809 ], [ -79.511494872978915, -1.080337728476965 ], [ -79.512013582710438, -1.080426262979609 ], [ -79.513467331337964, -1.080681484555934 ], [ -79.513558905216797, -1.080697561450326 ], [ -79.514481090756234, -1.080848175923079 ], [ -79.51542591938167, -1.081019840062802 ], [ -79.518178213163822, -1.081505461636157 ], [ -79.522894150448693, -1.082337547333307 ], [ -79.525925061275089, -1.082872322600566 ], [ -79.526624177515842, -1.082989076282736 ], [ -79.527239148542662, -1.083095328107195 ], [ -79.527699132581532, -1.083174801747719 ], [ -79.528195873223027, -1.083259707227477 ], [ -79.529015888567457, -1.083400330591124 ], [ -79.529687783186816, -1.083513031407248 ], [ -79.529854304513222, -1.083540962823829 ], [ -79.530979190705779, -1.083750522950598 ], [ -79.532151392648046, -1.083954815043306 ], [ -79.532425078025113, -1.084003891775613 ], [ -79.533068652475265, -1.084119297089319 ], [ -79.53386501929451, -1.084249324578612 ], [ -79.53443797462171, -1.084360723960006 ], [ -79.534897658551373, -1.084442118786553 ], [ -79.535546987435097, -1.084557093405648 ], [ -79.536340833463257, -1.084697656838893 ], [ -79.536515935582628, -1.084725531639241 ], [ -79.536924312291191, -1.084790541067395 ], [ -79.537887391876993, -1.084962779342556 ], [ -79.538156587662954, -1.085010922053565 ], [ -79.538122963565684, -1.08494315199375 ], [ -79.538076269085749, -1.084344120447901 ], [ -79.538174169687068, -1.083568217928876 ], [ -79.53839035956301, -1.082515718758355 ], [ -79.538406601168774, -1.081301944523581 ], [ -79.537953104155932, -1.079914546053918 ], [ -79.537264463190937, -1.079015698685905 ], [ -79.536497489307934, -1.078179868042736 ], [ -79.536027880906417, -1.077738265746945 ], [ -79.535464231964099, -1.077454252218654 ], [ -79.534806597964391, -1.077217483202397 ], [ -79.533773281569395, -1.076617975174295 ], [ -79.533006211654808, -1.075987069627685 ], [ -79.532489561536664, -1.075671551602484 ], [ -79.531706703688414, -1.075308615755926 ], [ -79.530939469125229, -1.07502450399387 ], [ -79.530375740095153, -1.074913887897311 ], [ -79.529733737763124, -1.074740179778136 ], [ -79.528966436258713, -1.074597937444903 ], [ -79.528246071415808, -1.07455029832657 ], [ -79.527384731857126, -1.074565643735452 ], [ -79.526570366642673, -1.074596774958609 ], [ -79.525881255630267, -1.074691020724486 ], [ -79.525395785327859, -1.074675021576653 ], [ -79.524606268501103, -1.074268593731133 ], [ -79.523346825306973, -1.073961947998751 ], [ -79.521522718361396, -1.073698746277044 ], [ -79.519481401977487, -1.073522875975408 ], [ -79.518091239391026, -1.074090544301242 ] ] ], [ [ [ -79.440204045969594, -0.945255176256194 ], [ -79.439943365820682, -0.945310974181529 ], [ -79.439281923027011, -0.945245396902925 ], [ -79.438464911081638, -0.945023081499172 ], [ -79.437297813713556, -0.944565606264982 ], [ -79.43679525426225, -0.944434430266609 ], [ -79.436195492117974, -0.944277882799125 ], [ -79.435378417489545, -0.94419917896793 ], [ -79.433420012725577, -0.944054679606272 ], [ -79.43226572626746, -0.943962766526968 ], [ -79.432240265520861, -0.943965355086925 ], [ -79.431370756526462, -0.944053749499602 ], [ -79.431020515042064, -0.944171091162988 ], [ -79.429976353701477, -0.94434759161127 ], [ -79.429975226752731, -0.94434822507422 ], [ -79.429192193361374, -0.944788223906969 ], [ -79.428354189269029, -0.945397094969204 ], [ -79.42832459164174, -0.94541860045227 ], [ -79.42803277927085, -0.945630622917358 ], [ -79.427277767354255, -0.94620315468165 ], [ -79.42655154906933, -0.946717780351502 ], [ -79.426535309685676, -0.946729288474797 ], [ -79.426220931245794, -0.946952068623619 ], [ -79.425791421922639, -0.947386045063472 ], [ -79.425238086958515, -0.947840823324925 ], [ -79.424412298098076, -0.948297512185579 ], [ -79.422964660221467, -0.948557237876492 ], [ -79.422216457833571, -0.949213758391843 ], [ -79.421165995704058, -0.950168602922162 ], [ -79.42068989110237, -0.950594463120392 ], [ -79.419846555654843, -0.951348799259398 ], [ -79.419006911589278, -0.952113148692031 ], [ -79.411918330131911, -0.958566022073893 ], [ -79.401173978864406, -0.968212887622829 ], [ -79.400320088859146, -0.968966749028913 ], [ -79.400801981648769, -0.969244235698547 ], [ -79.40242065435848, -0.970237066100012 ], [ -79.402983466564763, -0.97101681004179 ], [ -79.403616510688337, -0.972150894899746 ], [ -79.404671806666286, -0.973568628220676 ], [ -79.404694072267702, -0.973598915523454 ], [ -79.406078856965195, -0.97548256185846 ], [ -79.406852896690594, -0.976191547221066 ], [ -79.407767398145864, -0.977609216603829 ], [ -79.408470807179725, -0.978814201325241 ], [ -79.409385843728245, -0.979098084895326 ], [ -79.410441643697268, -0.979452898248406 ], [ -79.410709583708908, -0.979612442788948 ], [ -79.411328728440367, -0.979981110843777 ], [ -79.411989961569006, -0.980374840453375 ], [ -79.412904566008692, -0.981579928602526 ], [ -79.413118993579673, -0.981809476668547 ], [ -79.414030365378153, -0.982785117623232 ], [ -79.414874338526118, -0.984486207304378 ], [ -79.415788810031515, -0.98597474547931 ], [ -79.416632883612934, -0.987463250954947 ], [ -79.416772841600064, -0.989234866910759 ], [ -79.416983060893074, -0.991289965344106 ], [ -79.417122745301711, -0.993628477713317 ], [ -79.417332757953673, -0.996108749062057 ], [ -79.417824565583089, -0.998163985036987 ], [ -79.418316304047337, -1.000360945720606 ], [ -79.41810436151215, -1.001919806964718 ], [ -79.417188192801191, -1.003974359029646 ], [ -79.41641264827058, -1.006383287006238 ], [ -79.414721918930127, -1.008791764220464 ], [ -79.413383109215587, -1.011342134152768 ], [ -79.41232651022132, -1.012617126763999 ], [ -79.411944937381918, -1.013184094515941 ], [ -79.411716540645415, -1.013802127434064 ], [ -79.411715808425924, -1.015303336198525 ], [ -79.411857055432165, -1.016696266157956 ], [ -79.411831369792125, -1.017435483660261 ], [ -79.41161947948828, -1.018852614298454 ], [ -79.411618854286488, -1.020128126243444 ], [ -79.411477187367822, -1.021899599798496 ], [ -79.411194407386986, -1.024308759584839 ], [ -79.411334086597023, -1.026576405744582 ], [ -79.410276878278637, -1.02905603696162 ], [ -79.410205531198031, -1.030969268114597 ], [ -79.409781587966506, -1.034086970001305 ], [ -79.409287594182828, -1.036496019002759 ], [ -79.408230902035172, -1.037912717661883 ], [ -79.407456052500152, -1.03883352589112 ], [ -79.406821822455129, -1.040108713159367 ], [ -79.406609415802379, -1.042517899239055 ], [ -79.406960733203135, -1.043864448898091 ], [ -79.407664010369203, -1.045282040180161 ], [ -79.407874457296757, -1.046770241979819 ], [ -79.408097608740903, -1.047580460802611 ], [ -79.408222664662262, -1.048034513917775 ], [ -79.408223750725199, -1.048038455748769 ], [ -79.408225809849185, -1.048045931478905 ], [ -79.409256027964233, -1.049296477271065 ], [ -79.410165223570687, -1.050166771446285 ], [ -79.411392699826962, -1.051220352191431 ], [ -79.412961371612084, -1.052113876899715 ], [ -79.414416456451036, -1.052778440061557 ], [ -79.416007919195295, -1.053580416107539 ], [ -79.417326433887183, -1.054496704126966 ], [ -79.418417713076153, -1.05506952074898 ], [ -79.419463695062689, -1.055276068645311 ], [ -79.420214010891968, -1.055551136774213 ], [ -79.420850482763072, -1.05610083121882 ], [ -79.421191077927389, -1.057131072925823 ], [ -79.421781767244056, -1.058275894502443 ], [ -79.421850355398362, -1.058363611376024 ], [ -79.422372653369052, -1.059031579594984 ], [ -79.423395690487069, -1.05965014405497 ], [ -79.42407773758903, -1.060016740002196 ], [ -79.424850704107229, -1.060474944289497 ], [ -79.42526911736357, -1.060768243394925 ], [ -79.42640199791326, -1.061465900885736 ], [ -79.426412722603487, -1.061728188880996 ], [ -79.426510124674692, -1.061826330195711 ], [ -79.426805249713468, -1.062833660790516 ], [ -79.426964044305279, -1.06361201725157 ], [ -79.426986344338758, -1.064481864602201 ], [ -79.426842703974216, -1.064830964002197 ], [ -79.426592942523712, -1.065437974692698 ], [ -79.426067037878838, -1.066088809800095 ], [ -79.425814629103655, -1.066983635496044 ], [ -79.42556855933266, -1.067813594518677 ], [ -79.425305041500479, -1.068449268964719 ], [ -79.425252159754663, -1.06892610008553 ], [ -79.425269436306479, -1.069455950777103 ], [ -79.425654867112129, -1.06982836106685 ], [ -79.42584913367341, -1.070369843272313 ], [ -79.425951328781579, -1.070644581239111 ], [ -79.425899968915928, -1.071022246555392 ], [ -79.425777250384911, -1.071469612947868 ], [ -79.425654192379838, -1.071928746053657 ], [ -79.425443239630965, -1.072705738307218 ], [ -79.425530645707241, -1.073341593955166 ], [ -79.425915896533681, -1.074843013429039 ], [ -79.42633631063417, -1.076203160518301 ], [ -79.426634127064204, -1.077121708213891 ], [ -79.427306347336014, -1.078259712716286 ], [ -79.42733877465281, -1.078349307136074 ], [ -79.427431224176161, -1.078405206437846 ], [ -79.427745889571597, -1.078722263129362 ], [ -79.427826226068916, -1.079171052868129 ], [ -79.427825926671019, -1.079753879435377 ], [ -79.427614861812557, -1.080742809058622 ], [ -79.427596606083327, -1.082120390140959 ], [ -79.427736321526666, -1.083392085068709 ], [ -79.428059486882461, -1.084476588678182 ], [ -79.428411462405904, -1.085075150451274 ], [ -79.428705784535197, -1.085575668500082 ], [ -79.42955450078081, -1.086145830461798 ], [ -79.430079848165676, -1.086593741253294 ], [ -79.430524400436482, -1.086919526752379 ], [ -79.431170888188319, -1.08765236042596 ], [ -79.432327825916786, -1.088324420827343 ], [ -79.433024772540307, -1.089209884351767 ], [ -79.433266826667833, -1.090217193392052 ], [ -79.433508865609795, -1.091255023011892 ], [ -79.433326301921539, -1.09247575411213 ], [ -79.433022608212667, -1.093391214887917 ], [ -79.433264660676528, -1.094398524386536 ], [ -79.433749543367043, -1.094917631235384 ], [ -79.434355744627354, -1.095375760370796 ], [ -79.434719148903454, -1.096261051100594 ], [ -79.434688668654616, -1.096566242633166 ], [ -79.434597210839783, -1.097512335748138 ], [ -79.434566285665724, -1.098672105255647 ], [ -79.434687144309919, -1.099496227803219 ], [ -79.434959692742368, -1.100167827650892 ], [ -79.435226932368877, -1.1013277548993 ], [ -79.435495896140594, -1.102413077585785 ], [ -79.43568148450575, -1.102953652055323 ], [ -79.43763010850256, -1.10393563593232 ], [ -79.440241410946825, -1.104543645132832 ], [ -79.442852610401914, -1.105353864655717 ], [ -79.44455963328474, -1.106466920319124 ], [ -79.445161157000527, -1.108691550401746 ], [ -79.444558219058621, -1.110576239004613 ], [ -79.444255651711103, -1.111522013527392 ], [ -79.443639452405606, -1.112451301471662 ], [ -79.442647221506931, -1.113947679385839 ], [ -79.442284861281308, -1.114239149254265 ], [ -79.44198507041817, -1.11484185882413 ], [ -79.441076792460009, -1.115210875601102 ], [ -79.440637423233383, -1.115564287993519 ], [ -79.439887686648717, -1.115693987227016 ], [ -79.437724187383154, -1.116068255453947 ], [ -79.437113612659644, -1.116857553053054 ], [ -79.436963030323952, -1.117907129241861 ], [ -79.436681270271407, -1.119822269152185 ], [ -79.436554827223574, -1.122962022168034 ], [ -79.436646922841717, -1.125756511964133 ], [ -79.43758127376303, -1.128520059827102 ], [ -79.438016381285266, -1.131534524498196 ], [ -79.43863888696886, -1.134109517016419 ], [ -79.43901956738344, -1.135683281025254 ], [ -79.438967848106785, -1.137068586704009 ], [ -79.438940983031088, -1.137788147281059 ], [ -79.438917652160725, -1.138413056305225 ], [ -79.438614527670651, -1.139630672838986 ], [ -79.438567866522902, -1.13981810658893 ], [ -79.438514988544668, -1.140030513469242 ], [ -79.437007176915046, -1.142051782906027 ], [ -79.436333643739999, -1.142616105488834 ], [ -79.435617774510931, -1.143541484165268 ], [ -79.434862581171217, -1.144463473382601 ], [ -79.434683230293388, -1.144837883788933 ], [ -79.434160999907903, -1.145928080538669 ], [ -79.43335157384881, -1.147446885803888 ], [ -79.432757772854572, -1.148965808722181 ], [ -79.432810821978975, -1.1505393470833 ], [ -79.433004575551408, -1.151370227155276 ], [ -79.432883474580336, -1.151856659020685 ], [ -79.432078174161219, -1.154990451088566 ], [ -79.431775108692506, -1.158124522016758 ], [ -79.431673435671499, -1.160348761145477 ], [ -79.43208233595287, -1.161740645401373 ], [ -79.431725535494309, -1.163560886132014 ], [ -79.431993660009212, -1.166111205366911 ], [ -79.432908696576533, -1.16860762896995 ], [ -79.433500801954551, -1.170181471721041 ], [ -79.434793729866101, -1.171701449813151 ], [ -79.436841932629179, -1.172190932094234 ], [ -79.437732940523674, -1.17244442285149 ], [ -79.437743730851679, -1.172300299104739 ], [ -79.437809742935144, -1.172031012656976 ], [ -79.437947840692829, -1.171718447305744 ], [ -79.438121058597829, -1.171426159934485 ], [ -79.438271923523615, -1.171256131620948 ], [ -79.439072579487174, -1.170636545400116 ], [ -79.439775487551998, -1.169993750460333 ], [ -79.439963855062658, -1.169119050049982 ], [ -79.440101449560927, -1.168416243884061 ], [ -79.440222447471541, -1.167991434333354 ], [ -79.440410947513627, -1.167521625584921 ], [ -79.44068182250561, -1.167087495698707 ], [ -79.441027611030776, -1.166694104135699 ], [ -79.441429335242006, -1.166374361905252 ], [ -79.442731204583851, -1.165548403906671 ], [ -79.443477779947102, -1.16492767944883 ], [ -79.444330442066743, -1.164957661950248 ], [ -79.444494174681722, -1.164845357785882 ], [ -79.445257794825338, -1.16432159061954 ], [ -79.445617929007042, -1.164143811451545 ], [ -79.445847764732676, -1.164152261203665 ], [ -79.446437500662157, -1.164407177715471 ], [ -79.447027307442738, -1.164534756606674 ], [ -79.447272095532242, -1.164476291276268 ], [ -79.447533020129541, -1.164322873532261 ], [ -79.448502751493223, -1.163092824616524 ], [ -79.448780106736848, -1.162960217553354 ], [ -79.449219165945763, -1.162881060022509 ], [ -79.449936807717705, -1.162890325298533 ], [ -79.450609576551713, -1.162966762143903 ], [ -79.451114372386826, -1.163116722041836 ], [ -79.451324586809335, -1.163187381899204 ], [ -79.451520893302785, -1.163222763560768 ], [ -79.451675138334608, -1.163219432855112 ], [ -79.452308432120518, -1.162431145052843 ], [ -79.45263265690005, -1.161705376283079 ], [ -79.452717342914639, -1.160969163382231 ], [ -79.453013027309751, -1.159526561494514 ], [ -79.453434944339051, -1.158593199898519 ], [ -79.453753377332362, -1.158105822966773 ], [ -79.454573231713297, -1.157363237078992 ], [ -79.455497579968181, -1.156464610499889 ], [ -79.456235594532345, -1.15552762398363 ], [ -79.456512765613596, -1.154744579142709 ], [ -79.456772212788124, -1.154396587558241 ], [ -79.457018731492084, -1.154065936960498 ], [ -79.457323978418245, -1.153532517958775 ], [ -79.457577124441713, -1.152811318246704 ], [ -79.457904537459797, -1.152326566649501 ], [ -79.458325969367351, -1.152114630770944 ], [ -79.458831565568062, -1.152114910640609 ], [ -79.459421648986535, -1.151733314249527 ], [ -79.459927614332585, -1.151054580344322 ], [ -79.460096360280119, -1.150715255640752 ], [ -79.46011161538226, -1.150467503814797 ], [ -79.460034516592074, -1.150292644313352 ], [ -79.459908291214006, -1.150006364223424 ], [ -79.459648897680779, -1.149651434895488 ], [ -79.459360286627444, -1.149256527098834 ], [ -79.45899329167365, -1.148660443105009 ], [ -79.458626888230029, -1.148174638314171 ], [ -79.458414837547991, -1.14774719049092 ], [ -79.458376532572544, -1.147203290789237 ], [ -79.458511993893353, -1.146504092475015 ], [ -79.458624330446412, -1.145924249468174 ], [ -79.458512575520956, -1.145416335779268 ], [ -79.458242577932282, -1.145085977487162 ], [ -79.457798930199317, -1.144697253067438 ], [ -79.457509759649255, -1.144133794044297 ], [ -79.456969600637237, -1.143783866015607 ], [ -79.456641958580661, -1.142987296042514 ], [ -79.456546017366463, -1.141957761163502 ], [ -79.456642829191196, -1.141355662851366 ], [ -79.456913208853408, -1.140967323949716 ], [ -79.457222081019466, -1.140773248648376 ], [ -79.457492263978168, -1.140753970702567 ], [ -79.457839691771184, -1.140637612893918 ], [ -79.45824495035383, -1.140637831476392 ], [ -79.458727402132865, -1.140638091619322 ], [ -79.459036773951581, -1.140638258392934 ], [ -79.459422102143549, -1.140696738289075 ], [ -79.459730922809129, -1.140599784011114 ], [ -79.459999161127158, -1.140515569788294 ], [ -79.46021451063335, -1.140447960747304 ], [ -79.460638046020932, -1.14038660553355 ], [ -79.460985411329929, -1.140386792512593 ], [ -79.461294181439854, -1.140386958681278 ], [ -79.461583652167164, -1.140387114433475 ], [ -79.461892473028897, -1.140290158873282 ], [ -79.462190101803813, -1.14019671806251 ], [ -79.462394347809507, -1.140057337734733 ], [ -79.462609243396983, -1.139910689902679 ], [ -79.462764142691483, -1.139838406656439 ], [ -79.463078960390334, -1.139805797619751 ], [ -79.463285197342671, -1.139827760528773 ], [ -79.463589142642817, -1.139827923776584 ], [ -79.463925641691688, -1.139849956601511 ], [ -79.464209348641774, -1.139916307444036 ], [ -79.464334246375799, -1.13984201103544 ], [ -79.464674035487306, -1.139744490965656 ], [ -79.464739018968928, -1.139711830833515 ], [ -79.464800899923489, -1.13842622260044 ], [ -79.464794792429487, -1.137638257151516 ], [ -79.464840830418822, -1.136935682417182 ], [ -79.465174151931791, -1.135773616535561 ], [ -79.465592280814192, -1.134611594616641 ], [ -79.465964588436108, -1.133745034743288 ], [ -79.466663358658636, -1.132346773281264 ], [ -79.467499059283426, -1.131073343988785 ], [ -79.468158447987719, -1.130128138812086 ], [ -79.468752708609827, -1.128972773927107 ], [ -79.46928188963264, -1.127515321275297 ], [ -79.469700077141866, -1.126228534244551 ], [ -79.469974370211673, -1.125657405575633 ], [ -79.470294321024042, -1.125099432768631 ], [ -79.470451101341666, -1.12488486436547 ], [ -79.47052936867108, -1.124725273900728 ], [ -79.470549155690634, -1.124311602884664 ], [ -79.470445104864481, -1.123681176904727 ], [ -79.470256269741625, -1.123004740909003 ], [ -79.470002105956027, -1.122505563530111 ], [ -79.469513133249862, -1.121920898697761 ], [ -79.468926255889684, -1.121434679221322 ], [ -79.467974021497099, -1.12100736387857 ], [ -79.467008659237806, -1.120737634667419 ], [ -79.466147661510519, -1.120494226023183 ], [ -79.465351895415225, -1.120263983621594 ], [ -79.464706206927247, -1.11996815717701 ], [ -79.464406193380071, -1.11982353988799 ], [ -79.464112766470123, -1.119560730830405 ], [ -79.463897577841891, -1.119383325845895 ], [ -79.463698378507672, -1.119338660070267 ], [ -79.463431301208729, -1.119330612942713 ], [ -79.462638616261557, -1.119185671570353 ], [ -79.46227341493001, -1.118949090358411 ], [ -79.461862517486523, -1.118771582180059 ], [ -79.461360316696656, -1.118541494667745 ], [ -79.460890655403034, -1.11846245093921 ], [ -79.459951265627979, -1.118435689316736 ], [ -79.458770487528142, -1.118435065370276 ], [ -79.45787007878306, -1.118716941488727 ], [ -79.457263141022366, -1.119176263417341 ], [ -79.456812766298967, -1.119642234747833 ], [ -79.456303442452423, -1.120561249703879 ], [ -79.455435231607851, -1.121644232446187 ], [ -79.454795471613011, -1.12249094792976 ], [ -79.454489408036949, -1.122791789170211 ], [ -79.454228458304115, -1.123138314584095 ], [ -79.454046245877151, -1.123455167877204 ], [ -79.453985996149683, -1.123527995782941 ], [ -79.453692902550031, -1.123724444578518 ], [ -79.453554816117062, -1.123800587189571 ], [ -79.453420410923442, -1.123823757635759 ], [ -79.453059474759684, -1.123842685069311 ], [ -79.452816425174916, -1.123784380201052 ], [ -79.452541547267103, -1.123673539175572 ], [ -79.452452901930428, -1.123605974227593 ], [ -79.45235314034683, -1.123444144503835 ], [ -79.452185751317103, -1.123001731539249 ], [ -79.452081760239878, -1.122266248603974 ], [ -79.451991078505671, -1.121031733587167 ], [ -79.451880852248266, -1.119744678258694 ], [ -79.451783618475048, -1.118562689975497 ], [ -79.451771424154899, -1.116934238629296 ], [ -79.451778562272594, -1.115758871717736 ], [ -79.451870383340477, -1.114819937840767 ], [ -79.452001143635712, -1.114268436865083 ], [ -79.452073917712482, -1.11372644382012 ], [ -79.452106937649702, -1.1135843472306 ], [ -79.452170917987843, -1.113455384356868 ], [ -79.452360530845482, -1.113139220925102 ], [ -79.452739204745868, -1.112555019190616 ], [ -79.453183216603861, -1.111773861485349 ], [ -79.453427770439006, -1.111386978426825 ], [ -79.453470559684575, -1.111189611035896 ], [ -79.453477356072483, -1.110664309519058 ], [ -79.453510281057802, -1.110073358049829 ], [ -79.453582361410142, -1.109456161679214 ], [ -79.453491280098078, -1.108976772788389 ], [ -79.453428815296363, -1.108816197813075 ], [ -79.45335996210828, -1.108657275436289 ], [ -79.453235019066284, -1.108564556137307 ], [ -79.452910997395989, -1.108365800226864 ], [ -79.452291409469822, -1.108069990106909 ], [ -79.45148917781772, -1.1077412525849 ], [ -79.45071312388022, -1.107254937088589 ], [ -79.450269642990065, -1.10701831658342 ], [ -79.449663256901445, -1.10642703064889 ], [ -79.449298202185133, -1.105914666330721 ], [ -79.449063595329747, -1.105448335679599 ], [ -79.448822472108532, -1.104968868975188 ], [ -79.448705177194157, -1.104719287613584 ], [ -79.448645312851639, -1.10444436547675 ], [ -79.44879685775615, -1.104043006108066 ], [ -79.449077582315468, -1.103636043025623 ], [ -79.449364816332292, -1.103255347748453 ], [ -79.449622755439052, -1.102855200628314 ], [ -79.450043753740843, -1.102316722087543 ], [ -79.450513780321032, -1.101680036244235 ], [ -79.45075543366795, -1.101135159653564 ], [ -79.451055793097225, -1.100603445430067 ], [ -79.451297564548966, -1.099828747208821 ], [ -79.451310879177726, -1.099310015479431 ], [ -79.451154465437554, -1.099014449714422 ], [ -79.450847997180446, -1.098745071113296 ], [ -79.450632905189082, -1.098383812090069 ], [ -79.450386596874964, -1.097873228427542 ], [ -79.45043622788441, -1.097838088722855 ], [ -79.451059237244621, -1.09750459950641 ], [ -79.451795506810484, -1.097138601671256 ], [ -79.452321454505153, -1.096796919846877 ], [ -79.453316740993003, -1.096089100034902 ], [ -79.454053131535019, -1.095486988142458 ], [ -79.45444156614839, -1.095153375142158 ], [ -79.454569455341741, -1.095051785494082 ], [ -79.455016075669022, -1.094754724715275 ], [ -79.455404555070018, -1.094331551568028 ], [ -79.455801186066552, -1.093786254403962 ], [ -79.456189727579968, -1.093240953697861 ], [ -79.456958601152621, -1.092386459380155 ], [ -79.457371420615985, -1.091816744516225 ], [ -79.457614272144141, -1.091450488240536 ], [ -79.458129800706573, -1.091637632924673 ], [ -79.458682081578061, -1.091891030221441 ], [ -79.458725241247691, -1.091965590330618 ], [ -79.458839398875, -1.092162805480307 ], [ -79.458963033921364, -1.092321357060788 ], [ -79.45915408053763, -1.09261579050986 ], [ -79.459210239680246, -1.092762986924212 ], [ -79.459603804635165, -1.092910357561687 ], [ -79.459828707565933, -1.092978397668103 ], [ -79.460065168530235, -1.092978519729657 ], [ -79.460076231888607, -1.092978525440123 ], [ -79.460132373513915, -1.092978554417565 ], [ -79.460357327515169, -1.092944708507794 ], [ -79.46040241881532, -1.092740961527359 ], [ -79.460537479365541, -1.092548581313566 ], [ -79.46080747940843, -1.092401553036325 ], [ -79.461054916114179, -1.092390359338214 ], [ -79.461324841303266, -1.092390498486682 ], [ -79.46152731932014, -1.09232267969837 ], [ -79.462213597837533, -1.091892850792237 ], [ -79.462877485540105, -1.091259239439802 ], [ -79.463316285888126, -1.090919846371981 ], [ -79.463541263877062, -1.09084071842353 ], [ -79.463777477057491, -1.090784236987979 ], [ -79.464137394810081, -1.090750459852337 ], [ -79.464497426482978, -1.090490270389624 ], [ -79.46468869229345, -1.09035452209295 ], [ -79.464843244362882, -1.090054879191259 ], [ -79.464862647632501, -1.089980554588116 ], [ -79.464913928345808, -1.089765965538099 ], [ -79.464914169051951, -1.089290500122799 ], [ -79.464903208805538, -1.08872446401401 ], [ -79.464880943610339, -1.088271628757441 ], [ -79.464869988828028, -1.087694271364837 ], [ -79.464847735766199, -1.087218794439745 ], [ -79.464836711214048, -1.08677728534982 ], [ -79.464915731079998, -1.086199974885367 ], [ -79.465152355043685, -1.085328408330752 ], [ -79.46546770690118, -1.084456882642332 ], [ -79.465647976128693, -1.083823020645731 ], [ -79.465951834766997, -1.083438274803436 ], [ -79.466221845190034, -1.083268602796669 ], [ -79.466671764901434, -1.083178266982709 ], [ -79.467560193813924, -1.083325887371962 ], [ -79.468493616412744, -1.083462210105977 ], [ -79.468940996947012, -1.083496212667182 ], [ -79.468943474947267, -1.083496401139271 ], [ -79.469033535331789, -1.083326637111077 ], [ -79.469236160734596, -1.082964480516449 ], [ -79.469303760902704, -1.082726781613276 ], [ -79.469303885827358, -1.082477727085903 ], [ -79.469259051552427, -1.08217204763584 ], [ -79.469158051134301, -1.081730491063424 ], [ -79.469034489267642, -1.081424771674905 ], [ -79.468978407335356, -1.081119086570257 ], [ -79.468963627671243, -1.081020564236098 ], [ -79.468922360292609, -1.080745477200997 ], [ -79.468922365777701, -1.080734525785617 ], [ -79.468922502025265, -1.080462461479544 ], [ -79.469687311747606, -1.080417566804917 ], [ -79.470260891786126, -1.080440498423941 ], [ -79.470856970080121, -1.080452121825042 ], [ -79.471374224749482, -1.080656155175225 ], [ -79.471947674236674, -1.080939461822362 ], [ -79.472374830452921, -1.08139250362124 ], [ -79.472700598850892, -1.082173794006164 ], [ -79.473127381269137, -1.08337399921251 ], [ -79.473329604179824, -1.083815607006522 ], [ -79.47357690548175, -1.084076108010068 ], [ -79.473925513927782, -1.084166850233267 ], [ -79.474260155406625, -1.084176123754166 ], [ -79.474341644106616, -1.084178381788871 ], [ -79.479270140891927, -1.083991822232812 ], [ -79.479565639649991, -1.083937446673044 ], [ -79.47955722456912, -1.083878962515896 ], [ -79.479404116992427, -1.082814859535688 ], [ -79.479340427192213, -1.081534741542731 ], [ -79.47924652571345, -1.077075560637678 ], [ -79.479275299358207, -1.07685336486049 ], [ -79.482448057821841, -1.075528282733358 ], [ -79.483394444250976, -1.075145531828439 ], [ -79.484716332629006, -1.074577628038254 ], [ -79.485459730603182, -1.074248830025153 ], [ -79.486216683799114, -1.073835704792166 ], [ -79.488186385807211, -1.07128279481279 ], [ -79.489098651480475, -1.070652854702665 ], [ -79.489752686949288, -1.070072553806454 ], [ -79.490703514111061, -1.069226970581183 ], [ -79.49158286741779, -1.068491946202728 ], [ -79.49243469348778, -1.067878561803793 ], [ -79.493182097415485, -1.06734807256206 ], [ -79.4936629674268, -1.066925498113191 ], [ -79.493780183997799, -1.067051866304032 ], [ -79.493787893516284, -1.067060604931736 ], [ -79.493620091610907, -1.066689836523676 ], [ -79.492575726166038, -1.064447429636055 ], [ -79.491803664886959, -1.063074463742285 ], [ -79.491213533468766, -1.061472823144031 ], [ -79.490407340993315, -1.060185628283829 ], [ -79.489385231393427, -1.058915484946389 ], [ -79.488601724068772, -1.057714089810243 ], [ -79.488193166356453, -1.056615821847021 ], [ -79.487511650305507, -1.055997825735024 ], [ -79.486455086904584, -1.055482588901234 ], [ -79.485296433892458, -1.054589842950114 ], [ -79.484069816769292, -1.053250974980405 ], [ -79.482554107608109, -1.051437286514109 ], [ -79.482172204772695, -1.050818012709418 ], [ -79.480668094910115, -1.048134593535827 ], [ -79.479180189800516, -1.041916723679458 ], [ -79.47705173185642, -1.039021503522842 ], [ -79.477564102325601, -1.037200525890156 ], [ -79.477945120768482, -1.035846372289684 ], [ -79.478983534350249, -1.035605692187239 ], [ -79.481060514591064, -1.034802752487098 ], [ -79.482339452449779, -1.03263272535453 ], [ -79.481861076619282, -1.030863822465141 ], [ -79.480505723938251, -1.029422391280862 ], [ -79.480424156873426, -1.029335643812129 ], [ -79.479067374014036, -1.027244746269912 ], [ -79.476512939529115, -1.024349336667123 ], [ -79.476235435519328, -1.023703149135722 ], [ -79.474199288519273, -1.018961836643844 ], [ -79.474519896254449, -1.016550171401881 ], [ -79.474520980556193, -1.014237464920843 ], [ -79.474521741697814, -1.012610869529809 ], [ -79.473564486162459, -1.010118204383978 ], [ -79.470691442402341, -1.005373611038687 ], [ -79.470130615881303, -1.00367740977291 ], [ -79.469096324308609, -1.000549234160403 ], [ -79.469097924285478, -0.997092304624158 ], [ -79.468906128946671, -0.996294318298854 ], [ -79.46882286276508, -0.994486516734631 ], [ -79.468684542325647, -0.992580891947654 ], [ -79.468518522350053, -0.990367002128658 ], [ -79.468185463138923, -0.988153035080652 ], [ -79.46760153891465, -0.986611503679025 ], [ -79.467106775389155, -0.985032321497021 ], [ -79.466708576304157, -0.982539934084652 ], [ -79.467508347568725, -0.980128492838281 ], [ -79.467988901836222, -0.977154146998896 ], [ -79.46846934143592, -0.974420980559545 ], [ -79.469668112020571, -0.972733259842456 ], [ -79.470467507711263, -0.971125749206855 ], [ -79.470548096804222, -0.96951790944714 ], [ -79.471507620478164, -0.96702613684716 ], [ -79.473105251228276, -0.966383708957323 ], [ -79.474224001996248, -0.965017518246422 ], [ -79.475871506624088, -0.961976688559601 ], [ -79.47686699211755, -0.958404067457992 ], [ -79.477169718514162, -0.956580723364729 ], [ -79.477181769479813, -0.956508140111671 ], [ -79.478417404347454, -0.955062521092237 ], [ -79.480088395230098, -0.953634088239018 ], [ -79.481271075712556, -0.952689113769644 ], [ -79.483828387052256, -0.949117167240094 ], [ -79.484113788949571, -0.945830058404261 ], [ -79.484534933213354, -0.944348771255734 ], [ -79.484289810868262, -0.944974933484012 ], [ -79.483426764420955, -0.947054802210168 ], [ -79.483236522047207, -0.947519740667143 ], [ -79.483233577292751, -0.947526938472225 ], [ -79.482921498847446, -0.948289632580302 ], [ -79.482909029949582, -0.94832010478425 ], [ -79.482251416445123, -0.94875080639359 ], [ -79.481927039199647, -0.949024837540904 ], [ -79.481651737755371, -0.949490435103949 ], [ -79.481590378294825, -0.949479177020324 ], [ -79.481469733599511, -0.949418389885869 ], [ -79.48134504258222, -0.949414285710979 ], [ -79.481192176453362, -0.94945065856124 ], [ -79.481055391463087, -0.94950728280344 ], [ -79.48091970895878, -0.949514404697219 ], [ -79.480793941105304, -0.949499069071844 ], [ -79.480733594919712, -0.949523335701168 ], [ -79.48056677094857, -0.949557641182293 ], [ -79.480499884241183, -0.949591267348674 ], [ -79.480473094457864, -0.949685493076872 ], [ -79.48045756937664, -0.949737503274938 ], [ -79.480453003811434, -0.949752797519322 ], [ -79.48035935761169, -0.949813336982105 ], [ -79.480265708469844, -0.949880607949406 ], [ -79.480151986317438, -0.949974796073588 ], [ -79.480038254436224, -0.950089176909758 ], [ -79.479931222596974, -0.950176635551767 ], [ -79.479850959077297, -0.950216988167312 ], [ -79.479843537314039, -0.950219785832547 ], [ -79.479743947837278, -0.950257328023053 ], [ -79.479603493815858, -0.950311116075931 ], [ -79.479476465502159, -0.950250477993201 ], [ -79.479396231431295, -0.950223517299101 ], [ -79.479282509275748, -0.950317704433511 ], [ -79.479213525956354, -0.950352385950351 ], [ -79.479202245766942, -0.950358057016341 ], [ -79.479196179571062, -0.9503511310826 ], [ -79.479101988753143, -0.95024358142697 ], [ -79.478948196247387, -0.950216588124074 ], [ -79.478910566861401, -0.950309443302271 ], [ -79.478874559177612, -0.950398298998852 ], [ -79.478794266217861, -0.950505963925712 ], [ -79.478660499604416, -0.950559754865417 ], [ -79.478580284144016, -0.950492406013308 ], [ -79.478477696884269, -0.950412016533412 ], [ -79.478459957115746, -0.950398115151743 ], [ -79.478359664807542, -0.950364414941913 ], [ -79.478259322413905, -0.950445144909093 ], [ -79.478132237310078, -0.950512400891986 ], [ -79.478045302084055, -0.950519093829683 ], [ -79.477891521443965, -0.950465175357737 ], [ -79.477684223891018, -0.950458352774924 ], [ -79.477483601040248, -0.950478457354073 ], [ -79.477343153913836, -0.950518782237124 ], [ -79.477262855056864, -0.950639909148028 ], [ -79.477244407435393, -0.95066876692868 ], [ -79.477202630107058, -0.950734119849525 ], [ -79.477122366634617, -0.950774472328824 ], [ -79.476998477226644, -0.950766370801091 ], [ -79.47691507119255, -0.950760917265389 ], [ -79.476848179519024, -0.95080800626913 ], [ -79.476857717653431, -0.950851299052825 ], [ -79.476888223177227, -0.950989768305942 ], [ -79.476827988453465, -0.951104172574187 ], [ -79.476680859857638, -0.951131032307502 ], [ -79.476440135288144, -0.951104000230525 ], [ -79.476232837842844, -0.951097176598336 ], [ -79.476105740962652, -0.951191358400598 ], [ -79.476078956940711, -0.951272120882036 ], [ -79.476072192770701, -0.951447130556098 ], [ -79.476071715520618, -0.951447491202234 ], [ -79.476018678778843, -0.951487493952215 ], [ -79.475871576802774, -0.951453772840741 ], [ -79.47577798291637, -0.951393149527565 ], [ -79.475704413630638, -0.951420041900574 ], [ -79.475610763610533, -0.951487312523345 ], [ -79.475497085789115, -0.951480531359833 ], [ -79.47540349577956, -0.951413176549222 ], [ -79.475269749957562, -0.95141984854687 ], [ -79.475156030773931, -0.951507304706851 ], [ -79.475102474503487, -0.951641905397159 ], [ -79.474888439520825, -0.951749510464045 ], [ -79.474774672995821, -0.951944665976878 ], [ -79.474594087833282, -0.952018629300153 ], [ -79.474473731562895, -0.951991650617 ], [ -79.474313270657319, -0.951924266003884 ], [ -79.474231471433896, -0.951852842081132 ], [ -79.474213002235516, -0.951836715529299 ], [ -79.474065909269413, -0.951782799866322 ], [ -79.473996560670557, -0.951835106952098 ], [ -79.473985637854895, -0.951843345747073 ], [ -79.473905344822185, -0.951951009353929 ], [ -79.473778265711218, -0.952004802869081 ], [ -79.473624479494106, -0.95196434718965 ], [ -79.473470714913731, -0.951876771977342 ], [ -79.473450680367094, -0.951816182332544 ], [ -79.473464098596764, -0.95171521954581 ], [ -79.473477535476974, -0.951573869621064 ], [ -79.473424065011315, -0.95151326417954 ], [ -79.473216752143159, -0.951540096880793 ], [ -79.47310308037261, -0.951519852663031 ], [ -79.473103127731662, -0.951412152443831 ], [ -79.473002853472053, -0.951338064081773 ], [ -79.472909278417106, -0.951237054555032 ], [ -79.472775566209947, -0.951169681891191 ], [ -79.472615066099777, -0.951189804851881 ], [ -79.4726016419567, -0.951304229670787 ], [ -79.472608260322886, -0.951459051453601 ], [ -79.472581480111089, -0.951533082284309 ], [ -79.472421000724296, -0.951506086601986 ], [ -79.472240490689572, -0.951411768006763 ], [ -79.472080002450156, -0.951404965877215 ], [ -79.471979654211751, -0.95149915834668 ], [ -79.471952847329277, -0.951633770716866 ], [ -79.471865899560868, -0.951667388471578 ], [ -79.471724319581099, -0.951673263646355 ], [ -79.471705406311472, -0.951674048373214 ], [ -79.471518160683985, -0.951687426913459 ], [ -79.471391067771847, -0.951774876813557 ], [ -79.471263959135186, -0.95189598230918 ], [ -79.47117696779739, -0.952030567758756 ], [ -79.470989689567432, -0.95211798983646 ], [ -79.47087229409361, -0.952156051746841 ], [ -79.470782359971835, -0.95218521029159 ], [ -79.470635231686288, -0.952212069614565 ], [ -79.470427928818339, -0.952218707600301 ], [ -79.470267411005608, -0.952279217425904 ], [ -79.470220574613933, -0.952339777125612 ], [ -79.470193766727562, -0.952474390263803 ], [ -79.470187582905282, -0.952597774487105 ], [ -79.470187019995208, -0.95260901146009 ], [ -79.470200327651199, -0.952638814819423 ], [ -79.47024714500111, -0.952743663451165 ], [ -79.470340719831626, -0.952844673894269 ], [ -79.470420944611746, -0.952891828323714 ], [ -79.47057474453284, -0.952898627648189 ], [ -79.470681735666517, -0.952905406950986 ], [ -79.470715144827011, -0.952966003425539 ], [ -79.47074853230346, -0.953073717564191 ], [ -79.470768540021623, -0.953194888691981 ], [ -79.470741765660421, -0.953255458266208 ], [ -79.470567903642944, -0.953248649048315 ], [ -79.470554511107125, -0.953289030149398 ], [ -79.470594595730304, -0.953376554640678 ], [ -79.470634697279763, -0.953423691147142 ], [ -79.470621293754746, -0.953490997272155 ], [ -79.47060121682749, -0.95352464480453 ], [ -79.470520966194286, -0.953538070973029 ], [ -79.47037384379378, -0.953551468130093 ], [ -79.470320317020139, -0.953618756295126 ], [ -79.470260102887252, -0.953686041463839 ], [ -79.470273447875826, -0.953753359542599 ], [ -79.470206550251362, -0.953813911136785 ], [ -79.470099556144078, -0.9538138632553 ], [ -79.470065168816404, -0.953825961457369 ], [ -79.469965793602228, -0.953860921948972 ], [ -79.469872164397131, -0.953881073578117 ], [ -79.469738437550546, -0.953847357217816 ], [ -79.469664870418811, -0.953867518725104 ], [ -79.469611352557479, -0.953914613316935 ], [ -79.469624673726244, -0.954035781400045 ], [ -79.469671447719108, -0.954116576488665 ], [ -79.469738262055202, -0.954244500013046 ], [ -79.469805112093965, -0.954291648505918 ], [ -79.46985858832123, -0.954338791011005 ], [ -79.469888591511747, -0.954447702859717 ], [ -79.469891970649712, -0.954459968094921 ], [ -79.469891920063105, -0.954574399629588 ], [ -79.469891869470842, -0.954688830259773 ], [ -79.46989182184916, -0.954796529410357 ], [ -79.469911820511555, -0.954937894948237 ], [ -79.469951880342762, -0.955079268574964 ], [ -79.469971896857416, -0.955180246144687 ], [ -79.469925048434817, -0.955267730781313 ], [ -79.46985817159073, -0.955281163763683 ], [ -79.469784634194525, -0.955234011337633 ], [ -79.469737828728498, -0.955252832711764 ], [ -79.469717751398719, -0.955260906370947 ], [ -79.469677595387353, -0.955334931936619 ], [ -79.469670873182679, -0.955415703971171 ], [ -79.469657412069282, -0.955610903622816 ], [ -79.469649256419885, -0.955660022676249 ], [ -79.469630592019016, -0.955772440783255 ], [ -79.469619038350487, -0.95578903865152 ], [ -79.46958375250405, -0.955839732761122 ], [ -79.469476741380063, -0.955880071819113 ], [ -79.469409858570984, -0.955906966822127 ], [ -79.469389745817452, -0.95602138842224 ], [ -79.469403078793562, -0.956115631498 ], [ -79.469423098226528, -0.956209877576082 ], [ -79.469496629641185, -0.956270492087392 ], [ -79.469563491591572, -0.95629071563331 ], [ -79.469593202612444, -0.956288236431215 ], [ -79.469643740190563, -0.956284020171899 ], [ -79.469717271616204, -0.956344634687259 ], [ -79.469677118537206, -0.956411928753238 ], [ -79.469563396162144, -0.956506114803577 ], [ -79.469503188759575, -0.95655993780069 ], [ -79.469295857977201, -0.956627156780147 ], [ -79.469081870583963, -0.956627060674644 ], [ -79.468914722760246, -0.956559673532313 ], [ -79.46886125255125, -0.956499068930132 ], [ -79.468881358480161, -0.956398109414103 ], [ -79.468892736192203, -0.956389307439392 ], [ -79.468968321264313, -0.956330835497873 ], [ -79.469075341339277, -0.956270302961935 ], [ -79.469055315956538, -0.956189518945938 ], [ -79.46895500024263, -0.956209667436748 ], [ -79.468834593527916, -0.956297119867148 ], [ -79.468769212342281, -0.956323410464549 ], [ -79.46873426886836, -0.956337461867348 ], [ -79.46866743976743, -0.956243194793101 ], [ -79.468620800173667, -0.956025594211926 ], [ -79.468614053090818, -0.955994115220268 ], [ -79.468620817990924, -0.955819106191318 ], [ -79.468600819445655, -0.955677741628373 ], [ -79.468500578314959, -0.955529609578858 ], [ -79.46844047233661, -0.955354571454976 ], [ -79.468346861023278, -0.955334335018677 ], [ -79.46825992305925, -0.955347758954882 ], [ -79.468226463338553, -0.955401593934224 ], [ -79.46818630821538, -0.955475619428185 ], [ -79.468146159053433, -0.955536181970887 ], [ -79.468059202297056, -0.955589992925515 ], [ -79.467945506874415, -0.955623597443311 ], [ -79.467898688252248, -0.955643770844535 ], [ -79.467905360689784, -0.95567742940468 ], [ -79.467918701681427, -0.955751478902791 ], [ -79.467992253904129, -0.955764974882438 ], [ -79.468016706739448, -0.955761099641592 ], [ -79.468119318077655, -0.955744837514297 ], [ -79.468233001583087, -0.955738157987074 ], [ -79.468266416576, -0.95578529151067 ], [ -79.468246334531671, -0.955832401014529 ], [ -79.468192816613382, -0.955879495502874 ], [ -79.468119258414347, -0.955879462470119 ], [ -79.468039021814533, -0.955859232915971 ], [ -79.467945411410355, -0.955838997355124 ], [ -79.467902703756479, -0.955848027634799 ], [ -79.467818344258248, -0.95586586527803 ], [ -79.467764821273931, -0.955926421790861 ], [ -79.467677858538693, -0.955993694750627 ], [ -79.467657779470613, -0.956034073667963 ], [ -79.467717948027868, -0.956067756261433 ], [ -79.467791479354688, -0.956128370756131 ], [ -79.467851630906409, -0.956202441286176 ], [ -79.467890986479048, -0.956197177252989 ], [ -79.467951943590123, -0.95618902340689 ], [ -79.467958606167755, -0.956242876389069 ], [ -79.467951889862903, -0.956310185405083 ], [ -79.467905065254655, -0.956343820833232 ], [ -79.467831504070176, -0.95635051925119 ], [ -79.467777983151962, -0.956404344279052 ], [ -79.467691036217715, -0.95643796166651 ], [ -79.467620514358146, -0.956447188344842 ], [ -79.46753722352112, -0.956458086044806 ], [ -79.467483711560533, -0.956491718451114 ], [ -79.467390047409992, -0.956592644818543 ], [ -79.467296395203292, -0.956666646193861 ], [ -79.467253527690829, -0.956697780890876 ], [ -79.467175988506298, -0.956754097567033 ], [ -79.467062293065368, -0.95678770288342 ], [ -79.466961995341791, -0.956767463351678 ], [ -79.466928580399156, -0.956720329829023 ], [ -79.466946075724792, -0.956663185760376 ], [ -79.466955367753513, -0.956632836366405 ], [ -79.467022262478665, -0.95657901648833 ], [ -79.467015610977469, -0.956498239453964 ], [ -79.466948784968721, -0.956397240947021 ], [ -79.466868564247889, -0.956343354912211 ], [ -79.466768248618393, -0.956363503310702 ], [ -79.466685425014973, -0.956422996574689 ], [ -79.466674599427847, -0.956430773188183 ], [ -79.466601044257303, -0.956424009538964 ], [ -79.466520822656591, -0.956370123503389 ], [ -79.466487416685666, -0.95630279649059 ], [ -79.466502351305536, -0.95624777120105 ], [ -79.466507510700978, -0.956228762069894 ], [ -79.466574415261306, -0.956154748696958 ], [ -79.466607903978257, -0.956033601809512 ], [ -79.466634721167395, -0.955878795470527 ], [ -79.466641495108817, -0.955683593104536 ], [ -79.466574695968291, -0.955522014125241 ], [ -79.466514532527739, -0.955474868606969 ], [ -79.46644764681642, -0.955508494091465 ], [ -79.466394128930958, -0.955555588520002 ], [ -79.466320555871306, -0.955589211896314 ], [ -79.466226921668579, -0.955622825346566 ], [ -79.466186775489646, -0.955676657244229 ], [ -79.466200116433697, -0.955750706689234 ], [ -79.466213437365511, -0.955871874601701 ], [ -79.466221079802068, -0.955904250227895 ], [ -79.466246809577129, -0.956013245035829 ], [ -79.466146464107766, -0.956100706293312 ], [ -79.466012752420212, -0.956033334179734 ], [ -79.466011173960226, -0.956030948560123 ], [ -79.465932560728376, -0.955912136203402 ], [ -79.465838980305989, -0.95582458774454 ], [ -79.465731975303044, -0.95585146458651 ], [ -79.465698494647654, -0.95595241792375 ], [ -79.465731888644328, -0.956046669874822 ], [ -79.465733303816421, -0.95606673920253 ], [ -79.465738533251269, -0.956140909793988 ], [ -79.465651574434702, -0.956201452067852 ], [ -79.465544568524891, -0.956228328882134 ], [ -79.465510222228318, -0.956226983954632 ], [ -79.465370706802091, -0.956221519173457 ], [ -79.465156731789577, -0.956194497908859 ], [ -79.465123269948393, -0.956255063326015 ], [ -79.465123225090352, -0.956356031674205 ], [ -79.465203406836935, -0.956497424033358 ], [ -79.46524347617499, -0.956618603941259 ], [ -79.465256790140145, -0.95675323383256 ], [ -79.465229996774056, -0.956854190139734 ], [ -79.465149725278337, -0.956914734464543 ], [ -79.465129618349863, -0.957015693775873 ], [ -79.465163009292723, -0.957116677187916 ], [ -79.465256601622883, -0.957177300739063 ], [ -79.46527486089289, -0.957182322067213 ], [ -79.465330150771962, -0.957197527369077 ], [ -79.465477261050637, -0.957211055671067 ], [ -79.46559090556957, -0.95729188175689 ], [ -79.465624299515952, -0.957386133724579 ], [ -79.465600525182637, -0.957541225315236 ], [ -79.465584060475891, -0.957648632866136 ], [ -79.465553936853325, -0.957793047831472 ], [ -79.465254540152642, -0.957820482669116 ], [ -79.465016638122663, -0.957940084790684 ], [ -79.464888479849094, -0.958133402636147 ], [ -79.464773403841434, -0.958372015193848 ], [ -79.464570285803703, -0.958585368730792 ], [ -79.464344597589417, -0.958825959842541 ], [ -79.464227206349804, -0.959025728082437 ], [ -79.463938389727346, -0.959189087211012 ], [ -79.463545870409689, -0.95920707472735 ], [ -79.462900769982014, -0.959070542272992 ], [ -79.462354827809193, -0.959152039687589 ], [ -79.461962345752013, -0.959290448005704 ], [ -79.461279397994176, -0.959541246629057 ], [ -79.460967525958537, -0.959672129503218 ], [ -79.460632210894758, -0.959708733332062 ], [ -79.460116203994787, -0.959702904879813 ], [ -79.459681182732638, -0.959639216101009 ], [ -79.45902435974584, -0.959431660639674 ], [ -79.458475454100764, -0.959076113892126 ], [ -79.457897197201376, -0.958582381641377 ], [ -79.457730627573909, -0.958335571588757 ], [ -79.457397606605497, -0.957575477722203 ], [ -79.457035207596931, -0.956736414936602 ], [ -79.456692382364835, -0.95597631706108 ], [ -79.456236053600506, -0.955084645921972 ], [ -79.455762119175546, -0.954017924485589 ], [ -79.455419045424023, -0.953123489773719 ], [ -79.455289172732492, -0.952879058261579 ], [ -79.454972208669275, -0.952282502728395 ], [ -79.454381892264294, -0.951589859307607 ], [ -79.454292236866337, -0.951484663649395 ], [ -79.454096109604251, -0.951199226904605 ], [ -79.453939496563919, -0.950971297851858 ], [ -79.453772997276474, -0.950566578190764 ], [ -79.45362605874368, -0.950270430351398 ], [ -79.453126187758357, -0.949895168732408 ], [ -79.452600193836247, -0.949617219405915 ], [ -79.452322394576385, -0.949470423652852 ], [ -79.451420568000671, -0.949016026393056 ], [ -79.451286214707267, -0.948905274053279 ], [ -79.450693957167772, -0.948893083510055 ], [ -79.450290808482649, -0.949015271911182 ], [ -79.44987673031838, -0.949140773514342 ], [ -79.449202180446875, -0.949375471706359 ], [ -79.448579568992358, -0.949479636403802 ], [ -79.448151602753768, -0.949374997171431 ], [ -79.447788533524516, -0.949165942313524 ], [ -79.44750328403191, -0.948956921747161 ], [ -79.447386629341992, -0.948787145811882 ], [ -79.447308065801977, -0.948593587049203 ], [ -79.447270026141368, -0.948499867348374 ], [ -79.447236789396683, -0.948312027664508 ], [ -79.447205338783206, -0.948134279123001 ], [ -79.447192525603299, -0.947781770172635 ], [ -79.44714086651318, -0.947285630363081 ], [ -79.447141097424506, -0.946766872455672 ], [ -79.447141261610611, -0.946397844273265 ], [ -79.447193484125194, -0.945627582271252 ], [ -79.447258712246736, -0.944778991937975 ], [ -79.44728327870078, -0.944514443139342 ], [ -79.447310841442203, -0.944217620549167 ], [ -79.447311119438893, -0.943590947528211 ], [ -79.447103940115824, -0.942820568911247 ], [ -79.446715162113151, -0.942089276451963 ], [ -79.446404083048563, -0.941632188002568 ], [ -79.446105951099028, -0.941227327898225 ], [ -79.445950582033959, -0.940613641286014 ], [ -79.445626498148087, -0.940234881402854 ], [ -79.445133774719636, -0.939921324263789 ], [ -79.444822506147688, -0.939895073986808 ], [ -79.444687884939171, -0.939956431904666 ], [ -79.44384955624659, -0.940338530138046 ], [ -79.443071210397662, -0.940664572501669 ], [ -79.442707840441429, -0.941134412200818 ], [ -79.442422279849907, -0.941630399223604 ], [ -79.442237389576462, -0.942076505317394 ], [ -79.442162601464176, -0.942256954021186 ], [ -79.4419159095347, -0.942844347069666 ], [ -79.441811980566712, -0.94322291412785 ], [ -79.441759850903239, -0.943784283989017 ], [ -79.441422222575753, -0.944698027158773 ], [ -79.440734612850079, -0.945141608369667 ], [ -79.440204045969594, -0.945255176256194 ] ] ] ] } }
]
}
